[{"name":"Western Digital My Book Duo","price":1609.98,"type":"Desktop","interface":"USB Type-A 3.2 Gen 1, USB Type-C 3.2 Gen 1","capacity":36000,"price_per_gb":0.045,"color":"Black"},{"name":"Western Digital My Book Duo","price":829.99,"type":"Desktop","interface":"USB Type-A 3.2 Gen 1, USB Type-C 3.2 Gen 1","capacity":24000,"price_per_gb":0.035,"color":"Black"},{"name":"Western Digital ELEMENTS","price":54.99,"type":"Portable","interface":"USB Type-A 3.2 Gen 1","capacity":1000,"price_per_gb":0.055,"color":null},{"name":"Western Digital WD_BLACK P10","price":119.99,"type":"Portable","interface":"USB Type-A 3.2 Gen 1","capacity":5000,"price_per_gb":0.024,"color":"Black"},{"name":"Western Digital My Book Duo","price":719.99,"type":"Desktop","interface":"USB Type-A 3.2 Gen 1, USB Type-C 3.2 Gen 1","capacity":20000,"price_per_gb":0.036,"color":"Black"},{"name":"Corsair EX100U","price":324.99,"type":"Portable","interface":"USB Type-C 3.2 Gen 2x2","capacity":4000,"price_per_gb":0.081,"color":"Black"},{"name":"Seagate Backup Plus Portable","price":89,"type":"Portable","interface":"USB Type-A 3.2 Gen 1","capacity":4000,"price_per_gb":0.022,"color":"Black"},{"name":"Sabrent Rocket XTRM-Q","price":null,"type":"Desktop","interface":"USB Type-C 3.2 Gen 2","capacity":16000,"price_per_gb":null,"color":null},{"name":"Samsung T7 Shield","price":129.99,"type":"Portable","interface":"USB Type-C 3.2 Gen 2","capacity":2000,"price_per_gb":0.065,"color":"Black"},{"name":"Western Digital ELEMENTS","price":159.99,"type":"Desktop","interface":"USB Type-A 3.2 Gen 1","capacity":8000,"price_per_gb":0.02,"color":"Black"},{"name":"Western Digital easystore","price":299.99,"type":"Desktop","interface":"USB Type-A 2.0, USB Type-A 3.2 Gen 1","capacity":18000,"price_per_gb":0.017,"color":"Black"},{"name":"SanDisk G-DRIVE ArmorLock","price":379.99,"type":"Portable","interface":"USB Type-C 3.2 Gen 1","capacity":4000,"price_per_gb":0.095,"color":"Black / Yellow"},{"name":"Western Digital easystore","price":249.99,"type":"Desktop","interface":"USB Type-A 3.2 Gen 1","capacity":14000,"price_per_gb":0.018,"color":"Black"},{"name":"Western Digital My Passport","price":96.8,"type":"Portable","interface":"USB Type-A 3.2 Gen 1","capacity":4000,"price_per_gb":0.024,"color":"Black"},{"name":"Western Digital WD_BLACK P10","price":61.85,"type":"Portable","interface":"USB Type-A 3.2 Gen 1","capacity":2000,"price_per_gb":0.031,"color":"Black"},{"name":"SanDisk Extreme Portable V2","price":239.99,"type":"Portable","interface":"USB Type-C 3.2 Gen 1","capacity":4000,"price_per_gb":0.06,"color":"Black / Orange"},{"name":"Crucial X6","price":179.99,"type":"Portable","interface":"USB Type-C 3.2 Gen 2","capacity":4000,"price_per_gb":0.045,"color":"Black"},{"name":"Crucial X8","price":99.99,"type":"Portable","interface":"USB Type-A 3.2 Gen 1, USB Type-C 3.2 Gen 2","capacity":2000,"price_per_gb":0.05,"color":"Black"},{"name":"Seagate One Touch","price":399.99,"type":"Desktop","interface":"USB Type-A 3.2 Gen 1","capacity":18000,"price_per_gb":0.022,"color":"Black"},{"name":"Western Digital My Book","price":423.13,"type":"Desktop","interface":"USB Type-A 3.2 Gen 1","capacity":10000,"price_per_gb":0.042,"color":"Black"},{"name":"Corsair EX100U","price":109.99,"type":"Portable","interface":"USB Type-C 3.2 Gen 2x2","capacity":2000,"price_per_gb":0.055,"color":"Black"},{"name":"Seagate Backup Plus","price":62,"type":"Portable","interface":"USB Type-A 3.2 Gen 1","capacity":2000,"price_per_gb":0.031,"color":null},{"name":"Samsung T5","price":278,"type":"Portable","interface":"USB Type-C 3.2 Gen 1","capacity":1000,"price_per_gb":0.278,"color":null},{"name":"Verbatim Vx460","price":33.04,"type":"Portable","interface":"USB Type-A 3.2 Gen 1","capacity":128,"price_per_gb":0.258,"color":"Black"},{"name":"SanDisk Extreme Portable V2","price":84.99,"type":"Portable","interface":"USB Type-C 3.2 Gen 1","capacity":1000,"price_per_gb":0.085,"color":"Black / Orange"},{"name":"Seagate One Touch","price":99.99,"type":"Portable","interface":"USB Type-A 3.2 Gen 1","capacity":4000,"price_per_gb":0.025,"color":"Black"},{"name":"Western Digital ELEMENTS","price":234.73,"type":"Desktop","interface":"USB Type-A 3.2 Gen 2","capacity":14000,"price_per_gb":0.017,"color":"Black"},{"name":"Seagate One Touch","price":349.99,"type":"Desktop","interface":"USB Type-A 3.2 Gen 1","capacity":16000,"price_per_gb":0.022,"color":"Black"},{"name":"Samsung T7 Portable","price":169.95,"type":"Portable","interface":"USB Type-C 3.2 Gen 2","capacity":2000,"price_per_gb":0.085,"color":"Black"},{"name":"Western Digital My Passport","price":114.49,"type":"Portable","interface":"USB Type-A 3.2 Gen 1","capacity":5000,"price_per_gb":0.023,"color":"Black"},{"name":"Corsair EX100U","price":59.99,"type":"Portable","interface":"USB Type-C 3.2 Gen 2x2","capacity":1000,"price_per_gb":0.06,"color":"Black"},{"name":"Western Digital My Passport","price":52,"type":"Portable","interface":"USB Type-A 3.2 Gen 1","capacity":1000,"price_per_gb":0.052,"color":"Black"},{"name":"Western Digital My Book","price":160.72,"type":"Desktop","interface":"USB Type-A 3.2 Gen 1","capacity":8000,"price_per_gb":0.02,"color":"Black"},{"name":"Western Digital My Book Thunderbolt Duo","price":429.99,"type":"Desktop","interface":"Thunderbolt","capacity":4000,"price_per_gb":0.107,"color":null},{"name":"Western Digital ELEMENTS","price":204.3,"type":"Desktop","interface":"USB Type-A 3.2 Gen 1","capacity":12000,"price_per_gb":0.017,"color":null},{"name":"Western Digital WD_BLACK D10","price":259.99,"type":"Desktop","interface":"USB Type-A 3.2 Gen 2","capacity":12000,"price_per_gb":0.022,"color":"Black"},{"name":"Western Digital ELEMENTS","price":null,"type":"Portable","interface":"USB Type-A 3.2 Gen 1","capacity":2000,"price_per_gb":null,"color":null},{"name":"Western Digital My Book","price":98.05,"type":"Desktop","interface":"USB Type-A 3.2 Gen 1","capacity":4000,"price_per_gb":0.025,"color":"Black"},{"name":"Samsung T7 Portable","price":119.99,"type":"Portable","interface":"USB Type-C 3.2 Gen 1","capacity":2000,"price_per_gb":0.06,"color":"Blue / Silver"},{"name":"Samsung T7 Portable","price":119.99,"type":"Portable","interface":"USB Type-C 3.2 Gen 1","capacity":2000,"price_per_gb":0.06,"color":"Black / Silver"},{"name":"Seagate Backup Plus Slim","price":52,"type":"Portable","interface":"USB Type-A 3.2 Gen 1","capacity":1000,"price_per_gb":0.052,"color":"Black"},{"name":"Western Digital My Book","price":211.99,"type":"Desktop","interface":"USB Type-A 3.2 Gen 2","capacity":12000,"price_per_gb":0.018,"color":"Black"},{"name":"Western Digital WD_BLACK D10","price":179.77,"type":"Desktop","interface":"USB Type-A 3.2 Gen 2","capacity":8000,"price_per_gb":0.022,"color":"Black"},{"name":"Crucial X6","price":54.99,"type":"Portable","interface":"USB Type-C 3.2 Gen 2","capacity":1000,"price_per_gb":0.055,"color":"Black"},{"name":"Western Digital ‎WDBU6Y0050BBK-WESN","price":109.99,"type":"Portable","interface":"USB Type-A 3.2 Gen 1","capacity":5000,"price_per_gb":0.022,"color":"Black"},{"name":"Samsung T7 Portable","price":79,"type":"Portable","interface":"USB Type-C 3.2 Gen 1","capacity":1000,"price_per_gb":0.079,"color":"Blue / Silver"},{"name":"Western Digital ELEMENTS","price":188.48,"type":"Desktop","interface":"USB Type-A 3.2 Gen 1","capacity":10000,"price_per_gb":0.019,"color":"Black"},{"name":"Crucial X6","price":89.99,"type":"Portable","interface":"USB Type-C 3.2 Gen 2","capacity":2000,"price_per_gb":0.045,"color":"Black"},{"name":"Western Digital My Passport","price":69,"type":"Portable","interface":"USB Type-A 3.2 Gen 1","capacity":2000,"price_per_gb":0.035,"color":"Black"},{"name":"Western Digital My Book Duo","price":1294.15,"type":"Desktop","interface":"USB Type-A 3.2 Gen 1, USB Type-C 3.2 Gen 1","capacity":28000,"price_per_gb":0.046,"color":"Black"},{"name":"Toshiba Canvio Basics 3.0","price":101,"type":"Portable","interface":null,"capacity":2000,"price_per_gb":0.05,"color":null},{"name":"Samsung T7 Portable","price":79.98,"type":"Portable","interface":"USB Type-C 3.2 Gen 1","capacity":1000,"price_per_gb":0.08,"color":"Black / Silver"},{"name":"Samsung T5","price":452,"type":"Portable","interface":"USB Type-C 3.2 Gen 1","capacity":2000,"price_per_gb":0.226,"color":"Black"},{"name":"Western Digital My Book","price":279.99,"type":"Desktop","interface":"USB Type-A 3.2 Gen 2","capacity":14000,"price_per_gb":0.02,"color":"Black"},{"name":"Freecom Mobile Drive Classic 3.0","price":null,"type":"Portable","interface":"USB Type-A 3.2 Gen 1","capacity":1000,"price_per_gb":null,"color":"Black"},{"name":"SanDisk Extreme Portable V2","price":124.99,"type":"Portable","interface":"USB Type-C 3.2 Gen 1","capacity":2000,"price_per_gb":0.062,"color":"Black / Orange"},{"name":"Seagate One Touch","price":62,"type":"Portable","interface":"USB Type-A 3.2 Gen 1","capacity":2000,"price_per_gb":0.031,"color":"Black"},{"name":"Samsung T7 Shield","price":129.99,"type":"Portable","interface":"USB Type-C 3.2 Gen 2","capacity":2000,"price_per_gb":0.065,"color":"Beige"},{"name":"Seagate One Touch","price":169.99,"type":"Desktop","interface":"USB Type-A 3.2 Gen 1","capacity":8000,"price_per_gb":0.021,"color":"Black"},{"name":"Crucial X8","price":59.99,"type":"Portable","interface":"USB Type-A 3.2 Gen 1, USB Type-C 3.2 Gen 2","capacity":1000,"price_per_gb":0.06,"color":"Black"},{"name":"Western Digital WD_BLACK P50","price":199.99,"type":"Portable","interface":"USB Type-C 3.2 Gen 1","capacity":1000,"price_per_gb":0.2,"color":"Black / Silver"},{"name":"Western Digital ELEMENTS","price":114.99,"type":"Desktop","interface":"USB Type-A 3.2 Gen 1","capacity":4000,"price_per_gb":0.029,"color":null},{"name":"Seagate GoFlex for Mac","price":807.69,"type":"Portable","interface":"Thunderbolt","capacity":1000,"price_per_gb":0.808,"color":null},{"name":"Seagate Barracuda Fast","price":null,"type":"Portable","interface":"USB Type-C","capacity":2000,"price_per_gb":null,"color":"Black"},{"name":"Crucial X6","price":39.99,"type":"Portable","interface":"USB Type-C 3.2 Gen 2","capacity":500,"price_per_gb":0.08,"color":"Black"},{"name":"Seagate One Touch","price":303.58,"type":"Desktop","interface":"USB Type-A 3.2 Gen 1","capacity":14000,"price_per_gb":0.022,"color":"Black"},{"name":"Seagate Backup Plus Hub","price":188.99,"type":"Desktop","interface":"USB Type-A 3.2 Gen 2","capacity":8000,"price_per_gb":0.024,"color":null},{"name":"Seagate Expansion","price":148.88,"type":"Desktop","interface":"USB Type-A 3.2 Gen 1","capacity":4000,"price_per_gb":0.037,"color":null},{"name":"Western Digital My Book Duo","price":484.99,"type":"Desktop","interface":"USB Type-A 3.2 Gen 1, USB Type-C 3.2 Gen 1","capacity":16000,"price_per_gb":0.03,"color":"Black"},{"name":"Seagate Expansion","price":223.76,"type":"Desktop","interface":"USB Type-A 3.2 Gen 1","capacity":8000,"price_per_gb":0.028,"color":null},{"name":"Western Digital Elements Portable","price":93.12,"type":"Portable","interface":"USB Type-A 3.2 Gen 1","capacity":4000,"price_per_gb":0.023,"color":"Black"},{"name":"Western Digital My Book","price":139.99,"type":"Desktop","interface":"USB Type-A 3.2 Gen 1","capacity":6000,"price_per_gb":0.023,"color":"Black"},{"name":"Samsung T7 Shield","price":89.99,"type":"Portable","interface":"USB Type-C 3.2 Gen 2","capacity":1000,"price_per_gb":0.09,"color":"Blue"},{"name":"Buslink DL-4TSDU31G2","price":599.88,"type":"Portable","interface":"USB Type-A 3.2 Gen 2","capacity":4000,"price_per_gb":0.15,"color":"Black"},{"name":"Samsung T7 Portable","price":39.99,"type":"Portable","interface":"USB Type-C 3.2 Gen 1","capacity":500,"price_per_gb":0.08,"color":"Red / Silver"},{"name":"Seagate One Touch","price":179,"type":"Portable","interface":"USB Type-A 3.2 Gen 1","capacity":5000,"price_per_gb":0.036,"color":"Red"},{"name":"Western Digital My Passport","price":null,"type":"Portable","interface":"USB Type-A 3.2 Gen 1","capacity":5000,"price_per_gb":null,"color":"White"},{"name":"Seagate One Touch","price":124.99,"type":"Desktop","interface":"USB Type-A 3.2 Gen 1","capacity":4000,"price_per_gb":0.031,"color":"Black"},{"name":"Seagate One Touch","price":129.99,"type":"Portable","interface":"USB Type-A 3.2 Gen 1","capacity":5000,"price_per_gb":0.026,"color":"Black"},{"name":"Western Digital WD_BLACK P10","price":112.99,"type":"Portable","interface":"USB Type-A 3.2 Gen 1","capacity":4000,"price_per_gb":0.028,"color":"Black"},{"name":"Seagate Backup Plus Portable","price":118,"type":"Portable","interface":"USB Type-A 3.2 Gen 1","capacity":5000,"price_per_gb":0.024,"color":"Black"},{"name":"Seagate One Touch","price":52,"type":"Portable","interface":"USB Type-A 3.2 Gen 1","capacity":1000,"price_per_gb":0.052,"color":"Black"},{"name":"Samsung T7 Portable","price":79.98,"type":"Portable","interface":"USB Type-C 3.2 Gen 1","capacity":1000,"price_per_gb":0.08,"color":"Red / Silver"},{"name":"Seagate Expansion","price":488.88,"type":"Desktop","interface":"USB Type-A 3.2 Gen 1","capacity":16000,"price_per_gb":0.031,"color":"Black"},{"name":"Seagate One Touch","price":279.99,"type":"Desktop","interface":"USB Type-A 3.2 Gen 1","capacity":10000,"price_per_gb":0.028,"color":"Black"},{"name":"Samsung T7 Portable","price":299,"type":"Portable","interface":"USB Type-C 3.2 Gen 2","capacity":2000,"price_per_gb":0.149,"color":"Silver"},{"name":"Western Digital easystore","price":226.99,"type":"Desktop","interface":"USB Type-A 3.2 Gen 1","capacity":12000,"price_per_gb":0.019,"color":null},{"name":"Western Digital ELEMENTS","price":null,"type":"Portable","interface":"USB Type-A 3.2 Gen 1","capacity":1000,"price_per_gb":null,"color":null},{"name":"Western Digital My Book","price":147,"type":"Desktop","interface":"USB Type-A 3.2 Gen 1","capacity":4000,"price_per_gb":0.037,"color":null},{"name":"Seagate Expansion","price":null,"type":"Desktop","interface":"USB Type-A 3.2 Gen 1","capacity":14000,"price_per_gb":null,"color":"Black"},{"name":"Western Digital ELEMENTS","price":null,"type":"Portable","interface":"USB Type-A 3.2 Gen 1","capacity":500,"price_per_gb":null,"color":null},{"name":"SanDisk Extreme 900","price":null,"type":"Portable","interface":"USB Type-A 3.2 Gen 2","capacity":1920,"price_per_gb":null,"color":null},{"name":"Seagate Backup Plus","price":null,"type":"Portable","interface":"USB Type-A 3.2 Gen 1","capacity":4000,"price_per_gb":null,"color":null},{"name":"Sabrent ROCKET XTRM","price":null,"type":"Portable","interface":"Thunderbolt","capacity":4000,"price_per_gb":null,"color":"Silver"},{"name":"Verbatim Vx460","price":50.05,"type":"Portable","interface":"USB Type-A 3.2 Gen 1","capacity":512,"price_per_gb":0.098,"color":"Black"},{"name":"Western Digital easystore","price":null,"type":"Desktop","interface":"USB Type-A 2.0, USB Type-A 3.2 Gen 1","capacity":16000,"price_per_gb":null,"color":"Black"},{"name":"Seagate One Touch","price":159.99,"type":"Desktop","interface":"USB Type-A 3.2 Gen 1","capacity":6000,"price_per_gb":0.027,"color":"Black"},{"name":"SanDisk Extreme Portable V2","price":59.99,"type":"Portable","interface":"USB Type-C 3.2 Gen 1","capacity":500,"price_per_gb":0.12,"color":"Black / Orange"},{"name":"ADATA DashDrive Durable HD650","price":55.95,"type":"Portable","interface":"USB Type-A 3.2 Gen 1","capacity":1000,"price_per_gb":0.056,"color":null},{"name":"Samsung T7 Portable","price":69.78,"type":"Portable","interface":"USB Type-C 3.2 Gen 1","capacity":500,"price_per_gb":0.14,"color":"Blue / Silver"},{"name":"Seagate One Touch","price":65.94,"type":"Portable","interface":"USB Type-A 3.2 Gen 1","capacity":2000,"price_per_gb":0.033,"color":"Silver"},{"name":"Samsung T7 Shield","price":89.99,"type":"Portable","interface":"USB Type-C 3.2 Gen 2","capacity":1000,"price_per_gb":0.09,"color":"Black"},{"name":"ADATA DashDrive Durable HD650","price":55.95,"type":"Portable","interface":"USB Type-A 3.2 Gen 1","capacity":1000,"price_per_gb":0.056,"color":null},{"name":"Western Digital My Passport","price":77.98,"type":"Portable","interface":"USB Type-A 3.2 Gen 1","capacity":2000,"price_per_gb":0.039,"color":"Blue"},{"name":"Western Digital My Passport","price":123,"type":"Portable","interface":"USB Type-A 3.2 Gen 1","capacity":4000,"price_per_gb":0.031,"color":"White"},{"name":"Toshiba Canvio Desk","price":null,"type":"Desktop","interface":"USB Type-A 3.2 Gen 1","capacity":4000,"price_per_gb":null,"color":null},{"name":"Seagate Expansion","price":null,"type":"Desktop","interface":"USB Type-A 3.2 Gen 1","capacity":2000,"price_per_gb":null,"color":null},{"name":"Toshiba Canvio Basics","price":101,"type":"Portable","interface":"USB Type-A 3.2 Gen 1","capacity":1000,"price_per_gb":0.101,"color":null},{"name":"Western Digital My Passport Ultra Portable","price":117.98,"type":"Portable","interface":"USB Type-A 3.2 Gen 1","capacity":2000,"price_per_gb":0.059,"color":null},{"name":"LaCie Rugged Mini","price":99.99,"type":"Portable","interface":"USB Type-A 3.2 Gen 1","capacity":2000,"price_per_gb":0.05,"color":"Orange / Silver"},{"name":"LaCie 5big","price":null,"type":"Desktop","interface":"Thunderbolt","capacity":25000,"price_per_gb":null,"color":null},{"name":"Western Digital My Passport","price":149,"type":"Portable","interface":"USB Type-A 3.2 Gen 1","capacity":4000,"price_per_gb":0.037,"color":"Black"},{"name":"Toshiba Canvio Connect II","price":120.98,"type":"Portable","interface":"USB Type-A 3.2 Gen 1","capacity":1000,"price_per_gb":0.121,"color":"Black"},{"name":"Samsung T7 Portable","price":119.99,"type":"Portable","interface":"USB Type-C 3.2 Gen 1","capacity":2000,"price_per_gb":0.06,"color":"Red / Silver"},{"name":"Western Digital easystore","price":180.99,"type":"Desktop","interface":"USB Type-A 3.2 Gen 1","capacity":8000,"price_per_gb":0.023,"color":null},{"name":"Samsung T7 Portable","price":69.98,"type":"Portable","interface":"USB Type-C 3.2 Gen 1","capacity":500,"price_per_gb":0.14,"color":"Black / Silver"},{"name":"Western Digital My Passport","price":74.98,"type":"Portable","interface":"USB Type-A 3.2 Gen 1","capacity":2000,"price_per_gb":0.037,"color":"Red"},{"name":"Seagate STEB6000403","price":166.66,"type":"Desktop","interface":"USB Type-A 3.2 Gen 1","capacity":6000,"price_per_gb":0.028,"color":"Black"},{"name":"Seagate Backup Plus","price":239.99,"type":"Desktop","interface":"USB Type-A 3.2 Gen 1","capacity":8000,"price_per_gb":0.03,"color":null},{"name":"Seagate Backup Plus Portable","price":null,"type":"Portable","interface":"USB Type-A 3.2 Gen 1","capacity":5000,"price_per_gb":null,"color":"Blue / White"},{"name":"Buffalo Technology DriveStation Combo 4","price":370.69,"type":"Desktop","interface":"IEEE 1394A 6-Pin, IEEE 1394B 9-Pin, eSATA 3.0 Gb/s, USB Type-A 2.0","capacity":2000,"price_per_gb":0.185,"color":null},{"name":"Buffalo Technology DriveStation","price":null,"type":"Desktop","interface":"Thunderbolt","capacity":1000,"price_per_gb":null,"color":null},{"name":"Seagate FreeAgent GoFlex Desk","price":null,"type":"Desktop","interface":"USB Type-A 2.0","capacity":1000,"price_per_gb":null,"color":null},{"name":"Seagate Expansion","price":null,"type":"Desktop","interface":"USB Type-A 3.2 Gen 1","capacity":4000,"price_per_gb":null,"color":null},{"name":"Seagate Backup Plus Hub","price":354.99,"type":"Desktop","interface":"USB Type-A 3.2 Gen 1","capacity":10000,"price_per_gb":0.035,"color":"Black"},{"name":"Western Digital My Book","price":147.88,"type":"Desktop","interface":"USB Type-A 3.2 Gen 1","capacity":3000,"price_per_gb":0.049,"color":"Black"},{"name":"Western Digital easystore","price":null,"type":"Desktop","interface":"USB Type-A 3.2 Gen 2","capacity":10000,"price_per_gb":null,"color":"Black"},{"name":"Toshiba Canvio Basics 3.0","price":null,"type":"Portable","interface":"USB Type-A 3.2 Gen 1","capacity":2000,"price_per_gb":null,"color":null},{"name":"Samsung T3 Portable","price":null,"type":"Portable","interface":"USB Type-C 3.2 Gen 1","capacity":2000,"price_per_gb":null,"color":null},{"name":"Seagate One Touch","price":null,"type":"Portable","interface":"USB Type-A 3.2 Gen 1","capacity":4000,"price_per_gb":null,"color":"Gray"},{"name":"Seagate One Touch","price":79.99,"type":"Portable","interface":"USB Type-A 3.2 Gen 2, USB Type-C 3.2 Gen 2","capacity":1000,"price_per_gb":0.08,"color":"Black"},{"name":"Seagate Expansion","price":299.6,"type":"Desktop","interface":"USB Type-A 3.2 Gen 1","capacity":10000,"price_per_gb":0.03,"color":"Black"},{"name":"Western Digital My Passport","price":67.95,"type":"Portable","interface":"USB Type-A 3.2 Gen 1","capacity":1000,"price_per_gb":0.068,"color":"Blue"},{"name":"Samsung T7 Portable","price":154.77,"type":"Portable","interface":"USB Type-C 3.2 Gen 2","capacity":1000,"price_per_gb":0.155,"color":"Black"},{"name":"Verbatim Vx460","price":39.99,"type":"Portable","interface":"USB Type-A 3.2 Gen 1","capacity":256,"price_per_gb":0.156,"color":"Black"},{"name":"Western Digital My Book","price":172.99,"type":"Desktop","interface":"USB Type-A 3.2 Gen 1","capacity":2000,"price_per_gb":0.086,"color":null},{"name":"Western Digital My Book","price":169.99,"type":"Desktop","interface":"USB Type-A 3.2 Gen 1","capacity":3000,"price_per_gb":0.057,"color":null},{"name":"Western Digital ELEMENTS","price":243.79,"type":"Desktop","interface":"USB Type-A 3.2 Gen 1","capacity":5000,"price_per_gb":0.049,"color":null},{"name":"Seagate Expansion","price":null,"type":"Desktop","interface":"USB Type-A 3.2 Gen 1","capacity":5000,"price_per_gb":null,"color":null},{"name":"Seagate Expansion","price":207.98,"type":"Desktop","interface":"USB Type-A 3.2 Gen 1","capacity":3000,"price_per_gb":0.069,"color":null},{"name":"Western Digital My Book Duo","price":688,"type":"Desktop","interface":"USB Type-A 3.2 Gen 1, USB Type-C 3.2 Gen 1","capacity":8000,"price_per_gb":0.086,"color":"Black"},{"name":"Samsung T7 Shield","price":89.99,"type":"Portable","interface":"USB Type-C 3.2 Gen 2","capacity":1000,"price_per_gb":0.09,"color":"Beige"},{"name":"LaCie 2big","price":null,"type":"Desktop","interface":"Thunderbolt","capacity":10000,"price_per_gb":null,"color":null},{"name":"Seagate Backup Plus","price":169.74,"type":"Desktop","interface":"USB Type-A 3.2 Gen 1","capacity":3000,"price_per_gb":0.057,"color":null},{"name":"Apricom Aegis Padlock DT","price":175.99,"type":"Desktop","interface":"USB Type-A 3.2 Gen 1","capacity":2000,"price_per_gb":0.088,"color":null},{"name":"Western Digital easystore","price":null,"type":"Desktop","interface":"USB Type-A 3.2 Gen 1","capacity":4000,"price_per_gb":null,"color":"Black"},{"name":"Western Digital My Book Duo","price":null,"type":"Desktop","interface":"USB Type-A 3.2 Gen 1, USB Type-C 3.2 Gen 1","capacity":12000,"price_per_gb":null,"color":"Black"},{"name":"LaCie Rugged","price":null,"type":"Portable","interface":"Thunderbolt, USB Type-A 3.2 Gen 1","capacity":120,"price_per_gb":null,"color":null},{"name":"LaCie Rugged","price":null,"type":"Portable","interface":"Thunderbolt, USB Type-A 3.2 Gen 1","capacity":2000,"price_per_gb":null,"color":null},{"name":"Seagate Expansion","price":null,"type":"Portable","interface":"USB Type-A 3.2 Gen 1","capacity":1000,"price_per_gb":null,"color":null},{"name":"ADATA AHV620-2TU3-CBK","price":152,"type":"Portable","interface":"USB Type-A 3.2 Gen 1","capacity":2000,"price_per_gb":0.076,"color":null},{"name":"Seagate STDR5000100","price":null,"type":"Portable","interface":null,"capacity":5000,"price_per_gb":null,"color":null},{"name":"ADATA SD700","price":null,"type":"Portable","interface":"USB Type-A 3.2 Gen 1","capacity":256,"price_per_gb":null,"color":null},{"name":"Seagate Backup Plus Portable","price":null,"type":"Portable","interface":"USB Type-A 3.2 Gen 1","capacity":5000,"price_per_gb":null,"color":"Silver"},{"name":"Seagate Backup Plus Portable","price":null,"type":"Portable","interface":"USB Type-A 3.2 Gen 1","capacity":5000,"price_per_gb":null,"color":"Black"},{"name":"Apricom Aegis Padlock","price":294.99,"type":"Portable","interface":"USB Type-A 3.2 Gen 1","capacity":512,"price_per_gb":0.576,"color":"Black"},{"name":"Seagate Backup Plus Ultra Touch","price":99,"type":"Portable","interface":"USB Type-A 3.2 Gen 1","capacity":2000,"price_per_gb":0.05,"color":"White"},{"name":"Seagate Game Drive Xbox GamePass Edition","price":194.9,"type":"Portable","interface":"USB Type-A 3.2 Gen 1","capacity":4000,"price_per_gb":0.049,"color":"White"},{"name":"Seagate One Touch","price":115.79,"type":"Portable","interface":"USB Type-A 3.2 Gen 1","capacity":2000,"price_per_gb":0.058,"color":"Blue"},{"name":"Western Digital ELEMENTS","price":129.99,"type":"Desktop","interface":"USB Type-A 3.2 Gen 1","capacity":6000,"price_per_gb":0.022,"color":"Black"},{"name":"Seagate One Touch","price":129.99,"type":"Portable","interface":"USB Type-A 3.2 Gen 1","capacity":4000,"price_per_gb":0.032,"color":"Silver"},{"name":"Western Digital easystore","price":169.99,"type":"Desktop","interface":"USB Type-A 2.0, USB Type-A 3.2 Gen 1","capacity":8000,"price_per_gb":0.021,"color":"Black"},{"name":"Western Digital My Passport","price":104.99,"type":"Portable","interface":"USB Type-A 3.2 Gen 1","capacity":4000,"price_per_gb":0.026,"color":"Blue"},{"name":"Western Digital My Passport","price":182.85,"type":"Portable","interface":"USB Type-A 3.2 Gen 1","capacity":5000,"price_per_gb":0.037,"color":"Blue"},{"name":"Samsung T7 Shield","price":129.99,"type":"Portable","interface":"USB Type-C 3.2 Gen 2","capacity":2000,"price_per_gb":0.065,"color":"Blue"},{"name":"Samsung T7 Portable","price":127.65,"type":"Portable","interface":"USB Type-C 3.2 Gen 2","capacity":500,"price_per_gb":0.255,"color":"Black"},{"name":"Seagate One Touch","price":160.62,"type":"Portable","interface":"USB Type-A 3.2 Gen 2, USB Type-C 3.2 Gen 2","capacity":2000,"price_per_gb":0.08,"color":"Black"},{"name":"Buffalo Technology DriveStation Axis Velocity","price":74.99,"type":"Desktop","interface":"USB Type-A 3.2 Gen 1","capacity":2000,"price_per_gb":0.037,"color":null},{"name":"Seagate One Touch","price":114.99,"type":"Portable","interface":"USB Type-A 3.2 Gen 1","capacity":4000,"price_per_gb":0.029,"color":"Blue"},{"name":"Buffalo Technology DriveStation Axis Velocity","price":105.98,"type":"Desktop","interface":"USB Type-A 3.2 Gen 1","capacity":3000,"price_per_gb":0.035,"color":null},{"name":"LaCie Rugged Mini","price":79.99,"type":"Portable","interface":"USB Type-A 3.2 Gen 1","capacity":1000,"price_per_gb":0.08,"color":null},{"name":"Western Digital My Passport","price":249.99,"type":"Portable","interface":"USB Type-A 3.2 Gen 1","capacity":2000,"price_per_gb":0.125,"color":null},{"name":"Transcend StoreJet","price":null,"type":"Portable","interface":"USB Type-A 3.2 Gen 1","capacity":1000,"price_per_gb":null,"color":null},{"name":"Seagate Backup Plus Portable","price":199.99,"type":"Portable","interface":"USB Type-A 3.2 Gen 1","capacity":4000,"price_per_gb":0.05,"color":"Blue / White"},{"name":"Seagate One Touch","price":59.9,"type":"Portable","interface":"USB Type-A 3.2 Gen 1","capacity":1000,"price_per_gb":0.06,"color":"Blue"},{"name":"Seagate One Touch","price":79.98,"type":"Portable","interface":"USB Type-A 3.2 Gen 1","capacity":2000,"price_per_gb":0.04,"color":"Gray"},{"name":"Seagate One Touch","price":145.66,"type":"Portable","interface":"USB Type-A 3.2 Gen 1","capacity":5000,"price_per_gb":0.029,"color":"Blue"},{"name":"Seagate Barracuda Fast","price":189,"type":"Portable","interface":"USB Type-C","capacity":1000,"price_per_gb":0.189,"color":"Black"},{"name":"KIOXIA EXCERIA PLUS","price":165,"type":"Portable","interface":"USB Type-C 3.2 Gen 2","capacity":500,"price_per_gb":0.33,"color":"Gray"},{"name":"Western Digital My Book Studio","price":null,"type":"Desktop","interface":"IEEE 1394B 9-Pin, USB Type-A 2.0","capacity":2000,"price_per_gb":null,"color":null},{"name":"Western Digital ELEMENTS","price":null,"type":"Desktop","interface":"USB Type-A 3.2 Gen 1","capacity":2000,"price_per_gb":null,"color":null},{"name":"LaCie d2","price":null,"type":"Desktop","interface":"Thunderbolt, USB Type-A 3.2 Gen 1","capacity":4000,"price_per_gb":null,"color":null},{"name":"LaCie Little Big Disk","price":null,"type":"Desktop","interface":"Thunderbolt","capacity":1000,"price_per_gb":null,"color":null},{"name":"Samsung D3 Station","price":null,"type":"Desktop","interface":"USB Type-A 3.2 Gen 1","capacity":6000,"price_per_gb":null,"color":null},{"name":"Seagate Backup Plus","price":229,"type":"Desktop","interface":"USB Type-A 3.2 Gen 1","capacity":2000,"price_per_gb":0.114,"color":null},{"name":"Seagate Backup Plus","price":null,"type":"Desktop","interface":"USB Type-A 3.2 Gen 1","capacity":3000,"price_per_gb":null,"color":null},{"name":"Axiom USB3HD35S3TB-AX","price":null,"type":"Desktop","interface":"USB Type-A 3.2 Gen 1","capacity":3000,"price_per_gb":null,"color":null},{"name":"Western Digital My Book","price":197.98,"type":"Desktop","interface":"USB Type-A 3.2 Gen 1","capacity":6000,"price_per_gb":0.033,"color":null},{"name":"G-Technology G-DRIVE","price":null,"type":"Desktop","interface":"IEEE 1394B 9-Pin, eSATA 6.0 Gb/s, USB Type-A 3.2 Gen 1","capacity":2000,"price_per_gb":null,"color":null},{"name":"G-Technology G-DRIVE","price":null,"type":"Desktop","interface":"IEEE 1394B 9-Pin, eSATA 6.0 Gb/s, USB Type-A 3.2 Gen 1","capacity":3000,"price_per_gb":null,"color":null},{"name":"G-Technology G-DRIVE","price":null,"type":"Desktop","interface":"IEEE 1394B 9-Pin, eSATA 6.0 Gb/s, USB Type-A 3.2 Gen 1","capacity":4000,"price_per_gb":null,"color":null},{"name":"Western Digital My Book Duo","price":null,"type":"Desktop","interface":"USB Type-A 3.2 Gen 1, USB Type-C 3.2 Gen 1","capacity":6000,"price_per_gb":null,"color":"Black"},{"name":"Western Digital easystore","price":null,"type":"Desktop","interface":"USB Type-A 3.2 Gen 1","capacity":14000,"price_per_gb":null,"color":null},{"name":"Seagate Backup Plus Hub","price":null,"type":"Desktop","interface":"USB Type-A 3.2 Gen 1","capacity":14000,"price_per_gb":null,"color":"Black"},{"name":"Buffalo Technology MiniStation","price":null,"type":"Portable","interface":"USB Type-A 3.2 Gen 1","capacity":500,"price_per_gb":null,"color":null},{"name":"Western Digital My Passport Air","price":null,"type":"Portable","interface":"USB Type-A 3.2 Gen 1","capacity":500,"price_per_gb":null,"color":null},{"name":"Western Digital My Passport Studio","price":null,"type":"Portable","interface":"IEEE 1394B 9-Pin, USB Type-A 2.0","capacity":2000,"price_per_gb":null,"color":null},{"name":"Western Digital ELEMENTS","price":null,"type":"Portable","interface":"USB Type-A 3.2 Gen 1","capacity":1500,"price_per_gb":null,"color":null},{"name":"LaCie Porsche Design","price":null,"type":"Portable","interface":"USB Type-A 3.2 Gen 1","capacity":120,"price_per_gb":null,"color":null},{"name":"Samsung MU-PS250B/AM","price":null,"type":"Portable","interface":"USB Type-A 3.2 Gen 1","capacity":250,"price_per_gb":null,"color":null},{"name":"Seagate Backup Plus Slim","price":187.99,"type":"Portable","interface":"USB Type-A 3.2 Gen 1","capacity":2000,"price_per_gb":0.094,"color":null},{"name":"Seagate Backup Plus Slim","price":null,"type":"Portable","interface":"USB Type-A 3.2 Gen 1","capacity":2000,"price_per_gb":null,"color":null},{"name":"Seagate Backup Plus","price":null,"type":"Portable","interface":"USB Type-A 3.2 Gen 1","capacity":1000,"price_per_gb":null,"color":null},{"name":"Seagate Backup Plus Slim","price":null,"type":"Portable","interface":"USB Type-A 3.2 Gen 1","capacity":2000,"price_per_gb":null,"color":null},{"name":"Hitachi HGST Touro Mobile","price":null,"type":"Portable","interface":"USB Type-A 3.2 Gen 1","capacity":500,"price_per_gb":null,"color":null},{"name":"Toshiba Canvio Connect","price":null,"type":"Portable","interface":"USB Type-A 3.2 Gen 1","capacity":500,"price_per_gb":null,"color":null},{"name":"Apricom Aegis Padlock","price":null,"type":"Portable","interface":"USB Type-A 3.2 Gen 1","capacity":1000,"price_per_gb":null,"color":null},{"name":"Apricom Aegis Padlock","price":null,"type":"Portable","interface":"eSATA 3.0 Gb/s, USB Type-A 2.0","capacity":1000,"price_per_gb":null,"color":null},{"name":"Toshiba Canvio Connect","price":null,"type":"Portable","interface":"USB Type-A 3.2 Gen 1","capacity":1000,"price_per_gb":null,"color":null},{"name":"Toshiba Canvio Connect","price":null,"type":"Portable","interface":"USB Type-A 3.2 Gen 1","capacity":1500,"price_per_gb":null,"color":null},{"name":"Toshiba Canvio Slim II","price":101,"type":"Portable","interface":"USB Type-A 3.2 Gen 1","capacity":1000,"price_per_gb":0.101,"color":null},{"name":"Lenovo ThinkPad","price":null,"type":"Portable","interface":"USB Type-A 3.2 Gen 1","capacity":500,"price_per_gb":null,"color":null},{"name":"Transcend StoreJet","price":64.98,"type":"Portable","interface":"USB Type-A 3.2 Gen 1","capacity":1000,"price_per_gb":0.065,"color":null},{"name":"Western Digital WDBGPU0010BBK-NESN","price":99.98,"type":"Portable","interface":null,"capacity":1000,"price_per_gb":0.1,"color":null},{"name":"SanDisk Extreme 900","price":129.99,"type":"Portable","interface":"USB Type-A 3.2 Gen 2","capacity":480,"price_per_gb":0.271,"color":null},{"name":"Transcend StoreJet","price":84,"type":"Portable","interface":"USB Type-A 3.2 Gen 1","capacity":2000,"price_per_gb":0.042,"color":null},{"name":"Samsung T5","price":229.99,"type":"Portable","interface":"USB Type-C 3.2 Gen 1","capacity":500,"price_per_gb":0.46,"color":null},{"name":"Seagate Backup Plus Portable","price":null,"type":"Portable","interface":"USB Type-A 3.2 Gen 1","capacity":5000,"price_per_gb":null,"color":"Blue"},{"name":"Asus FX HDD","price":null,"type":"Portable","interface":"USB Type-A 3.2 Gen 2","capacity":2000,"price_per_gb":null,"color":"Black"},{"name":"Apricom Aegis Padlock DT","price":null,"type":"Portable","interface":"USB Type-A 3.2 Gen 1","capacity":14000,"price_per_gb":null,"color":"Black"},{"name":"Seagate Backup Plus Ultra Touch","price":null,"type":"Portable","interface":"USB Type-A 3.2 Gen 1","capacity":1000,"price_per_gb":null,"color":"White"},{"name":"Seagate Expansion","price":229.99,"type":"Portable","interface":"USB Type-A 3.2 Gen 1","capacity":5000,"price_per_gb":0.046,"color":"Black"},{"name":"Western Digital My Passport","price":null,"type":"Portable","interface":"USB Type-A 3.2 Gen 1","capacity":1000,"price_per_gb":null,"color":"Red"},{"name":"Western Digital My Passport","price":102.96,"type":"Portable","interface":"USB Type-A 3.2 Gen 1","capacity":2000,"price_per_gb":0.051,"color":"White"},{"name":"SanDisk G-DRIVE ArmorLock","price":269.99,"type":"Portable","interface":"USB Type-C 3.2 Gen 1","capacity":2000,"price_per_gb":0.135,"color":"Black / Yellow"},{"name":"Western Digital My Passport Ultra","price":null,"type":"Portable","interface":"USB Type-A 3.2 Gen 2","capacity":3000,"price_per_gb":null,"color":"White"},{"name":"Samsung T7 Portable","price":99.99,"type":"Portable","interface":"USB Type-C 3.2 Gen 2","capacity":500,"price_per_gb":0.2,"color":"Silver"},{"name":"Samsung T5 Portable","price":null,"type":"Portable","interface":"USB Type-C 3.2 Gen 2","capacity":1000,"price_per_gb":null,"color":"Gold"},{"name":"Western Digital My Passport For Mac","price":129.99,"type":"Portable","interface":"USB Type-A 3.2 Gen 1, USB Type-C 3.2 Gen 1","capacity":1000,"price_per_gb":0.13,"color":"Black"},{"name":"Seagate One Touch","price":309.99,"type":"Desktop","interface":"USB Type-A 3.2 Gen 1","capacity":12000,"price_per_gb":0.026,"color":"Black"},{"name":"Western Digital easystore","price":284.99,"type":"Desktop","interface":"USB Type-A 2.0, USB Type-A 3.2 Gen 1","capacity":12000,"price_per_gb":0.024,"color":"Black"},{"name":"Western Digital My Passport","price":104.99,"type":"Portable","interface":"USB Type-A 3.2 Gen 1","capacity":4000,"price_per_gb":0.026,"color":"Red"},{"name":"SanDisk G-DRIVE ArmorLock","price":99.99,"type":"Portable","interface":"USB Type-C 3.2 Gen 1","capacity":1000,"price_per_gb":0.1,"color":"Black / Yellow"},{"name":"Seagate One Touch","price":59.99,"type":"Portable","interface":"USB Type-A 3.2 Gen 2, USB Type-C 3.2 Gen 2","capacity":500,"price_per_gb":0.12,"color":"Black"},{"name":"Seagate One Touch","price":77.27,"type":"Portable","interface":"USB Type-A 3.2 Gen 1","capacity":1000,"price_per_gb":0.077,"color":"Red"},{"name":"Seagate One Touch","price":131.06,"type":"Portable","interface":"USB Type-A 3.2 Gen 1","capacity":5000,"price_per_gb":0.026,"color":"Silver"},{"name":"Apricom ASSD-3PL256-480F","price":289.95,"type":"Desktop","interface":"USB Type-A 2.0","capacity":480,"price_per_gb":0.604,"color":null},{"name":"Verbatim Titan XS","price":80.61,"type":"Portable","interface":null,"capacity":1000,"price_per_gb":0.081,"color":null},{"name":"SanDisk Extreme 900","price":189.98,"type":"Portable","interface":"USB Type-A 3.2 Gen 2","capacity":960,"price_per_gb":0.198,"color":null},{"name":"Buffalo Technology Americas MiniStation","price":null,"type":"Portable","interface":"USB Type-A 3.2 Gen 1","capacity":1000,"price_per_gb":null,"color":"Black"},{"name":"Seagate One Touch","price":93.99,"type":"Portable","interface":"USB Type-A 3.2 Gen 2, USB Type-C 3.2 Gen 2","capacity":1000,"price_per_gb":0.094,"color":"Blue"},{"name":"Seagate One Touch","price":97.88,"type":"Portable","interface":"USB Type-A 3.2 Gen 2, USB Type-C 3.2 Gen 2","capacity":1000,"price_per_gb":0.098,"color":"Silver"},{"name":"Seagate One Touch","price":92.64,"type":"Portable","interface":"USB Type-A 3.2 Gen 1","capacity":1000,"price_per_gb":0.093,"color":"Gray"},{"name":"Seagate One Touch","price":66.99,"type":"Portable","interface":"USB Type-A 3.2 Gen 1","capacity":2000,"price_per_gb":0.033,"color":null},{"name":"KIOXIA EXCERIA PLUS","price":319,"type":"Portable","interface":"USB Type-C 3.2 Gen 2","capacity":2000,"price_per_gb":0.16,"color":"Gray"},{"name":"Crucial X10 Pro","price":169.99,"type":"Portable","interface":"USB Type-C 3.2 Gen 2x2","capacity":2000,"price_per_gb":0.085,"color":"Black"},{"name":"Crucial X9 Pro","price":null,"type":"Portable","interface":"USB Type-C 3.2 Gen 2","capacity":4000,"price_per_gb":null,"color":"Silver"},{"name":"Crucial X9 Pro","price":129.99,"type":"Portable","interface":"USB Type-C 3.2 Gen 2","capacity":2000,"price_per_gb":0.065,"color":"Silver"},{"name":"Sabrent Rocket Nano V2","price":349.99,"type":"Portable","interface":"USB Type-C 3.2 Gen 2x2","capacity":4000,"price_per_gb":0.087,"color":"Black"},{"name":"Buffalo Technology DriveStation Axis","price":null,"type":"Desktop","interface":"USB Type-A 3.2 Gen 1","capacity":1000,"price_per_gb":null,"color":null},{"name":"Buffalo Technology DriveStation","price":null,"type":"Desktop","interface":"USB Type-A 3.2 Gen 1","capacity":2000,"price_per_gb":null,"color":null},{"name":"Buffalo Technology DriveStation","price":null,"type":"Desktop","interface":"IEEE 1394A 6-Pin, IEEE 1394B 9-Pin, eSATA 3.0 Gb/s, USB Type-A 2.0","capacity":1000,"price_per_gb":null,"color":null},{"name":"Buffalo Technology DriveStation","price":null,"type":"Desktop","interface":"USB Type-A 3.2 Gen 1","capacity":3000,"price_per_gb":null,"color":null},{"name":"Buffalo Technology DriveStation","price":null,"type":"Desktop","interface":"USB Type-A 3.2 Gen 1","capacity":4000,"price_per_gb":null,"color":null},{"name":"Buffalo Technology DriveStation Axis Velocity","price":null,"type":"Desktop","interface":"USB Type-A 3.2 Gen 1","capacity":1000,"price_per_gb":null,"color":null},{"name":"Buffalo Technology DriveStation Duo","price":null,"type":"Desktop","interface":"USB Type-A 3.2 Gen 1","capacity":2000,"price_per_gb":null,"color":null},{"name":"Buffalo Technology DriveStation Duo","price":null,"type":"Desktop","interface":"USB Type-A 3.2 Gen 1","capacity":4000,"price_per_gb":null,"color":null},{"name":"Buffalo Technology DriveStation Duo","price":null,"type":"Desktop","interface":"USB Type-A 3.2 Gen 1","capacity":6000,"price_per_gb":null,"color":null},{"name":"Buffalo Technology DriveStation Duo","price":null,"type":"Desktop","interface":"USB Type-A 3.2 Gen 1","capacity":8000,"price_per_gb":null,"color":null},{"name":"Buffalo Technology DriveStation","price":null,"type":"Desktop","interface":"Thunderbolt","capacity":256,"price_per_gb":null,"color":null},{"name":"Buffalo Technology DriveStation","price":null,"type":"Desktop","interface":"Thunderbolt","capacity":512,"price_per_gb":null,"color":null},{"name":"LaCie d2 Quadra","price":null,"type":"Desktop","interface":"IEEE 1394B 9-Pin, eSATA 3.0 Gb/s, USB Type-A 3.2 Gen 1","capacity":2000,"price_per_gb":null,"color":null},{"name":"LaCie d2 Quadra","price":null,"type":"Desktop","interface":"IEEE 1394B 9-Pin, eSATA 3.0 Gb/s, USB Type-A 3.2 Gen 1","capacity":3000,"price_per_gb":null,"color":null},{"name":"LaCie Minimus","price":null,"type":"Desktop","interface":"USB Type-A 3.2 Gen 1","capacity":2000,"price_per_gb":null,"color":null},{"name":"LaCie Blade Runner","price":null,"type":"Desktop","interface":"USB Type-A 3.2 Gen 1","capacity":4000,"price_per_gb":null,"color":null},{"name":"Western Digital My Book Essential","price":179.99,"type":"Desktop","interface":"USB Type-A 3.2 Gen 1","capacity":1000,"price_per_gb":0.18,"color":null},{"name":"Western Digital My Book Studio","price":null,"type":"Desktop","interface":"IEEE 1394B 9-Pin, USB Type-A 2.0","capacity":3000,"price_per_gb":null,"color":null},{"name":"Western Digital My Book","price":null,"type":"Desktop","interface":"USB Type-A 3.2 Gen 1","capacity":3000,"price_per_gb":null,"color":null},{"name":"Western Digital My Book Studio","price":null,"type":"Desktop","interface":"USB Type-A 3.2 Gen 1","capacity":4000,"price_per_gb":null,"color":null},{"name":"Western Digital ELEMENTS","price":null,"type":"Desktop","interface":"USB Type-A 3.2 Gen 1","capacity":3000,"price_per_gb":null,"color":null},{"name":"Western Digital My Book for Mac","price":null,"type":"Desktop","interface":"USB Type-A 3.2 Gen 1","capacity":2000,"price_per_gb":null,"color":null},{"name":"Western Digital My Book for Mac","price":null,"type":"Desktop","interface":"USB Type-A 3.2 Gen 1","capacity":3000,"price_per_gb":null,"color":null},{"name":"LaCie 2big Quadra","price":null,"type":"Desktop","interface":"IEEE 1394B 9-Pin, USB Type-A 3.2 Gen 1","capacity":4000,"price_per_gb":null,"color":null},{"name":"LaCie 4big Quadra","price":null,"type":"Desktop","interface":"IEEE 1394B 9-Pin, USB Type-A 3.2 Gen 1","capacity":16000,"price_per_gb":null,"color":null},{"name":"LaCie 4big Quadra","price":null,"type":"Desktop","interface":"IEEE 1394B 9-Pin, USB Type-A 3.2 Gen 1","capacity":12000,"price_per_gb":null,"color":null},{"name":"LaCie d2","price":null,"type":"Desktop","interface":"Thunderbolt, USB Type-A 3.2 Gen 1","capacity":3000,"price_per_gb":null,"color":null},{"name":"LaCie 2big Quadra","price":null,"type":"Desktop","interface":"IEEE 1394B 9-Pin, USB Type-A 3.2 Gen 1","capacity":6000,"price_per_gb":null,"color":null},{"name":"LaCie Porsche Design","price":null,"type":"Desktop","interface":"USB Type-A 3.2 Gen 1","capacity":4000,"price_per_gb":null,"color":null},{"name":"LaCie d2","price":null,"type":"Desktop","interface":"Thunderbolt, USB Type-A 3.2 Gen 1","capacity":5000,"price_per_gb":null,"color":null},{"name":"LaCie d2","price":null,"type":"Desktop","interface":"Thunderbolt, USB Type-A 3.2 Gen 1","capacity":6000,"price_per_gb":null,"color":null},{"name":"LaCie Minimus","price":null,"type":"Desktop","interface":"USB Type-A 3.2 Gen 1","capacity":3000,"price_per_gb":null,"color":null},{"name":"LaCie 4big Quadra","price":null,"type":"Desktop","interface":"IEEE 1394B 9-Pin, USB Type-A 3.2 Gen 1","capacity":8000,"price_per_gb":null,"color":null},{"name":"LaCie d2 Quadra","price":null,"type":"Desktop","interface":"IEEE 1394B 9-Pin, eSATA 3.0 Gb/s, USB Type-A 3.2 Gen 1","capacity":5000,"price_per_gb":null,"color":null},{"name":"LaCie d2","price":null,"type":"Desktop","interface":"Thunderbolt, USB Type-A 3.2 Gen 1","capacity":3000,"price_per_gb":null,"color":null},{"name":"LaCie d2","price":null,"type":"Desktop","interface":"Thunderbolt, USB Type-A 3.2 Gen 1","capacity":4000,"price_per_gb":null,"color":null},{"name":"Samsung D3 Station","price":null,"type":"Desktop","interface":"USB Type-A 3.2 Gen 1","capacity":2000,"price_per_gb":null,"color":null},{"name":"Samsung D3 Station","price":null,"type":"Desktop","interface":"USB Type-A 3.2 Gen 1","capacity":3000,"price_per_gb":null,"color":null},{"name":"Samsung D3 Station","price":null,"type":"Desktop","interface":null,"capacity":4000,"price_per_gb":null,"color":null},{"name":"Samsung D3 Station","price":null,"type":"Desktop","interface":"USB Type-A 3.2 Gen 1","capacity":2000,"price_per_gb":null,"color":null},{"name":"Samsung D3 Station","price":null,"type":"Desktop","interface":"USB Type-A 3.2 Gen 1","capacity":3000,"price_per_gb":null,"color":null},{"name":"Samsung D3 Station","price":null,"type":"Desktop","interface":"USB Type-A 3.2 Gen 1","capacity":4000,"price_per_gb":null,"color":null},{"name":"Samsung D3 Station","price":null,"type":"Desktop","interface":"USB Type-A 3.2 Gen 1","capacity":5000,"price_per_gb":null,"color":null},{"name":"Seagate Backup Plus","price":179.99,"type":"Desktop","interface":"USB Type-A 3.2 Gen 1","capacity":4000,"price_per_gb":0.045,"color":null},{"name":"Seagate Backup Plus","price":null,"type":"Desktop","interface":"USB Type-A 3.2 Gen 1","capacity":5000,"price_per_gb":null,"color":null},{"name":"Seagate Backup Plus","price":null,"type":"Desktop","interface":"USB Type-A 3.2 Gen 1","capacity":6000,"price_per_gb":null,"color":null},{"name":"Hitachi HGST Touro Desk","price":null,"type":"Desktop","interface":"USB Type-A 3.2 Gen 1","capacity":4000,"price_per_gb":null,"color":null},{"name":"Hitachi HGST Touro Desk Pro","price":null,"type":"Desktop","interface":"USB Type-A 3.2 Gen 1","capacity":4000,"price_per_gb":null,"color":null},{"name":"Apricom Aegis Padlock DT","price":null,"type":"Desktop","interface":"USB Type-A 3.2 Gen 1","capacity":2000,"price_per_gb":null,"color":null},{"name":"Apricom Aegis Padlock DT","price":null,"type":"Desktop","interface":"USB Type-A 3.2 Gen 1","capacity":1000,"price_per_gb":null,"color":null},{"name":"Axiom USB3HD35S1TB-AX","price":null,"type":"Desktop","interface":"USB Type-A 3.2 Gen 1","capacity":1000,"price_per_gb":null,"color":null},{"name":"Axiom USB3HD35S250-AX","price":null,"type":"Desktop","interface":null,"capacity":250,"price_per_gb":null,"color":null},{"name":"Axiom USB3HD35S2TB-AX","price":null,"type":"Desktop","interface":"USB Type-A 3.2 Gen 1","capacity":2000,"price_per_gb":null,"color":null},{"name":"Axiom USB3HD35S500-AX","price":null,"type":"Desktop","interface":null,"capacity":500,"price_per_gb":null,"color":null},{"name":"Buslink CRF-2T-U2","price":null,"type":"Desktop","interface":"USB Type-A 2.0","capacity":2000,"price_per_gb":null,"color":null},{"name":"Buslink CSC-1T-U2","price":null,"type":"Desktop","interface":"USB Type-A 2.0","capacity":1000,"price_per_gb":null,"color":null},{"name":"Buslink CSC-2T-U3","price":null,"type":"Desktop","interface":"USB Type-A 3.2 Gen 1","capacity":2000,"price_per_gb":null,"color":null},{"name":"Apricom Aegis Padlock DT","price":null,"type":"Desktop","interface":"USB Type-A 3.2 Gen 1","capacity":1000,"price_per_gb":null,"color":null},{"name":"Imation Apollo Pro UX","price":null,"type":"Desktop","interface":"USB Type-A 2.0","capacity":1000,"price_per_gb":null,"color":null},{"name":"Transcend StoreJet 35T3","price":null,"type":"Desktop","interface":"USB Type-A 3.2 Gen 1","capacity":3000,"price_per_gb":null,"color":null},{"name":"Transcend StoreJet 35T3","price":null,"type":"Desktop","interface":"USB Type-A 3.2 Gen 1","capacity":2000,"price_per_gb":null,"color":null},{"name":"Toshiba Canvio Desk","price":null,"type":"Desktop","interface":"USB Type-A 3.2 Gen 1","capacity":2000,"price_per_gb":null,"color":null},{"name":"Toshiba Canvio Desk","price":null,"type":"Desktop","interface":"USB Type-A 3.2 Gen 1","capacity":3000,"price_per_gb":null,"color":null},{"name":"Toshiba Canvio Desk","price":null,"type":"Desktop","interface":"USB Type-A 3.2 Gen 1","capacity":5000,"price_per_gb":null,"color":null},{"name":"LaCie Porsche Design","price":null,"type":"Desktop","interface":"USB Type-A 3.2 Gen 1","capacity":8000,"price_per_gb":null,"color":null},{"name":"Seagate Expansion","price":305.98,"type":"Desktop","interface":"USB Type-A 3.2 Gen 1","capacity":5000,"price_per_gb":0.061,"color":null},{"name":"Buslink CipherShield","price":null,"type":"Desktop","interface":"USB Type-A 3.2 Gen 1","capacity":6000,"price_per_gb":null,"color":null},{"name":"Edge Tech EDGDG-236236-PE","price":null,"type":"Desktop","interface":"USB Type-A 3.2 Gen 1","capacity":4000,"price_per_gb":null,"color":null},{"name":"Apricom ASSD-3PL256-120F","price":null,"type":"Desktop","interface":"USB Type-A 2.0","capacity":120,"price_per_gb":null,"color":null},{"name":"Apricom ASSD-3PL256-240F","price":186.03,"type":"Desktop","interface":"USB Type-A 2.0","capacity":240,"price_per_gb":0.775,"color":null},{"name":"Western Digital My Book Duo","price":null,"type":"Desktop","interface":"USB Type-A 3.2 Gen 1, USB Type-C 3.2 Gen 1","capacity":4000,"price_per_gb":null,"color":"Black"},{"name":"Verbatim 99399","price":null,"type":"Desktop","interface":"USB Type-A 3.2 Gen 1","capacity":4000,"price_per_gb":null,"color":"Black"},{"name":"LaCie Porsche Design","price":null,"type":"Desktop","interface":"USB Type-A 3.2 Gen 1","capacity":1000,"price_per_gb":null,"color":"Silver"},{"name":"LaCie Porsche Design","price":null,"type":"Desktop","interface":"USB Type-A 3.2 Gen 1","capacity":2000,"price_per_gb":null,"color":"Silver"},{"name":"Seagate Backup Plus","price":null,"type":"Desktop","interface":"USB Type-A 3.2 Gen 1","capacity":4000,"price_per_gb":null,"color":"Black"},{"name":"ADATA DashDrive","price":null,"type":"Portable","interface":"USB Type-A 3.2 Gen 1","capacity":1000,"price_per_gb":null,"color":null},{"name":"Buffalo Technology MiniStation","price":null,"type":"Portable","interface":"USB Type-A 3.2 Gen 1","capacity":1000,"price_per_gb":null,"color":null},{"name":"Buffalo Technology MiniStation","price":null,"type":"Portable","interface":"USB Type-A 3.2 Gen 1","capacity":2000,"price_per_gb":null,"color":null},{"name":"Buffalo Technology MiniStation Extreme","price":null,"type":"Portable","interface":"USB Type-A 3.2 Gen 1","capacity":1000,"price_per_gb":null,"color":null},{"name":"Buffalo Technology MiniStation Extreme","price":null,"type":"Portable","interface":"USB Type-A 3.2 Gen 1","capacity":1000,"price_per_gb":null,"color":null},{"name":"Buffalo Technology MiniStation Extreme","price":null,"type":"Portable","interface":"USB Type-A 3.2 Gen 1","capacity":1000,"price_per_gb":null,"color":null},{"name":"Buffalo Technology MiniStation Extreme","price":null,"type":"Portable","interface":"USB Type-A 3.2 Gen 1","capacity":500,"price_per_gb":null,"color":null},{"name":"Buffalo Technology MiniStation Extreme","price":null,"type":"Portable","interface":"USB Type-A 3.2 Gen 1","capacity":500,"price_per_gb":null,"color":null},{"name":"Buffalo Technology MiniStation Extreme","price":null,"type":"Portable","interface":"USB Type-A 3.2 Gen 1","capacity":500,"price_per_gb":null,"color":null},{"name":"LaCie Rugged Mini","price":null,"type":"Portable","interface":"USB Type-A 3.2 Gen 1","capacity":500,"price_per_gb":null,"color":null},{"name":"LaCie Rugged Mini","price":null,"type":"Portable","interface":"USB Type-A 3.2 Gen 1","capacity":500,"price_per_gb":null,"color":null},{"name":"LaCie Rikiki","price":null,"type":"Portable","interface":"USB Type-A 3.2 Gen 1","capacity":500,"price_per_gb":null,"color":null},{"name":"LaCie Rugged","price":null,"type":"Portable","interface":"IEEE 1394B 9-Pin, USB Type-A 3.2 Gen 1","capacity":500,"price_per_gb":null,"color":null},{"name":"LaCie Rugged","price":null,"type":"Portable","interface":"IEEE 1394B 9-Pin, USB Type-A 3.2 Gen 1","capacity":500,"price_per_gb":null,"color":null},{"name":"LaCie Rugged","price":null,"type":"Portable","interface":"IEEE 1394B 9-Pin, USB Type-A 3.2 Gen 1","capacity":1000,"price_per_gb":null,"color":null},{"name":"LaCie Porsche Design","price":null,"type":"Portable","interface":"USB Type-A 3.2 Gen 1","capacity":500,"price_per_gb":null,"color":null},{"name":"LaCie Porsche Design","price":null,"type":"Portable","interface":"USB Type-A 3.2 Gen 1","capacity":1000,"price_per_gb":null,"color":null},{"name":"Western Digital My Passport Studio","price":null,"type":"Portable","interface":"IEEE 1394B 9-Pin, USB Type-A 2.0","capacity":1000,"price_per_gb":null,"color":null},{"name":"Western Digital My Passport Slim","price":199.99,"type":"Portable","interface":"USB Type-A 3.2 Gen 1","capacity":1000,"price_per_gb":0.2,"color":null},{"name":"Western Digital My Passport Air","price":null,"type":"Portable","interface":"USB Type-A 3.2 Gen 1","capacity":1000,"price_per_gb":null,"color":null},{"name":"LaCie Rugged Mini","price":null,"type":"Portable","interface":"USB Type-A 3.2 Gen 1","capacity":1500,"price_per_gb":null,"color":null},{"name":"LaCie Rugged","price":null,"type":"Portable","interface":"Thunderbolt, USB Type-A 3.2 Gen 1","capacity":1000,"price_per_gb":null,"color":null},{"name":"LaCie Little Big Disk","price":null,"type":"Portable","interface":"Thunderbolt","capacity":512,"price_per_gb":null,"color":null},{"name":"LaCie Rugged","price":null,"type":"Portable","interface":"Thunderbolt, USB Type-A 3.2 Gen 1","capacity":256,"price_per_gb":null,"color":null},{"name":"LaCie Porsche Design","price":null,"type":"Portable","interface":null,"capacity":250,"price_per_gb":null,"color":null},{"name":"Verbatim Store 'n' Go","price":null,"type":"Portable","interface":"USB Type-A 3.2 Gen 1","capacity":128,"price_per_gb":null,"color":null},{"name":"Verbatim Store 'n' Go","price":null,"type":"Portable","interface":"USB Type-A 3.2 Gen 1","capacity":256,"price_per_gb":null,"color":null},{"name":"Verbatim Freecom","price":null,"type":"Portable","interface":"USB Type-A 3.2 Gen 1","capacity":1000,"price_per_gb":null,"color":null},{"name":"Verbatim Freecom","price":null,"type":"Portable","interface":"USB Type-A 3.2 Gen 1","capacity":1000,"price_per_gb":null,"color":null},{"name":"Verbatim 97805","price":null,"type":"Portable","interface":"USB Type-A 3.2 Gen 1","capacity":500,"price_per_gb":null,"color":null},{"name":"Verbatim 97806","price":64.98,"type":"Portable","interface":"USB Type-A 3.2 Gen 1","capacity":1000,"price_per_gb":0.065,"color":null},{"name":"Samsung P3","price":null,"type":"Portable","interface":"USB Type-A 3.2 Gen 1","capacity":500,"price_per_gb":null,"color":null},{"name":"Samsung P3","price":null,"type":"Portable","interface":"USB Type-A 3.2 Gen 1","capacity":1000,"price_per_gb":null,"color":null},{"name":"Samsung P3 Portable","price":null,"type":"Portable","interface":"USB Type-A 3.2 Gen 1","capacity":2000,"price_per_gb":null,"color":null},{"name":"Samsung MU-PS500B/AM","price":null,"type":"Portable","interface":"USB Type-A 3.2 Gen 1","capacity":500,"price_per_gb":null,"color":null},{"name":"Seagate Backup Plus","price":null,"type":"Portable","interface":"USB Type-A 3.2 Gen 1","capacity":1000,"price_per_gb":null,"color":null},{"name":"Seagate Backup Plus Slim","price":null,"type":"Portable","interface":"USB Type-A 3.2 Gen 1","capacity":2000,"price_per_gb":null,"color":null},{"name":"Seagate Backup Plus Slim","price":null,"type":"Portable","interface":"USB Type-A 3.2 Gen 1","capacity":2000,"price_per_gb":null,"color":null},{"name":"Hitachi GST Touro Mobile Pro","price":null,"type":"Portable","interface":"USB Type-A 3.2 Gen 1","capacity":500,"price_per_gb":null,"color":null},{"name":"Hitachi HGST Touro Mobile","price":null,"type":"Portable","interface":"USB Type-A 3.2 Gen 1","capacity":1000,"price_per_gb":null,"color":null},{"name":"Hitachi HGST Touro Mobile Pro","price":null,"type":"Portable","interface":"USB Type-A 3.2 Gen 1","capacity":1000,"price_per_gb":null,"color":null},{"name":"HP HPHDD2E30500AS1-RBU","price":null,"type":"Portable","interface":"USB Type-A 3.2 Gen 1","capacity":500,"price_per_gb":null,"color":null},{"name":"ADATA CH11","price":null,"type":"Portable","interface":"USB Type-A 3.2 Gen 1","capacity":500,"price_per_gb":null,"color":null},{"name":"ADATA AHV620-500GU3-CBK","price":null,"type":"Portable","interface":"USB Type-A 3.2 Gen 1","capacity":500,"price_per_gb":null,"color":null},{"name":"ADATA DashDrive SE720","price":123,"type":"Portable","interface":"USB Type-A 3.2 Gen 1","capacity":128,"price_per_gb":0.961,"color":null},{"name":"ADATA SH14","price":null,"type":"Portable","interface":"USB Type-A 3.2 Gen 1","capacity":1000,"price_per_gb":null,"color":null},{"name":"Apricom Aegis Bio","price":null,"type":"Portable","interface":"USB Type-A 3.2 Gen 1","capacity":1000,"price_per_gb":null,"color":null},{"name":"Apricom Aegis Bio 3.0","price":null,"type":"Portable","interface":"USB Type-A 3.2 Gen 1","capacity":512,"price_per_gb":null,"color":null},{"name":"Apricom Aegis Padlock","price":null,"type":"Portable","interface":"USB Type-A 3.2 Gen 1","capacity":500,"price_per_gb":null,"color":null},{"name":"Apricom Aegis Padlock Fortress","price":227.99,"type":"Portable","interface":"USB Type-A 3.2 Gen 1","capacity":1000,"price_per_gb":0.228,"color":null},{"name":"Apricom Aegis Padlock Fortress","price":null,"type":"Portable","interface":"USB Type-A 3.2 Gen 1","capacity":500,"price_per_gb":null,"color":null},{"name":"Apricom Aegis Padlock","price":153.88,"type":"Portable","interface":"USB Type-A 3.2 Gen 1","capacity":500,"price_per_gb":0.308,"color":null},{"name":"Apricom Aegis Padlock Fortress","price":168.45,"type":"Portable","interface":"USB Type-A 3.2 Gen 1","capacity":500,"price_per_gb":0.337,"color":null},{"name":"Apricom Aegis Padlock","price":484.8,"type":"Portable","interface":"USB Type-A 3.2 Gen 1","capacity":128,"price_per_gb":3.788,"color":null},{"name":"Apricom Aegis Portable 3.0","price":null,"type":"Portable","interface":"USB Type-A 3.2 Gen 1","capacity":1000,"price_per_gb":null,"color":null},{"name":"Apricom Aegis Portable 3.0","price":null,"type":"Portable","interface":"USB Type-A 3.2 Gen 1","capacity":500,"price_per_gb":null,"color":null},{"name":"Apricom Aegis Padlock","price":null,"type":"Portable","interface":"USB Type-A 2.0","capacity":1000,"price_per_gb":null,"color":null},{"name":"Apricom Aegis Padlock","price":null,"type":"Portable","interface":"USB Type-A 2.0","capacity":1000,"price_per_gb":null,"color":null},{"name":"Apricom Aegis Padlock","price":null,"type":"Portable","interface":"USB Type-A 2.0","capacity":320,"price_per_gb":null,"color":null},{"name":"Apricom Aegis Padlock","price":null,"type":"Portable","interface":null,"capacity":500,"price_per_gb":null,"color":null},{"name":"Axiom Mobile-D","price":null,"type":"Portable","interface":"USB Type-A 3.2 Gen 1","capacity":1000,"price_per_gb":null,"color":null},{"name":"Axiom Mobile-D","price":null,"type":"Portable","interface":"USB Type-A 3.2 Gen 1","capacity":250,"price_per_gb":null,"color":null},{"name":"Axiom Mobile-D","price":null,"type":"Portable","interface":"USB Type-A 3.2 Gen 1","capacity":320,"price_per_gb":null,"color":null},{"name":"Axiom Mobile-D","price":null,"type":"Portable","interface":"USB Type-A 3.2 Gen 1","capacity":500,"price_per_gb":null,"color":null},{"name":"Axiom Mobile-D","price":null,"type":"Portable","interface":"USB Type-A 3.2 Gen 1","capacity":750,"price_per_gb":null,"color":null},{"name":"Axiom Mobile-D","price":null,"type":"Portable","interface":"USB Type-A 3.2 Gen 1","capacity":250,"price_per_gb":null,"color":null},{"name":"Axiom Mobile-D","price":null,"type":"Portable","interface":"USB Type-A 3.2 Gen 1","capacity":320,"price_per_gb":null,"color":null},{"name":"Axiom Mobile-D","price":null,"type":"Portable","interface":"USB Type-A 3.2 Gen 1","capacity":500,"price_per_gb":null,"color":null},{"name":"Transcend StoreJet","price":null,"type":"Portable","interface":"USB Type-A 2.0","capacity":750,"price_per_gb":null,"color":null},{"name":"Transcend StoreJet","price":null,"type":"Portable","interface":"USB Type-A 3.2 Gen 1","capacity":500,"price_per_gb":null,"color":null},{"name":"Transcend StoreJet","price":null,"type":"Portable","interface":"USB Type-A 2.0","capacity":500,"price_per_gb":null,"color":null},{"name":"Transcend StoreJet","price":null,"type":"Portable","interface":"USB Type-A 2.0","capacity":500,"price_per_gb":null,"color":null},{"name":"Imation Apollo Expert","price":null,"type":"Portable","interface":"USB Type-A 3.2 Gen 1","capacity":1000,"price_per_gb":null,"color":null},{"name":"Toshiba Canvio Connect","price":null,"type":"Portable","interface":"USB Type-A 3.2 Gen 1","capacity":500,"price_per_gb":null,"color":null},{"name":"Toshiba Canvio Connect","price":null,"type":"Portable","interface":"USB Type-A 3.2 Gen 1","capacity":500,"price_per_gb":null,"color":null},{"name":"Toshiba Canvio Connect","price":null,"type":"Portable","interface":"USB Type-A 3.2 Gen 1","capacity":500,"price_per_gb":null,"color":null},{"name":"Toshiba Canvio Connect","price":null,"type":"Portable","interface":"USB Type-A 3.2 Gen 1","capacity":500,"price_per_gb":null,"color":null},{"name":"Toshiba Canvio Connect","price":null,"type":"Portable","interface":"USB Type-A 3.2 Gen 1","capacity":750,"price_per_gb":null,"color":null},{"name":"Toshiba Canvio Connect","price":null,"type":"Portable","interface":"USB Type-A 3.2 Gen 1","capacity":750,"price_per_gb":null,"color":null},{"name":"Toshiba Canvio Connect","price":null,"type":"Portable","interface":"USB Type-A 3.2 Gen 1","capacity":750,"price_per_gb":null,"color":null},{"name":"Toshiba Canvio Connect","price":null,"type":"Portable","interface":"USB Type-A 3.2 Gen 1","capacity":750,"price_per_gb":null,"color":null},{"name":"Toshiba Canvio Connect","price":null,"type":"Portable","interface":"USB Type-A 3.2 Gen 1","capacity":750,"price_per_gb":null,"color":null},{"name":"Toshiba Canvio Connect","price":null,"type":"Portable","interface":"USB Type-A 3.2 Gen 1","capacity":1000,"price_per_gb":null,"color":null},{"name":"Toshiba Canvio Connect","price":null,"type":"Portable","interface":"USB Type-A 3.2 Gen 1","capacity":1000,"price_per_gb":null,"color":null},{"name":"Toshiba Canvio Connect","price":null,"type":"Portable","interface":"USB Type-A 3.2 Gen 1","capacity":1000,"price_per_gb":null,"color":null},{"name":"Toshiba Canvio Connect","price":null,"type":"Portable","interface":"USB Type-A 3.2 Gen 1","capacity":1000,"price_per_gb":null,"color":null},{"name":"Toshiba Canvio Connect","price":null,"type":"Portable","interface":"USB Type-A 3.2 Gen 1","capacity":1500,"price_per_gb":null,"color":null},{"name":"Toshiba Canvio Connect","price":null,"type":"Portable","interface":"USB Type-A 3.2 Gen 1","capacity":1500,"price_per_gb":null,"color":null},{"name":"Toshiba Canvio Connect","price":null,"type":"Portable","interface":"USB Type-A 3.2 Gen 1","capacity":1500,"price_per_gb":null,"color":null},{"name":"Toshiba Canvio Connect","price":null,"type":"Portable","interface":"USB Type-A 3.2 Gen 1","capacity":1500,"price_per_gb":null,"color":null},{"name":"Toshiba Canvio Connect","price":null,"type":"Portable","interface":"USB Type-A 3.2 Gen 1","capacity":2000,"price_per_gb":null,"color":null},{"name":"Toshiba Canvio Connect","price":null,"type":"Portable","interface":"USB Type-A 3.2 Gen 1","capacity":2000,"price_per_gb":null,"color":null},{"name":"Toshiba Canvio Connect","price":null,"type":"Portable","interface":"USB Type-A 3.2 Gen 1","capacity":2000,"price_per_gb":null,"color":null},{"name":"Toshiba Canvio Connect","price":null,"type":"Portable","interface":"USB Type-A 3.2 Gen 1","capacity":2000,"price_per_gb":null,"color":null},{"name":"Toshiba Canvio Connect","price":null,"type":"Portable","interface":"USB Type-A 3.2 Gen 1","capacity":2000,"price_per_gb":null,"color":null},{"name":"Toshiba Canvio Slim II","price":101,"type":"Portable","interface":"USB Type-A 3.2 Gen 1","capacity":1000,"price_per_gb":0.101,"color":null},{"name":"Toshiba Canvio Slim II","price":109,"type":"Portable","interface":null,"capacity":1000,"price_per_gb":0.109,"color":null},{"name":"Lenovo ThinkPad","price":null,"type":"Portable","interface":"USB Type-A 3.2 Gen 1","capacity":750,"price_per_gb":null,"color":null},{"name":"Lenovo ThinkPad","price":182.39,"type":"Portable","interface":"USB Type-A 3.2 Gen 1","capacity":1000,"price_per_gb":0.182,"color":null},{"name":"Transcend TS128GESD200K","price":null,"type":"Portable","interface":"USB Type-A 3.2 Gen 1","capacity":128,"price_per_gb":null,"color":null},{"name":"Transcend TS128GSJC10K","price":null,"type":"Portable","interface":"USB Type-A 3.2 Gen 1","capacity":128,"price_per_gb":null,"color":null},{"name":"Samsung T1","price":null,"type":"Portable","interface":"USB Type-A 3.2 Gen 1","capacity":1000,"price_per_gb":null,"color":null},{"name":"Western Digital My Passport","price":null,"type":"Portable","interface":"USB Type-A 3.2 Gen 1","capacity":2000,"price_per_gb":null,"color":null},{"name":"ADATA SD600","price":null,"type":"Portable","interface":"USB Type-A 3.2 Gen 1","capacity":256,"price_per_gb":null,"color":null},{"name":"ADATA SD600","price":null,"type":"Portable","interface":"USB Type-A 3.2 Gen 1","capacity":256,"price_per_gb":null,"color":null},{"name":"ADATA SD600","price":null,"type":"Portable","interface":"USB Type-A 3.2 Gen 1","capacity":512,"price_per_gb":null,"color":null},{"name":"ADATA SD600","price":null,"type":"Portable","interface":"USB Type-A 3.2 Gen 1","capacity":512,"price_per_gb":null,"color":null},{"name":"ADATA SD700","price":null,"type":"Portable","interface":"USB Type-A 3.2 Gen 1","capacity":1000,"price_per_gb":null,"color":null},{"name":"ADATA SD700","price":null,"type":"Portable","interface":"USB Type-A 3.2 Gen 1","capacity":256,"price_per_gb":null,"color":null},{"name":"ADATA SD700","price":null,"type":"Portable","interface":"USB Type-A 3.2 Gen 1","capacity":512,"price_per_gb":null,"color":null},{"name":"ADATA SD700","price":null,"type":"Portable","interface":"USB Type-A 3.2 Gen 1","capacity":512,"price_per_gb":null,"color":null},{"name":"ADATA SE730","price":null,"type":"Portable","interface":"USB Type-C 3.2 Gen 1","capacity":250,"price_per_gb":null,"color":null},{"name":"Samsung T5","price":209.99,"type":"Portable","interface":"USB Type-C 3.2 Gen 1","capacity":250,"price_per_gb":0.84,"color":"Blue"},{"name":"Asus FX HDD","price":null,"type":"Portable","interface":"USB Type-A 3.2 Gen 2","capacity":1000,"price_per_gb":null,"color":"Black"},{"name":"Apricom Aegis Padlock Fortress","price":239.99,"type":"Portable","interface":"USB Type-A 3.2 Gen 1","capacity":2000,"price_per_gb":0.12,"color":"Black"},{"name":"Buffalo Technology Americas MiniStation","price":null,"type":"Portable","interface":"USB Type-A 3.2 Gen 1","capacity":2000,"price_per_gb":null,"color":"Black"},{"name":"Apricom Apricorn Aegis Padlock","price":null,"type":"Portable","interface":"USB Type-A 3.2 Gen 1","capacity":128,"price_per_gb":null,"color":"Black"},{"name":"Seagate Backup Plus Ultra Touch","price":72.99,"type":"Portable","interface":"USB Type-A 3.2 Gen 1","capacity":1000,"price_per_gb":0.073,"color":"Black"},{"name":"Seagate Backup Plus Ultra Touch","price":null,"type":"Portable","interface":"USB Type-A 3.2 Gen 1","capacity":2000,"price_per_gb":null,"color":"Black"},{"name":"Western Digital G-DRIVE Mobile","price":null,"type":"Portable","interface":"USB Type-A 2.0, USB Type-C 3.2 Gen 1","capacity":4000,"price_per_gb":null,"color":"Silver"},{"name":"Western Digital G-DRIVE ev RaW","price":null,"type":"Portable","interface":"USB Type-A 2.0, USB Type-A 3.2 Gen 1","capacity":2000,"price_per_gb":null,"color":"Silver"},{"name":"Western Digital G-DRIVE Mobile","price":null,"type":"Portable","interface":"USB Type-C 3.2 Gen 1","capacity":2000,"price_per_gb":null,"color":"Silver"},{"name":"Western Digital G-DRIVE Mobile","price":null,"type":"Portable","interface":"USB Type-C 3.2 Gen 1","capacity":2000,"price_per_gb":null,"color":"Silver"},{"name":"Western Digital G-DRIVE Mobile","price":null,"type":"Portable","interface":"USB Type-C 3.2 Gen 1","capacity":1000,"price_per_gb":null,"color":"Silver"},{"name":"Seagate Backup Plus Portable","price":null,"type":"Portable","interface":"USB Type-A 3.2 Gen 1","capacity":5000,"price_per_gb":null,"color":"Black"},{"name":"Western Digital My Passport","price":null,"type":"Portable","interface":"USB Type-A 3.2 Gen 1","capacity":1000,"price_per_gb":null,"color":"White"},{"name":"Western Digital My Passport","price":159.39,"type":"Portable","interface":"USB Type-A 3.2 Gen 1","capacity":5000,"price_per_gb":0.032,"color":"Red"},{"name":"Apacer AS722","price":null,"type":"Portable","interface":"USB Type-C 3.2 Gen 1","capacity":512,"price_per_gb":null,"color":"Black"},{"name":"Apacer AS722","price":null,"type":"Portable","interface":"USB Type-C 3.2 Gen 1","capacity":1000,"price_per_gb":null,"color":"Black"},{"name":"Apacer AS721","price":null,"type":"Portable","interface":"USB Type-C 3.2 Gen 1","capacity":250,"price_per_gb":null,"color":"Black"},{"name":"Apacer AS721","price":null,"type":"Portable","interface":"USB Type-C 3.2 Gen 1","capacity":500,"price_per_gb":null,"color":"Black"},{"name":"Apacer AS721","price":null,"type":"Portable","interface":"USB Type-C 3.2 Gen 1","capacity":1000,"price_per_gb":null,"color":"Black"},{"name":"Samsung T7 Portable","price":null,"type":"Portable","interface":"USB Type-C 3.2 Gen 2","capacity":1000,"price_per_gb":null,"color":"Silver"},{"name":"Samsung T5 Portable","price":null,"type":"Portable","interface":"USB Type-C 3.2 Gen 2","capacity":1000,"price_per_gb":null,"color":"Red"},{"name":"Samsung T5 Portable","price":null,"type":"Portable","interface":"USB Type-C 3.2 Gen 2","capacity":500,"price_per_gb":null,"color":"Red"},{"name":"Samsung T5 Portable","price":null,"type":"Portable","interface":"USB Type-C 3.2 Gen 2","capacity":500,"price_per_gb":null,"color":"Gold"},{"name":"Samsung T3 Portable","price":null,"type":"Portable","interface":"USB Type-C 3.2 Gen 1","capacity":1000,"price_per_gb":null,"color":null},{"name":"Samsung T3 Portable","price":null,"type":"Portable","interface":"USB Type-C 3.2 Gen 1","capacity":500,"price_per_gb":null,"color":null},{"name":"Samsung T3 Portable","price":null,"type":"Portable","interface":"USB Type-C 3.2 Gen 1","capacity":250,"price_per_gb":null,"color":null},{"name":"Seagate One Touch","price":410.01,"type":"Portable","interface":"USB Type-A 3.2 Gen 2, USB Type-C 3.2 Gen 2","capacity":2000,"price_per_gb":0.205,"color":"Blue"},{"name":"Seagate One Touch","price":null,"type":"Portable","interface":"USB Type-A 3.2 Gen 2, USB Type-C 3.2 Gen 2","capacity":2000,"price_per_gb":null,"color":"Silver"},{"name":"Seagate One Touch","price":85,"type":"Portable","interface":"USB Type-A 3.2 Gen 2, USB Type-C 3.2 Gen 2","capacity":500,"price_per_gb":0.17,"color":"Blue"},{"name":"Seagate One Touch","price":83.92,"type":"Portable","interface":"USB Type-A 3.2 Gen 2, USB Type-C 3.2 Gen 2","capacity":500,"price_per_gb":0.168,"color":"Silver"},{"name":"Seagate One Touch","price":93,"type":"Portable","interface":"USB Type-A 3.2 Gen 1","capacity":1000,"price_per_gb":0.093,"color":"Silver"},{"name":"Seagate One Touch","price":101.27,"type":"Portable","interface":"USB Type-A 3.2 Gen 1","capacity":2000,"price_per_gb":0.051,"color":"Red"},{"name":"Seagate One Touch","price":126.35,"type":"Portable","interface":"USB Type-A 3.2 Gen 1","capacity":4000,"price_per_gb":0.032,"color":"Red"},{"name":"Seagate One Touch","price":null,"type":"Portable","interface":"USB Type-A 3.2 Gen 1","capacity":5000,"price_per_gb":null,"color":"Gray"},{"name":"Crucial X8","price":null,"type":"Portable","interface":"USB Type-A 3.2 Gen 1, USB Type-C 3.2 Gen 2","capacity":500,"price_per_gb":null,"color":"Black"},{"name":"Seagate Barracuda Fast","price":null,"type":"Portable","interface":"USB Type-C","capacity":500,"price_per_gb":null,"color":"Black"},{"name":"KIOXIA EXCERIA PLUS","price":null,"type":"Portable","interface":"USB Type-C 3.2 Gen 2","capacity":1000,"price_per_gb":null,"color":"Gray"},{"name":"Crucial X10 Pro","price":null,"type":"Portable","interface":"USB Type-C 3.2 Gen 2x2","capacity":4000,"price_per_gb":null,"color":"Black"},{"name":"Crucial X10 Pro","price":119.99,"type":"Portable","interface":"USB Type-C 3.2 Gen 2x2","capacity":1000,"price_per_gb":0.12,"color":"Black"},{"name":"Crucial X9 Pro","price":79.98,"type":"Portable","interface":"USB Type-C 3.2 Gen 2","capacity":1000,"price_per_gb":0.08,"color":"Silver"},{"name":"Sabrent Rocket Nano V2","price":159.99,"type":"Portable","interface":"USB Type-C 3.2 Gen 2x2","capacity":2000,"price_per_gb":0.08,"color":"Black"},{"name":"Sabrent Rocket Nano V2","price":89.99,"type":"Portable","interface":"USB Type-C 3.2 Gen 2x2","capacity":1000,"price_per_gb":0.09,"color":"Black"}]