[{"name":"Western Digital My Book Duo","price":1049.99,"type":"Desktop","interface":"USB Type-A 3.2 Gen 1, USB Type-C 3.2 Gen 1","capacity":36000,"price_per_gb":0.029,"color":"Black"},{"name":"Western Digital ELEMENTS","price":54.99,"type":"Portable","interface":"USB Type-A 3.2 Gen 1","capacity":1000,"price_per_gb":0.055,"color":null},{"name":"Western Digital My Book Duo","price":998,"type":"Desktop","interface":"USB Type-A 3.2 Gen 1, USB Type-C 3.2 Gen 1","capacity":8000,"price_per_gb":0.125,"color":"Black"},{"name":"Sabrent Rocket XTRM-Q","price":null,"type":"Desktop","interface":"USB Type-C 3.2 Gen 2","capacity":16000,"price_per_gb":null,"color":null},{"name":"Seagate One Touch","price":399.99,"type":"Desktop","interface":"USB Type-A 3.2 Gen 1","capacity":18000,"price_per_gb":0.022,"color":"Black"},{"name":"Western Digital WD_BLACK P10","price":139.99,"type":"Portable","interface":"USB Type-A 3.2 Gen 1","capacity":5000,"price_per_gb":0.028,"color":"Black"},{"name":"Samsung T9 Portable","price":296,"type":"Portable","interface":"USB Type-C 3.2 Gen 2x2","capacity":4000,"price_per_gb":0.074,"color":"Black"},{"name":"Western Digital My Passport","price":96.3,"type":"Portable","interface":"USB Type-A 3.2 Gen 1","capacity":4000,"price_per_gb":0.024,"color":"Black"},{"name":"Western Digital easystore","price":259.99,"type":"Desktop","interface":"USB Type-A 3.2 Gen 1","capacity":14000,"price_per_gb":0.019,"color":"Black"},{"name":"Western Digital easystore","price":344.99,"type":"Desktop","interface":"USB Type-A 2.0, USB Type-A 3.2 Gen 1","capacity":18000,"price_per_gb":0.019,"color":"Black"},{"name":"Western Digital My Book Duo","price":829.99,"type":"Desktop","interface":"USB Type-A 3.2 Gen 1, USB Type-C 3.2 Gen 1","capacity":24000,"price_per_gb":0.035,"color":"Black"},{"name":"Verbatim Vx460","price":27.14,"type":"Portable","interface":"USB Type-A 3.2 Gen 1","capacity":128,"price_per_gb":0.212,"color":"Black"},{"name":"Samsung T5 EVO Portable","price":649.99,"type":"Portable","interface":"USB Type-C 3.2 Gen 1","capacity":8000,"price_per_gb":0.081,"color":"Black"},{"name":"Seagate One Touch","price":167.99,"type":"Desktop","interface":"USB Type-A 3.2 Gen 1","capacity":8000,"price_per_gb":0.021,"color":"Black"},{"name":"Seagate Backup Plus Portable","price":94.86,"type":"Portable","interface":"USB Type-A 3.2 Gen 1","capacity":4000,"price_per_gb":0.024,"color":"Black"},{"name":"Samsung T7 Shield","price":149.99,"type":"Portable","interface":"USB Type-C 3.2 Gen 2","capacity":2000,"price_per_gb":0.075,"color":"Black"},{"name":"Seagate Backup Plus Slim","price":56,"type":"Portable","interface":"USB Type-A 3.2 Gen 1","capacity":1000,"price_per_gb":0.056,"color":"Black"},{"name":"Corsair EX100U","price":276.24,"type":"Portable","interface":"USB Type-C 3.2 Gen 2x2","capacity":4000,"price_per_gb":0.069,"color":"Black"},{"name":"Samsung T7 Shield","price":229.99,"type":"Portable","interface":"USB Type-C 3.2 Gen 2","capacity":4000,"price_per_gb":0.057,"color":"Black"},{"name":"Western Digital My Passport","price":54.99,"type":"Portable","interface":"USB Type-A 3.2 Gen 1","capacity":1000,"price_per_gb":0.055,"color":"Black"},{"name":"Western Digital ELEMENTS","price":164.99,"type":"Desktop","interface":"USB Type-A 3.2 Gen 1","capacity":8000,"price_per_gb":0.021,"color":"Black"},{"name":"Western Digital ELEMENTS","price":259.99,"type":"Desktop","interface":"USB Type-A 3.2 Gen 2","capacity":14000,"price_per_gb":0.019,"color":"Black"},{"name":"Samsung T7 Portable","price":149.99,"type":"Portable","interface":"USB Type-C 3.2 Gen 1","capacity":2000,"price_per_gb":0.075,"color":"Black / Silver"},{"name":"Samsung T9 Portable","price":179.99,"type":"Portable","interface":"USB Type-C 3.2 Gen 2x2","capacity":2000,"price_per_gb":0.09,"color":"Black"},{"name":"Western Digital WD_BLACK P10","price":84.99,"type":"Portable","interface":"USB Type-A 3.2 Gen 1","capacity":2000,"price_per_gb":0.042,"color":"Black"},{"name":"Crucial X6","price":49.99,"type":"Portable","interface":"USB Type-C 3.2 Gen 2","capacity":1000,"price_per_gb":0.05,"color":"Black"},{"name":"Crucial X6","price":89.99,"type":"Portable","interface":"USB Type-C 3.2 Gen 2","capacity":2000,"price_per_gb":0.045,"color":"Black"},{"name":"Western Digital ELEMENTS","price":144.99,"type":"Desktop","interface":"USB Type-A 3.2 Gen 1","capacity":6000,"price_per_gb":0.024,"color":"Black"},{"name":"Seagate One Touch","price":71,"type":"Portable","interface":"USB Type-A 3.2 Gen 1","capacity":2000,"price_per_gb":0.035,"color":"Black"},{"name":"Western Digital My Book","price":119.77,"type":"Desktop","interface":"USB Type-A 3.2 Gen 1","capacity":4000,"price_per_gb":0.03,"color":"Black"},{"name":"Seagate One Touch","price":349.99,"type":"Desktop","interface":"USB Type-A 3.2 Gen 1","capacity":16000,"price_per_gb":0.022,"color":"Black"},{"name":"Western Digital My Book Duo","price":719.99,"type":"Desktop","interface":"USB Type-A 3.2 Gen 1, USB Type-C 3.2 Gen 1","capacity":20000,"price_per_gb":0.036,"color":"Black"},{"name":"Samsung T7 Portable","price":94.99,"type":"Portable","interface":"USB Type-C 3.2 Gen 1","capacity":1000,"price_per_gb":0.095,"color":"Black / Silver"},{"name":"Western Digital My Passport","price":119.99,"type":"Portable","interface":"USB Type-A 3.2 Gen 1","capacity":5000,"price_per_gb":0.024,"color":"Black"},{"name":"Western Digital WD_BLACK D10","price":289.99,"type":"Desktop","interface":"USB Type-A 3.2 Gen 2","capacity":12000,"price_per_gb":0.024,"color":"Black"},{"name":"Samsung T5","price":null,"type":"Portable","interface":"USB Type-C 3.2 Gen 1","capacity":1000,"price_per_gb":null,"color":null},{"name":"Western Digital My Book Duo","price":529.99,"type":"Desktop","interface":"USB Type-A 3.2 Gen 1, USB Type-C 3.2 Gen 1","capacity":16000,"price_per_gb":0.033,"color":"Black"},{"name":"Western Digital My Passport","price":69.98,"type":"Portable","interface":"USB Type-A 3.2 Gen 1","capacity":2000,"price_per_gb":0.035,"color":"Black"},{"name":"Crucial X9 Pro","price":239.99,"type":"Portable","interface":"USB Type-C 3.2 Gen 2","capacity":4000,"price_per_gb":0.06,"color":"Silver"},{"name":"SanDisk Extreme Portable V2","price":249.99,"type":"Portable","interface":"USB Type-C 3.2 Gen 1","capacity":4000,"price_per_gb":0.062,"color":"Black / Orange"},{"name":"Crucial X8","price":99.99,"type":"Portable","interface":"USB Type-A 3.2 Gen 1, USB Type-C 3.2 Gen 2","capacity":2000,"price_per_gb":0.05,"color":"Black"},{"name":"SanDisk Extreme Portable V2","price":84.99,"type":"Portable","interface":"USB Type-C 3.2 Gen 1","capacity":1000,"price_per_gb":0.085,"color":"Black / Orange"},{"name":"Crucial X6","price":39.99,"type":"Portable","interface":"USB Type-C 3.2 Gen 2","capacity":500,"price_per_gb":0.08,"color":"Black"},{"name":"Seagate Expansion","price":442.99,"type":"Desktop","interface":"USB Type-A 3.2 Gen 1","capacity":16000,"price_per_gb":0.028,"color":"Black"},{"name":"Western Digital Elements Portable","price":109.63,"type":"Portable","interface":"USB Type-A 3.2 Gen 1","capacity":4000,"price_per_gb":0.027,"color":"Black"},{"name":"Crucial X10 Pro","price":260.99,"type":"Portable","interface":"USB Type-C 3.2 Gen 2x2","capacity":4000,"price_per_gb":0.065,"color":"Black"},{"name":"Western Digital ‎WDBU6Y0050BBK-WESN","price":119.99,"type":"Portable","interface":"USB Type-A 3.2 Gen 1","capacity":5000,"price_per_gb":0.024,"color":"Black"},{"name":"Western Digital My Book","price":279.99,"type":"Desktop","interface":"USB Type-A 3.2 Gen 2","capacity":14000,"price_per_gb":0.02,"color":"Black"},{"name":"Western Digital WD_BLACK P10","price":113.99,"type":"Portable","interface":"USB Type-A 3.2 Gen 1","capacity":4000,"price_per_gb":0.028,"color":"Black"},{"name":"Toshiba Canvio Desk","price":124.99,"type":"Desktop","interface":"USB Type-A 3.2 Gen 1","capacity":3000,"price_per_gb":0.042,"color":null},{"name":"Seagate Expansion","price":null,"type":"Desktop","interface":"USB Type-A 3.2 Gen 1","capacity":14000,"price_per_gb":null,"color":"Black"},{"name":"Western Digital WD_BLACK D10","price":189.99,"type":"Desktop","interface":"USB Type-A 3.2 Gen 2","capacity":8000,"price_per_gb":0.024,"color":"Black"},{"name":"Western Digital easystore","price":239.99,"type":"Desktop","interface":"USB Type-A 3.2 Gen 1","capacity":12000,"price_per_gb":0.02,"color":null},{"name":"Crucial X6","price":179.99,"type":"Portable","interface":"USB Type-C 3.2 Gen 2","capacity":4000,"price_per_gb":0.045,"color":"Black"},{"name":"Western Digital My Book","price":179.95,"type":"Desktop","interface":"USB Type-A 3.2 Gen 1","capacity":8000,"price_per_gb":0.022,"color":"Black"},{"name":"Seagate Expansion","price":235.96,"type":"Desktop","interface":"USB Type-A 3.2 Gen 1","capacity":8000,"price_per_gb":0.029,"color":null},{"name":"Western Digital My Passport","price":null,"type":"Portable","interface":"USB Type-A 3.2 Gen 1","capacity":5000,"price_per_gb":null,"color":"White"},{"name":"SanDisk Extreme Portable V2","price":134.99,"type":"Portable","interface":"USB Type-C 3.2 Gen 1","capacity":2000,"price_per_gb":0.067,"color":"Black / Orange"},{"name":"Western Digital ELEMENTS","price":229.99,"type":"Desktop","interface":"USB Type-A 3.2 Gen 1","capacity":12000,"price_per_gb":0.019,"color":null},{"name":"Seagate Expansion","price":179.99,"type":"Portable","interface":"USB Type-A 3.2 Gen 1","capacity":5000,"price_per_gb":0.036,"color":"Black"},{"name":"Crucial X8","price":null,"type":"Portable","interface":"USB Type-A 3.2 Gen 1, USB Type-C 3.2 Gen 2","capacity":1000,"price_per_gb":null,"color":"Black"},{"name":"Corsair EX100U","price":119.99,"type":"Portable","interface":"USB Type-C 3.2 Gen 2x2","capacity":2000,"price_per_gb":0.06,"color":"Black"},{"name":"Western Digital ELEMENTS","price":null,"type":"Portable","interface":"USB Type-A 3.2 Gen 1","capacity":1000,"price_per_gb":null,"color":null},{"name":"Seagate Expansion","price":null,"type":"Portable","interface":"USB Type-C 3.2 Gen 1","capacity":2000,"price_per_gb":null,"color":"Black"},{"name":"Western Digital My Book","price":199.99,"type":"Desktop","interface":"USB Type-A 3.2 Gen 1","capacity":10000,"price_per_gb":0.02,"color":"Black"},{"name":"Corsair EX100U","price":74.98,"type":"Portable","interface":"USB Type-C 3.2 Gen 2x2","capacity":1000,"price_per_gb":0.075,"color":"Black"},{"name":"Western Digital My Book","price":219.49,"type":"Desktop","interface":"USB Type-A 3.2 Gen 2","capacity":12000,"price_per_gb":0.018,"color":"Black"},{"name":"Seagate Backup Plus Hub","price":215.8,"type":"Desktop","interface":"USB Type-A 3.2 Gen 2","capacity":8000,"price_per_gb":0.027,"color":null},{"name":"Toshiba Canvio Basics","price":99,"type":"Portable","interface":"USB Type-A 3.2 Gen 1","capacity":1000,"price_per_gb":0.099,"color":null},{"name":"SanDisk G-DRIVE ArmorLock","price":null,"type":"Portable","interface":"USB Type-C 3.2 Gen 1","capacity":4000,"price_per_gb":null,"color":"Black / Yellow"},{"name":"Seagate Expansion","price":null,"type":"Desktop","interface":"USB Type-A 3.2 Gen 1","capacity":4000,"price_per_gb":null,"color":null},{"name":"Samsung T7 Shield","price":99.99,"type":"Portable","interface":"USB Type-C 3.2 Gen 2","capacity":1000,"price_per_gb":0.1,"color":"Black"},{"name":"Samsung T7 Portable","price":49.98,"type":"Portable","interface":"USB Type-C 3.2 Gen 1","capacity":500,"price_per_gb":0.1,"color":"Red / Silver"},{"name":"Seagate One Touch","price":119.99,"type":"Portable","interface":"USB Type-A 3.2 Gen 1","capacity":5000,"price_per_gb":0.024,"color":"Black"},{"name":"Sabrent ROCKET XTRM","price":null,"type":"Portable","interface":"Thunderbolt","capacity":4000,"price_per_gb":null,"color":"Silver"},{"name":"Western Digital easystore","price":null,"type":"Desktop","interface":"USB Type-A 2.0, USB Type-A 3.2 Gen 1","capacity":16000,"price_per_gb":null,"color":"Black"},{"name":"Crucial X9 Pro","price":139.99,"type":"Portable","interface":"USB Type-C 3.2 Gen 2","capacity":2000,"price_per_gb":0.07,"color":"Silver"},{"name":"Western Digital My Book Duo","price":879.99,"type":"Desktop","interface":"USB Type-A 3.2 Gen 1, USB Type-C 3.2 Gen 1","capacity":28000,"price_per_gb":0.031,"color":"Black"},{"name":"Crucial X10 Pro","price":159.99,"type":"Portable","interface":"USB Type-C 3.2 Gen 2x2","capacity":2000,"price_per_gb":0.08,"color":"Black"},{"name":"Samsung T7 Portable","price":138.99,"type":"Portable","interface":"USB Type-C 3.2 Gen 2","capacity":2000,"price_per_gb":0.069,"color":"Black"},{"name":"Sabrent Rocket Nano V2","price":349.99,"type":"Portable","interface":"USB Type-C 3.2 Gen 2x2","capacity":4000,"price_per_gb":0.087,"color":"Black"},{"name":"Seagate Game Drive Xbox GamePass Edition","price":229.99,"type":"Portable","interface":"USB Type-A 3.2 Gen 1","capacity":4000,"price_per_gb":0.057,"color":"White"},{"name":"Western Digital ELEMENTS","price":null,"type":"Portable","interface":"USB Type-A 3.2 Gen 1","capacity":2000,"price_per_gb":null,"color":null},{"name":"Western Digital ELEMENTS","price":219.99,"type":"Desktop","interface":"USB Type-A 3.2 Gen 1","capacity":10000,"price_per_gb":0.022,"color":"Black"},{"name":"Silicon Power Bolt B75 Pro","price":69.98,"type":"Portable","interface":"USB Type-C 3.2 Gen 2","capacity":1000,"price_per_gb":0.07,"color":"Black"},{"name":"Samsung T7 Portable","price":89,"type":"Portable","interface":"USB Type-C 3.2 Gen 1","capacity":1000,"price_per_gb":0.089,"color":"Blue / Silver"},{"name":"Seagate One Touch","price":115.24,"type":"Portable","interface":"USB Type-A 3.2 Gen 1","capacity":4000,"price_per_gb":0.029,"color":"Black"},{"name":"Toshiba Canvio Basics 3.0","price":101,"type":"Portable","interface":null,"capacity":2000,"price_per_gb":0.05,"color":null},{"name":"Transcend StoreJet","price":79.16,"type":"Portable","interface":"USB Type-A 3.2 Gen 1","capacity":1000,"price_per_gb":0.079,"color":null},{"name":"Seagate One Touch","price":135.48,"type":"Portable","interface":"USB Type-A 3.2 Gen 2, USB Type-C 3.2 Gen 2","capacity":2000,"price_per_gb":0.068,"color":"Black"},{"name":"Toshiba Canvio Desk","price":null,"type":"Desktop","interface":"USB Type-A 3.2 Gen 1","capacity":4000,"price_per_gb":null,"color":null},{"name":"Samsung T7 Portable","price":129.26,"type":"Portable","interface":"USB Type-C 3.2 Gen 1","capacity":2000,"price_per_gb":0.065,"color":"Red / Silver"},{"name":"Western Digital My Passport","price":77.99,"type":"Portable","interface":"USB Type-A 3.2 Gen 1","capacity":2000,"price_per_gb":0.039,"color":"Blue"},{"name":"Seagate Backup Plus Portable","price":119,"type":"Portable","interface":"USB Type-A 3.2 Gen 1","capacity":5000,"price_per_gb":0.024,"color":"Black"},{"name":"Samsung T7 Shield","price":149.99,"type":"Portable","interface":"USB Type-C 3.2 Gen 2","capacity":2000,"price_per_gb":0.075,"color":"Blue"},{"name":"Western Digital easystore","price":164.99,"type":"Desktop","interface":"USB Type-A 2.0, USB Type-A 3.2 Gen 1","capacity":8000,"price_per_gb":0.021,"color":"Black"},{"name":"Seagate One Touch","price":329.99,"type":"Desktop","interface":"USB Type-A 3.2 Gen 1","capacity":14000,"price_per_gb":0.024,"color":"Black"},{"name":"Western Digital My Book","price":null,"type":"Desktop","interface":"USB Type-A 3.2 Gen 1","capacity":4000,"price_per_gb":null,"color":null},{"name":"Seagate Expansion","price":299.99,"type":"Desktop","interface":"USB Type-A 3.2 Gen 1","capacity":5000,"price_per_gb":0.06,"color":null},{"name":"Buslink DL-4TSDU31G2","price":599.88,"type":"Portable","interface":"USB Type-A 3.2 Gen 2","capacity":4000,"price_per_gb":0.15,"color":"Black"},{"name":"Western Digital My Book","price":149.99,"type":"Desktop","interface":"USB Type-A 3.2 Gen 1","capacity":6000,"price_per_gb":0.025,"color":"Black"},{"name":"Samsung T7 Shield","price":149,"type":"Portable","interface":"USB Type-C 3.2 Gen 2","capacity":2000,"price_per_gb":0.074,"color":"Beige"},{"name":"Western Digital My Passport","price":79.99,"type":"Portable","interface":"USB Type-A 3.2 Gen 1","capacity":2000,"price_per_gb":0.04,"color":"White"},{"name":"Samsung T5","price":229.99,"type":"Portable","interface":"USB Type-C 3.2 Gen 1","capacity":500,"price_per_gb":0.46,"color":null},{"name":"Samsung T7 Portable","price":71.98,"type":"Portable","interface":"USB Type-C 3.2 Gen 1","capacity":500,"price_per_gb":0.144,"color":"Black / Silver"},{"name":"Seagate One Touch","price":62.99,"type":"Portable","interface":"USB Type-A 3.2 Gen 1","capacity":1000,"price_per_gb":0.063,"color":"Black"},{"name":"Toshiba Canvio Desk","price":null,"type":"Desktop","interface":"USB Type-A 3.2 Gen 1","capacity":5000,"price_per_gb":null,"color":null},{"name":"Seagate Expansion","price":null,"type":"Portable","interface":"USB Type-A 3.2 Gen 1","capacity":1000,"price_per_gb":null,"color":null},{"name":"Asus FX HDD","price":null,"type":"Portable","interface":"USB Type-A 3.2 Gen 2","capacity":2000,"price_per_gb":null,"color":"Black"},{"name":"Seagate Barracuda Fast","price":null,"type":"Portable","interface":"USB Type-C","capacity":2000,"price_per_gb":null,"color":"Black"},{"name":"Crucial X9 Pro","price":null,"type":"Portable","interface":"USB Type-C 3.2 Gen 2","capacity":1000,"price_per_gb":null,"color":"Silver"},{"name":"Western Digital My Passport Ultra Portable","price":149.99,"type":"Portable","interface":"USB Type-A 3.2 Gen 1","capacity":2000,"price_per_gb":0.075,"color":null},{"name":"Samsung T7 Portable","price":73.98,"type":"Portable","interface":"USB Type-C 3.2 Gen 1","capacity":500,"price_per_gb":0.148,"color":"Blue / Silver"},{"name":"Seagate One Touch","price":124.99,"type":"Desktop","interface":"USB Type-A 3.2 Gen 1","capacity":4000,"price_per_gb":0.031,"color":"Black"},{"name":"LaCie Rugged Mini","price":79.99,"type":"Portable","interface":"USB Type-A 3.2 Gen 1","capacity":1000,"price_per_gb":0.08,"color":null},{"name":"Samsung T5 EVO Portable","price":349.99,"type":"Portable","interface":"USB Type-C 3.2 Gen 1","capacity":4000,"price_per_gb":0.087,"color":"Black"},{"name":"Western Digital easystore","price":null,"type":"Desktop","interface":"USB Type-A 3.2 Gen 1","capacity":14000,"price_per_gb":null,"color":null},{"name":"Toshiba Canvio Basics 3.0","price":null,"type":"Portable","interface":"USB Type-A 3.2 Gen 1","capacity":2000,"price_per_gb":null,"color":null},{"name":"Asus FX HDD","price":null,"type":"Portable","interface":"USB Type-A 3.2 Gen 2","capacity":1000,"price_per_gb":null,"color":"Black"},{"name":"Kingston XS1000","price":102.37,"type":"Portable","interface":"USB Type-C 3.2 Gen 2","capacity":2000,"price_per_gb":0.051,"color":"Black"},{"name":"Kingston XS1000","price":69.72,"type":"Portable","interface":"USB Type-C 3.2 Gen 2","capacity":1000,"price_per_gb":0.07,"color":"Black"},{"name":"Samsung T7 Shield","price":99.99,"type":"Portable","interface":"USB Type-C 3.2 Gen 2","capacity":1000,"price_per_gb":0.1,"color":"Blue"},{"name":"Western Digital My Passport","price":119.99,"type":"Portable","interface":"USB Type-A 3.2 Gen 1","capacity":4000,"price_per_gb":0.03,"color":"Red"},{"name":"Buffalo Technology DriveStation Axis Velocity","price":79.98,"type":"Desktop","interface":"USB Type-A 3.2 Gen 1","capacity":2000,"price_per_gb":0.04,"color":null},{"name":"Western Digital My Book Essential","price":199.99,"type":"Desktop","interface":"USB Type-A 3.2 Gen 1","capacity":1000,"price_per_gb":0.2,"color":null},{"name":"Seagate Expansion","price":349.99,"type":"Desktop","interface":"USB Type-A 3.2 Gen 1","capacity":10000,"price_per_gb":0.035,"color":"Black"},{"name":"Seagate Backup Plus Hub","price":499.99,"type":"Desktop","interface":"USB Type-A 3.2 Gen 1","capacity":14000,"price_per_gb":0.036,"color":"Black"},{"name":"Western Digital My Passport","price":219.99,"type":"Portable","interface":"USB Type-A 3.2 Gen 1","capacity":2000,"price_per_gb":0.11,"color":null},{"name":"Western Digital My Passport","price":124.99,"type":"Portable","interface":"USB Type-A 3.2 Gen 1","capacity":4000,"price_per_gb":0.031,"color":"White"},{"name":"Seagate Backup Plus","price":249.95,"type":"Desktop","interface":"USB Type-A 3.2 Gen 1","capacity":8000,"price_per_gb":0.031,"color":null},{"name":"Seagate One Touch","price":309.99,"type":"Desktop","interface":"USB Type-A 3.2 Gen 1","capacity":12000,"price_per_gb":0.026,"color":"Black"},{"name":"Seagate Backup Plus","price":null,"type":"Portable","interface":"USB Type-A 3.2 Gen 1","capacity":2000,"price_per_gb":null,"color":null},{"name":"Samsung T5","price":449.9,"type":"Portable","interface":"USB Type-C 3.2 Gen 1","capacity":2000,"price_per_gb":0.225,"color":"Black"},{"name":"Western Digital WD_BLACK P50","price":179.99,"type":"Portable","interface":"USB Type-C 3.2 Gen 1","capacity":1000,"price_per_gb":0.18,"color":"Black / Silver"},{"name":"Kingston XS2000","price":154.99,"type":"Portable","interface":"USB Type-C 3.2 Gen 2x2","capacity":2000,"price_per_gb":0.077,"color":"Silver"},{"name":"Silicon Power Bolt B75 Pro","price":194.99,"type":"Portable","interface":"USB Type-C 3.2 Gen 2","capacity":4000,"price_per_gb":0.049,"color":"Black"},{"name":"Samsung T7 Portable","price":84.54,"type":"Portable","interface":"USB Type-C 3.2 Gen 1","capacity":1000,"price_per_gb":0.085,"color":"Red / Silver"},{"name":"Western Digital easystore","price":193,"type":"Desktop","interface":"USB Type-A 3.2 Gen 1","capacity":8000,"price_per_gb":0.024,"color":null},{"name":"SanDisk Extreme Portable V2","price":74.99,"type":"Portable","interface":"USB Type-C 3.2 Gen 1","capacity":500,"price_per_gb":0.15,"color":"Black / Orange"},{"name":"Western Digital ELEMENTS","price":124.99,"type":"Desktop","interface":"USB Type-A 3.2 Gen 1","capacity":4000,"price_per_gb":0.031,"color":null},{"name":"Seagate One Touch","price":159.99,"type":"Desktop","interface":"USB Type-A 3.2 Gen 1","capacity":6000,"price_per_gb":0.027,"color":"Black"},{"name":"Seagate Backup Plus Slim","price":169.99,"type":"Portable","interface":"USB Type-A 3.2 Gen 1","capacity":2000,"price_per_gb":0.085,"color":null},{"name":"Western Digital My Passport","price":107.74,"type":"Portable","interface":"USB Type-A 3.2 Gen 1","capacity":4000,"price_per_gb":0.027,"color":"Blue"},{"name":"Samsung T7 Portable","price":110.92,"type":"Portable","interface":"USB Type-C 3.2 Gen 2","capacity":1000,"price_per_gb":0.111,"color":"Black"},{"name":"Seagate FreeAgent GoFlex Desk","price":null,"type":"Desktop","interface":"USB Type-A 2.0","capacity":1000,"price_per_gb":null,"color":null},{"name":"Western Digital easystore","price":null,"type":"Desktop","interface":"USB Type-A 3.2 Gen 1","capacity":4000,"price_per_gb":null,"color":"Black"},{"name":"Western Digital easystore","price":null,"type":"Desktop","interface":"USB Type-A 3.2 Gen 2","capacity":10000,"price_per_gb":null,"color":"Black"},{"name":"Western Digital My Passport Air","price":null,"type":"Portable","interface":"USB Type-A 3.2 Gen 1","capacity":500,"price_per_gb":null,"color":null},{"name":"Seagate Backup Plus Slim","price":null,"type":"Portable","interface":"USB Type-A 3.2 Gen 1","capacity":2000,"price_per_gb":null,"color":null},{"name":"SanDisk Extreme 900","price":null,"type":"Portable","interface":"USB Type-A 3.2 Gen 2","capacity":1920,"price_per_gb":null,"color":null},{"name":"Western Digital My Passport Ultra","price":null,"type":"Portable","interface":"USB Type-A 3.2 Gen 2","capacity":3000,"price_per_gb":null,"color":"White"},{"name":"Samsung T7 Portable","price":389.99,"type":"Portable","interface":"USB Type-C 3.2 Gen 2","capacity":2000,"price_per_gb":0.195,"color":"Silver"},{"name":"Samsung T7 Shield","price":99.99,"type":"Portable","interface":"USB Type-C 3.2 Gen 2","capacity":1000,"price_per_gb":0.1,"color":"Beige"},{"name":"Seagate One Touch","price":63.98,"type":"Portable","interface":"USB Type-A 3.2 Gen 2, USB Type-C 3.2 Gen 2","capacity":500,"price_per_gb":0.128,"color":"Black"},{"name":"Seagate One Touch","price":119,"type":"Portable","interface":"USB Type-A 3.2 Gen 1","capacity":2000,"price_per_gb":0.06,"color":"Silver"},{"name":"Seagate Barracuda Fast","price":249.99,"type":"Portable","interface":"USB Type-C","capacity":1000,"price_per_gb":0.25,"color":"Black"},{"name":"Seagate Expansion","price":192.73,"type":"Portable","interface":"USB Type-C 3.2 Gen 1","capacity":1000,"price_per_gb":0.193,"color":"Black"},{"name":"Western Digital My Passport","price":79.99,"type":"Portable","interface":"USB Type-A 3.2 Gen 1","capacity":2000,"price_per_gb":0.04,"color":"Red"},{"name":"Western Digital My Passport","price":119.99,"type":"Portable","interface":"USB Type-A 3.2 Gen 1","capacity":5000,"price_per_gb":0.024,"color":"Red"},{"name":"Freecom Mobile Drive Classic 3.0","price":null,"type":"Portable","interface":"USB Type-A 3.2 Gen 1","capacity":1000,"price_per_gb":null,"color":"Black"},{"name":"Crucial X10 Pro","price":107.99,"type":"Portable","interface":"USB Type-C 3.2 Gen 2x2","capacity":1000,"price_per_gb":0.108,"color":"Black"},{"name":"ADATA DashDrive Durable HD650","price":57.12,"type":"Portable","interface":"USB Type-A 3.2 Gen 1","capacity":1000,"price_per_gb":0.057,"color":null},{"name":"Western Digital My Passport","price":129,"type":"Portable","interface":"USB Type-A 3.2 Gen 1","capacity":4000,"price_per_gb":0.032,"color":"Black"},{"name":"Seagate One Touch","price":73.98,"type":"Portable","interface":"USB Type-A 3.2 Gen 2, USB Type-C 3.2 Gen 2","capacity":1000,"price_per_gb":0.074,"color":"Black"},{"name":"Seagate Backup Plus","price":137.75,"type":"Portable","interface":"USB Type-A 3.2 Gen 1","capacity":1000,"price_per_gb":0.138,"color":null},{"name":"Western Digital WDBGPU0010BBK-NESN","price":89.98,"type":"Portable","interface":null,"capacity":1000,"price_per_gb":0.09,"color":null},{"name":"Seagate One Touch","price":96.01,"type":"Portable","interface":"USB Type-A 3.2 Gen 1","capacity":2000,"price_per_gb":0.048,"color":null},{"name":"Crucial X9","price":209.99,"type":"Portable","interface":"USB Type-C 3.2 Gen 2","capacity":4000,"price_per_gb":0.052,"color":"Black"},{"name":"Western Digital My Book","price":190,"type":"Desktop","interface":"USB Type-A 3.2 Gen 1","capacity":2000,"price_per_gb":0.095,"color":null},{"name":"Seagate Backup Plus","price":216.9,"type":"Desktop","interface":"USB Type-A 3.2 Gen 1","capacity":5000,"price_per_gb":0.043,"color":null},{"name":"Western Digital My Book","price":278.59,"type":"Desktop","interface":"USB Type-A 3.2 Gen 1","capacity":3000,"price_per_gb":0.093,"color":"Black"},{"name":"Western Digital My Passport Slim","price":null,"type":"Portable","interface":"USB Type-A 3.2 Gen 1","capacity":1000,"price_per_gb":null,"color":null},{"name":"LaCie Rugged Mini","price":99.99,"type":"Portable","interface":"USB Type-A 3.2 Gen 1","capacity":2000,"price_per_gb":0.05,"color":"Orange / Silver"},{"name":"Kingston XS2000","price":89.99,"type":"Portable","interface":"USB Type-C 3.2 Gen 2x2","capacity":1000,"price_per_gb":0.09,"color":"Silver"},{"name":"Seagate Expansion","price":104.59,"type":"Portable","interface":"USB Type-C 3.2 Gen 1","capacity":500,"price_per_gb":0.209,"color":"Black"},{"name":"Western Digital ELEMENTS","price":null,"type":"Desktop","interface":"USB Type-A 3.2 Gen 1","capacity":2000,"price_per_gb":null,"color":null},{"name":"Western Digital ELEMENTS","price":null,"type":"Desktop","interface":"USB Type-A 3.2 Gen 1","capacity":3000,"price_per_gb":null,"color":null},{"name":"LaCie 5big","price":null,"type":"Desktop","interface":"Thunderbolt","capacity":25000,"price_per_gb":null,"color":null},{"name":"LaCie d2 Quadra","price":null,"type":"Desktop","interface":"IEEE 1394B 9-Pin, eSATA 3.0 Gb/s, USB Type-A 3.2 Gen 1","capacity":5000,"price_per_gb":null,"color":null},{"name":"Samsung D3 Station","price":null,"type":"Desktop","interface":"USB Type-A 3.2 Gen 1","capacity":5000,"price_per_gb":null,"color":null},{"name":"G-Technology G-DRIVE","price":null,"type":"Desktop","interface":"IEEE 1394B 9-Pin, eSATA 6.0 Gb/s, USB Type-A 3.2 Gen 1","capacity":2000,"price_per_gb":null,"color":null},{"name":"Western Digital ELEMENTS","price":null,"type":"Portable","interface":"USB Type-A 3.2 Gen 1","capacity":1500,"price_per_gb":null,"color":null},{"name":"Samsung MU-PS250B/AM","price":null,"type":"Portable","interface":"USB Type-A 3.2 Gen 1","capacity":250,"price_per_gb":null,"color":null},{"name":"ADATA DashDrive SE720","price":null,"type":"Portable","interface":"USB Type-A 3.2 Gen 1","capacity":128,"price_per_gb":null,"color":null},{"name":"Western Digital My Passport","price":null,"type":"Portable","interface":"USB Type-A 3.2 Gen 1","capacity":2000,"price_per_gb":null,"color":null},{"name":"ADATA SD600","price":null,"type":"Portable","interface":"USB Type-A 3.2 Gen 1","capacity":256,"price_per_gb":null,"color":null},{"name":"Transcend StoreJet","price":89.99,"type":"Portable","interface":"USB Type-A 3.2 Gen 1","capacity":2000,"price_per_gb":0.045,"color":null},{"name":"Seagate Backup Plus Ultra Touch","price":93.99,"type":"Portable","interface":"USB Type-A 3.2 Gen 1","capacity":2000,"price_per_gb":0.047,"color":"White"},{"name":"Western Digital My Passport","price":67.99,"type":"Portable","interface":"USB Type-A 3.2 Gen 1","capacity":1000,"price_per_gb":0.068,"color":"White"},{"name":"Samsung T5 Portable","price":null,"type":"Portable","interface":"USB Type-C 3.2 Gen 2","capacity":1000,"price_per_gb":null,"color":"Red"},{"name":"Samsung T5 Portable","price":null,"type":"Portable","interface":"USB Type-C 3.2 Gen 2","capacity":500,"price_per_gb":null,"color":"Red"},{"name":"Samsung T3 Portable","price":null,"type":"Portable","interface":"USB Type-C 3.2 Gen 1","capacity":250,"price_per_gb":null,"color":null},{"name":"Seagate One Touch","price":149.99,"type":"Portable","interface":"USB Type-A 3.2 Gen 1","capacity":4000,"price_per_gb":0.037,"color":"Blue"},{"name":"Silicon Power PC60","price":71.76,"type":"Portable","interface":"USB Type-C 3.2 Gen 2","capacity":512,"price_per_gb":0.14,"color":"Black"},{"name":"Silicon Power PC60","price":null,"type":"Portable","interface":"USB Type-C 3.2 Gen 2","capacity":240,"price_per_gb":null,"color":"Black"},{"name":"Samsung T7 Portable","price":149.99,"type":"Portable","interface":"USB Type-C 3.2 Gen 1","capacity":2000,"price_per_gb":0.075,"color":"Blue / Silver"},{"name":"Kingston XS2000","price":59.99,"type":"Portable","interface":"USB Type-C 3.2 Gen 2x2","capacity":500,"price_per_gb":0.12,"color":"Silver"},{"name":"Silicon Power PC60","price":null,"type":"Portable","interface":"USB Type-C 3.2 Gen 2","capacity":256,"price_per_gb":null,"color":"Black"},{"name":"Samsung T9 Portable","price":129.99,"type":"Portable","interface":"USB Type-C 3.2 Gen 2x2","capacity":1000,"price_per_gb":0.13,"color":"Black"},{"name":"Silicon Power Bolt B75 Pro","price":null,"type":"Portable","interface":"USB Type-C 3.2 Gen 2","capacity":2000,"price_per_gb":null,"color":"Black"},{"name":"ADATA DashDrive Durable HD650","price":64.75,"type":"Portable","interface":"USB Type-A 3.2 Gen 1","capacity":1000,"price_per_gb":0.065,"color":null},{"name":"SanDisk Extreme 900","price":79.98,"type":"Portable","interface":"USB Type-A 3.2 Gen 2","capacity":960,"price_per_gb":0.083,"color":null},{"name":"Western Digital My Passport","price":129.99,"type":"Portable","interface":"USB Type-A 3.2 Gen 1","capacity":5000,"price_per_gb":0.026,"color":"Blue"},{"name":"Seagate Expansion","price":219.99,"type":"Desktop","interface":"USB Type-A 3.2 Gen 1","capacity":3000,"price_per_gb":0.073,"color":null},{"name":"Apricom ASSD-3PL256-120F","price":null,"type":"Desktop","interface":"USB Type-A 2.0","capacity":120,"price_per_gb":null,"color":null},{"name":"Seagate One Touch","price":299.99,"type":"Desktop","interface":"USB Type-A 3.2 Gen 1","capacity":10000,"price_per_gb":0.03,"color":"Black"},{"name":"Kingston XS2000","price":371.7,"type":"Portable","interface":"USB Type-C 3.2 Gen 2x2","capacity":4000,"price_per_gb":0.093,"color":"Silver"},{"name":"Western Digital ELEMENTS","price":249.78,"type":"Desktop","interface":"USB Type-A 3.2 Gen 1","capacity":5000,"price_per_gb":0.05,"color":null},{"name":"Apricom Aegis Padlock DT","price":568,"type":"Desktop","interface":"USB Type-A 3.2 Gen 1","capacity":1000,"price_per_gb":0.568,"color":null},{"name":"Western Digital easystore","price":null,"type":"Desktop","interface":"USB Type-A 2.0, USB Type-A 3.2 Gen 1","capacity":12000,"price_per_gb":null,"color":"Black"},{"name":"Transcend StoreJet","price":null,"type":"Portable","interface":"USB Type-A 3.2 Gen 1","capacity":1000,"price_per_gb":null,"color":null},{"name":"Western Digital My Passport","price":59.99,"type":"Portable","interface":"USB Type-A 3.2 Gen 1","capacity":1000,"price_per_gb":0.06,"color":"Red"},{"name":"Samsung T5 EVO Portable","price":189.99,"type":"Portable","interface":"USB Type-C 3.2 Gen 1","capacity":2000,"price_per_gb":0.095,"color":"Black"},{"name":"Buffalo Technology DriveStation Combo 4","price":370.69,"type":"Desktop","interface":"IEEE 1394A 6-Pin, IEEE 1394B 9-Pin, eSATA 3.0 Gb/s, USB Type-A 2.0","capacity":2000,"price_per_gb":0.185,"color":null},{"name":"Buffalo Technology DriveStation Axis Velocity","price":139.99,"type":"Desktop","interface":"USB Type-A 3.2 Gen 1","capacity":3000,"price_per_gb":0.047,"color":null},{"name":"Buffalo Technology DriveStation","price":null,"type":"Desktop","interface":"Thunderbolt","capacity":1000,"price_per_gb":null,"color":null},{"name":"Buffalo Technology DriveStation","price":null,"type":"Desktop","interface":"Thunderbolt","capacity":512,"price_per_gb":null,"color":null},{"name":"Western Digital My Book","price":null,"type":"Desktop","interface":"USB Type-A 3.2 Gen 1","capacity":3000,"price_per_gb":null,"color":null},{"name":"LaCie 4big Quadra","price":null,"type":"Desktop","interface":"IEEE 1394B 9-Pin, USB Type-A 3.2 Gen 1","capacity":16000,"price_per_gb":null,"color":null},{"name":"LaCie d2","price":null,"type":"Desktop","interface":"Thunderbolt, USB Type-A 3.2 Gen 1","capacity":6000,"price_per_gb":null,"color":null},{"name":"Samsung D3 Station","price":null,"type":"Desktop","interface":"USB Type-A 3.2 Gen 1","capacity":6000,"price_per_gb":null,"color":null},{"name":"Seagate Expansion","price":null,"type":"Desktop","interface":"USB Type-A 3.2 Gen 1","capacity":5000,"price_per_gb":null,"color":null},{"name":"Seagate Backup Plus","price":228.09,"type":"Desktop","interface":"USB Type-A 3.2 Gen 1","capacity":3000,"price_per_gb":0.076,"color":null},{"name":"Seagate Expansion","price":null,"type":"Desktop","interface":"USB Type-A 3.2 Gen 1","capacity":2000,"price_per_gb":null,"color":null},{"name":"Apricom ASSD-3PL256-480F","price":289.95,"type":"Desktop","interface":"USB Type-A 2.0","capacity":480,"price_per_gb":0.604,"color":null},{"name":"G-Technology G-DRIVE","price":null,"type":"Desktop","interface":"IEEE 1394B 9-Pin, eSATA 6.0 Gb/s, USB Type-A 3.2 Gen 1","capacity":4000,"price_per_gb":null,"color":null},{"name":"Seagate STEB6000403","price":null,"type":"Desktop","interface":"USB Type-A 3.2 Gen 1","capacity":6000,"price_per_gb":null,"color":"Black"},{"name":"Seagate Backup Plus","price":299.59,"type":"Desktop","interface":"USB Type-A 3.2 Gen 1","capacity":4000,"price_per_gb":0.075,"color":"Black"},{"name":"ADATA DashDrive","price":null,"type":"Portable","interface":"USB Type-A 3.2 Gen 1","capacity":1000,"price_per_gb":null,"color":null},{"name":"LaCie Rugged","price":null,"type":"Portable","interface":"Thunderbolt, USB Type-A 3.2 Gen 1","capacity":2000,"price_per_gb":null,"color":null},{"name":"LaCie Porsche Design","price":null,"type":"Portable","interface":"USB Type-A 3.2 Gen 1","capacity":120,"price_per_gb":null,"color":null},{"name":"Seagate Backup Plus Slim","price":184.99,"type":"Portable","interface":"USB Type-A 3.2 Gen 1","capacity":2000,"price_per_gb":0.092,"color":null},{"name":"Seagate Backup Plus Slim","price":null,"type":"Portable","interface":"USB Type-A 3.2 Gen 1","capacity":2000,"price_per_gb":null,"color":null},{"name":"Hitachi HGST Touro Mobile","price":null,"type":"Portable","interface":"USB Type-A 3.2 Gen 1","capacity":500,"price_per_gb":null,"color":null},{"name":"Toshiba Canvio Connect","price":null,"type":"Portable","interface":"USB Type-A 3.2 Gen 1","capacity":500,"price_per_gb":null,"color":null},{"name":"Apricom Aegis Padlock","price":444,"type":"Portable","interface":"USB Type-A 3.2 Gen 1","capacity":128,"price_per_gb":3.469,"color":null},{"name":"Axiom Mobile-D","price":null,"type":"Portable","interface":"USB Type-A 3.2 Gen 1","capacity":250,"price_per_gb":null,"color":null},{"name":"Transcend StoreJet","price":null,"type":"Portable","interface":"USB Type-A 2.0","capacity":750,"price_per_gb":null,"color":null},{"name":"Toshiba Canvio Connect","price":null,"type":"Portable","interface":"USB Type-A 3.2 Gen 1","capacity":1000,"price_per_gb":null,"color":null},{"name":"Seagate STDR5000100","price":null,"type":"Portable","interface":null,"capacity":5000,"price_per_gb":null,"color":null},{"name":"ADATA SD600","price":null,"type":"Portable","interface":"USB Type-A 3.2 Gen 1","capacity":512,"price_per_gb":null,"color":null},{"name":"ADATA SD700","price":274,"type":"Portable","interface":"USB Type-A 3.2 Gen 1","capacity":256,"price_per_gb":1.07,"color":null},{"name":"Seagate Backup Plus Portable","price":null,"type":"Portable","interface":"USB Type-A 3.2 Gen 1","capacity":5000,"price_per_gb":null,"color":"Black"},{"name":"Apricom Aegis Padlock Fortress","price":251.29,"type":"Portable","interface":"USB Type-A 3.2 Gen 1","capacity":2000,"price_per_gb":0.126,"color":"Black"},{"name":"Apricom Aegis Padlock DT","price":null,"type":"Portable","interface":"USB Type-A 3.2 Gen 1","capacity":14000,"price_per_gb":null,"color":"Black"},{"name":"Apricom Aegis Padlock","price":294.99,"type":"Portable","interface":"USB Type-A 3.2 Gen 1","capacity":512,"price_per_gb":0.576,"color":"Black"},{"name":"Seagate Backup Plus Ultra Touch","price":null,"type":"Portable","interface":"USB Type-A 3.2 Gen 1","capacity":1000,"price_per_gb":null,"color":"Black"},{"name":"Seagate Backup Plus Ultra Touch","price":null,"type":"Portable","interface":"USB Type-A 3.2 Gen 1","capacity":2000,"price_per_gb":null,"color":"Black"},{"name":"Western Digital G-DRIVE ev RaW","price":null,"type":"Portable","interface":"USB Type-A 2.0, USB Type-A 3.2 Gen 1","capacity":2000,"price_per_gb":null,"color":"Silver"},{"name":"Western Digital My Passport","price":67.98,"type":"Portable","interface":"USB Type-A 3.2 Gen 1","capacity":1000,"price_per_gb":0.068,"color":"Blue"},{"name":"Samsung T7 Portable","price":null,"type":"Portable","interface":"USB Type-C 3.2 Gen 2","capacity":1000,"price_per_gb":null,"color":"Silver"},{"name":"Seagate One Touch","price":75,"type":"Portable","interface":"USB Type-A 3.2 Gen 1","capacity":1000,"price_per_gb":0.075,"color":"Silver"},{"name":"Seagate One Touch","price":73.98,"type":"Portable","interface":"USB Type-A 3.2 Gen 1","capacity":1000,"price_per_gb":0.074,"color":"Blue"},{"name":"Seagate One Touch","price":null,"type":"Portable","interface":"USB Type-A 3.2 Gen 1","capacity":1000,"price_per_gb":null,"color":"Gray"},{"name":"Seagate One Touch","price":89.99,"type":"Portable","interface":"USB Type-A 3.2 Gen 1","capacity":2000,"price_per_gb":0.045,"color":"Red"},{"name":"Seagate One Touch","price":140.01,"type":"Portable","interface":"USB Type-A 3.2 Gen 1","capacity":2000,"price_per_gb":0.07,"color":"Gray"},{"name":"Seagate One Touch","price":169.5,"type":"Portable","interface":"USB Type-A 3.2 Gen 1","capacity":5000,"price_per_gb":0.034,"color":"Silver"},{"name":"Western Digital My Passport For Mac","price":null,"type":"Portable","interface":"USB Type-A 3.2 Gen 1, USB Type-C 3.2 Gen 1","capacity":1000,"price_per_gb":null,"color":"Black"},{"name":"Verbatim Vx460","price":null,"type":"Portable","interface":"USB Type-A 3.2 Gen 1","capacity":256,"price_per_gb":null,"color":"Black"},{"name":"Seagate Barracuda Fast","price":null,"type":"Portable","interface":"USB Type-C","capacity":500,"price_per_gb":null,"color":"Black"},{"name":"Silicon Power PC60","price":252,"type":"Portable","interface":"USB Type-C 3.2 Gen 2","capacity":2000,"price_per_gb":0.126,"color":"Black"},{"name":"Silicon Power Bolt B75 Pro","price":null,"type":"Portable","interface":"USB Type-C 3.2 Gen 2","capacity":512,"price_per_gb":null,"color":"Black"},{"name":"Silicon Power Bolt B75","price":226.75,"type":"Portable","interface":"USB Type-C 3.2 Gen 1","capacity":960,"price_per_gb":0.236,"color":"Silver"},{"name":"Crucial X9","price":97.99,"type":"Portable","interface":"USB Type-C 3.2 Gen 2","capacity":2000,"price_per_gb":0.049,"color":"Black"},{"name":"KIOXIA EXCERIA PLUS","price":null,"type":"Portable","interface":"USB Type-C 3.2 Gen 2","capacity":1000,"price_per_gb":null,"color":"Gray"},{"name":"Sabrent Rocket Nano V2","price":99.99,"type":"Portable","interface":"USB Type-C 3.2 Gen 2x2","capacity":1000,"price_per_gb":0.1,"color":"Black"},{"name":"Seagate Backup Plus","price":null,"type":"Portable","interface":"USB Type-A 3.2 Gen 1","capacity":4000,"price_per_gb":null,"color":null},{"name":"Sabrent Rocket Nano V2","price":169.99,"type":"Portable","interface":"USB Type-C 3.2 Gen 2x2","capacity":2000,"price_per_gb":0.085,"color":"Black"},{"name":"Seagate Backup Plus","price":278.49,"type":"Desktop","interface":"USB Type-A 3.2 Gen 1","capacity":4000,"price_per_gb":0.07,"color":null},{"name":"SanDisk G-DRIVE ArmorLock","price":189.99,"type":"Portable","interface":"USB Type-C 3.2 Gen 1","capacity":2000,"price_per_gb":0.095,"color":"Black / Yellow"},{"name":"Seagate One Touch","price":179,"type":"Portable","interface":"USB Type-A 3.2 Gen 1","capacity":5000,"price_per_gb":0.036,"color":"Red"},{"name":"Crucial X9","price":62.99,"type":"Portable","interface":"USB Type-C 3.2 Gen 2","capacity":1000,"price_per_gb":0.063,"color":"Black"},{"name":"Western Digital My Book","price":199.99,"type":"Desktop","interface":"USB Type-A 3.2 Gen 1","capacity":3000,"price_per_gb":0.067,"color":null},{"name":"Seagate Backup Plus","price":229,"type":"Desktop","interface":"USB Type-A 3.2 Gen 1","capacity":2000,"price_per_gb":0.114,"color":null},{"name":"Western Digital My Book","price":177.98,"type":"Desktop","interface":"USB Type-A 3.2 Gen 1","capacity":6000,"price_per_gb":0.03,"color":null},{"name":"Seagate Backup Plus Hub","price":289.99,"type":"Desktop","interface":"USB Type-A 3.2 Gen 1","capacity":10000,"price_per_gb":0.029,"color":"Black"},{"name":"Lenovo ThinkPad","price":248.03,"type":"Portable","interface":"USB Type-A 3.2 Gen 1","capacity":1000,"price_per_gb":0.248,"color":null},{"name":"Seagate Backup Plus Portable","price":184.49,"type":"Portable","interface":"USB Type-A 3.2 Gen 1","capacity":4000,"price_per_gb":0.046,"color":"Blue / White"},{"name":"Samsung T7 Portable","price":104.99,"type":"Portable","interface":"USB Type-C 3.2 Gen 2","capacity":500,"price_per_gb":0.21,"color":"Silver"},{"name":"Samsung T7 Portable","price":159.99,"type":"Portable","interface":"USB Type-C 3.2 Gen 2","capacity":500,"price_per_gb":0.32,"color":"Black"},{"name":"Seagate One Touch","price":199.99,"type":"Portable","interface":"USB Type-A 3.2 Gen 2, USB Type-C 3.2 Gen 2","capacity":2000,"price_per_gb":0.1,"color":"Silver"},{"name":"Seagate One Touch","price":78.34,"type":"Portable","interface":"USB Type-A 3.2 Gen 1","capacity":1000,"price_per_gb":0.078,"color":"Red"},{"name":"Seagate One Touch","price":149,"type":"Portable","interface":"USB Type-A 3.2 Gen 1","capacity":4000,"price_per_gb":0.037,"color":"Silver"},{"name":"Seagate One Touch","price":null,"type":"Portable","interface":"USB Type-A 3.2 Gen 1","capacity":4000,"price_per_gb":null,"color":"Red"},{"name":"Seagate One Touch","price":203.18,"type":"Portable","interface":"USB Type-A 3.2 Gen 1","capacity":5000,"price_per_gb":0.041,"color":"Blue"},{"name":"Silicon Power PC60","price":179,"type":"Portable","interface":"USB Type-C 3.2 Gen 2","capacity":1000,"price_per_gb":0.179,"color":"Black"},{"name":"Silicon Power PC60","price":null,"type":"Portable","interface":"USB Type-C 3.2 Gen 2","capacity":480,"price_per_gb":null,"color":"Black"},{"name":"Buffalo Technology DriveStation Axis","price":null,"type":"Desktop","interface":"USB Type-A 3.2 Gen 1","capacity":1000,"price_per_gb":null,"color":null},{"name":"Buffalo Technology DriveStation","price":null,"type":"Desktop","interface":"USB Type-A 3.2 Gen 1","capacity":2000,"price_per_gb":null,"color":null},{"name":"Buffalo Technology DriveStation","price":null,"type":"Desktop","interface":"IEEE 1394A 6-Pin, IEEE 1394B 9-Pin, eSATA 3.0 Gb/s, USB Type-A 2.0","capacity":1000,"price_per_gb":null,"color":null},{"name":"Buffalo Technology DriveStation","price":null,"type":"Desktop","interface":"USB Type-A 3.2 Gen 1","capacity":3000,"price_per_gb":null,"color":null},{"name":"Buffalo Technology DriveStation","price":null,"type":"Desktop","interface":"USB Type-A 3.2 Gen 1","capacity":4000,"price_per_gb":null,"color":null},{"name":"Buffalo Technology DriveStation Axis Velocity","price":null,"type":"Desktop","interface":"USB Type-A 3.2 Gen 1","capacity":1000,"price_per_gb":null,"color":null},{"name":"Buffalo Technology DriveStation Duo","price":null,"type":"Desktop","interface":"USB Type-A 3.2 Gen 1","capacity":2000,"price_per_gb":null,"color":null},{"name":"Buffalo Technology DriveStation Duo","price":null,"type":"Desktop","interface":"USB Type-A 3.2 Gen 1","capacity":4000,"price_per_gb":null,"color":null},{"name":"Buffalo Technology DriveStation Duo","price":null,"type":"Desktop","interface":"USB Type-A 3.2 Gen 1","capacity":6000,"price_per_gb":null,"color":null},{"name":"Buffalo Technology DriveStation Duo","price":null,"type":"Desktop","interface":"USB Type-A 3.2 Gen 1","capacity":8000,"price_per_gb":null,"color":null},{"name":"Buffalo Technology DriveStation","price":null,"type":"Desktop","interface":"Thunderbolt","capacity":256,"price_per_gb":null,"color":null},{"name":"LaCie d2 Quadra","price":null,"type":"Desktop","interface":"IEEE 1394B 9-Pin, eSATA 3.0 Gb/s, USB Type-A 3.2 Gen 1","capacity":2000,"price_per_gb":null,"color":null},{"name":"LaCie d2 Quadra","price":null,"type":"Desktop","interface":"IEEE 1394B 9-Pin, eSATA 3.0 Gb/s, USB Type-A 3.2 Gen 1","capacity":3000,"price_per_gb":null,"color":null},{"name":"LaCie Minimus","price":null,"type":"Desktop","interface":"USB Type-A 3.2 Gen 1","capacity":2000,"price_per_gb":null,"color":null},{"name":"LaCie Blade Runner","price":null,"type":"Desktop","interface":"USB Type-A 3.2 Gen 1","capacity":4000,"price_per_gb":null,"color":null},{"name":"Western Digital My Book Studio","price":null,"type":"Desktop","interface":"IEEE 1394B 9-Pin, USB Type-A 2.0","capacity":2000,"price_per_gb":null,"color":null},{"name":"Western Digital My Book Studio","price":null,"type":"Desktop","interface":"IEEE 1394B 9-Pin, USB Type-A 2.0","capacity":3000,"price_per_gb":null,"color":null},{"name":"Western Digital My Book Studio","price":null,"type":"Desktop","interface":"USB Type-A 3.2 Gen 1","capacity":4000,"price_per_gb":null,"color":null},{"name":"Western Digital My Book Thunderbolt Duo","price":null,"type":"Desktop","interface":"Thunderbolt","capacity":4000,"price_per_gb":null,"color":null},{"name":"Western Digital My Book for Mac","price":null,"type":"Desktop","interface":"USB Type-A 3.2 Gen 1","capacity":2000,"price_per_gb":null,"color":null},{"name":"Western Digital My Book for Mac","price":null,"type":"Desktop","interface":"USB Type-A 3.2 Gen 1","capacity":3000,"price_per_gb":null,"color":null},{"name":"LaCie d2","price":null,"type":"Desktop","interface":"Thunderbolt, USB Type-A 3.2 Gen 1","capacity":4000,"price_per_gb":null,"color":null},{"name":"LaCie 2big Quadra","price":null,"type":"Desktop","interface":"IEEE 1394B 9-Pin, USB Type-A 3.2 Gen 1","capacity":4000,"price_per_gb":null,"color":null},{"name":"LaCie Little Big Disk","price":null,"type":"Desktop","interface":"Thunderbolt","capacity":1000,"price_per_gb":null,"color":null},{"name":"LaCie 4big Quadra","price":null,"type":"Desktop","interface":"IEEE 1394B 9-Pin, USB Type-A 3.2 Gen 1","capacity":12000,"price_per_gb":null,"color":null},{"name":"LaCie d2","price":null,"type":"Desktop","interface":"Thunderbolt, USB Type-A 3.2 Gen 1","capacity":3000,"price_per_gb":null,"color":null},{"name":"LaCie 2big Quadra","price":null,"type":"Desktop","interface":"IEEE 1394B 9-Pin, USB Type-A 3.2 Gen 1","capacity":6000,"price_per_gb":null,"color":null},{"name":"LaCie Porsche Design","price":null,"type":"Desktop","interface":"USB Type-A 3.2 Gen 1","capacity":4000,"price_per_gb":null,"color":null},{"name":"LaCie d2","price":null,"type":"Desktop","interface":"Thunderbolt, USB Type-A 3.2 Gen 1","capacity":5000,"price_per_gb":null,"color":null},{"name":"LaCie Minimus","price":null,"type":"Desktop","interface":"USB Type-A 3.2 Gen 1","capacity":3000,"price_per_gb":null,"color":null},{"name":"LaCie 4big Quadra","price":null,"type":"Desktop","interface":"IEEE 1394B 9-Pin, USB Type-A 3.2 Gen 1","capacity":8000,"price_per_gb":null,"color":null},{"name":"LaCie 2big","price":null,"type":"Desktop","interface":"Thunderbolt","capacity":10000,"price_per_gb":null,"color":null},{"name":"LaCie d2","price":null,"type":"Desktop","interface":"Thunderbolt, USB Type-A 3.2 Gen 1","capacity":3000,"price_per_gb":null,"color":null},{"name":"LaCie d2","price":null,"type":"Desktop","interface":"Thunderbolt, USB Type-A 3.2 Gen 1","capacity":4000,"price_per_gb":null,"color":null},{"name":"Samsung D3 Station","price":null,"type":"Desktop","interface":"USB Type-A 3.2 Gen 1","capacity":2000,"price_per_gb":null,"color":null},{"name":"Samsung D3 Station","price":null,"type":"Desktop","interface":"USB Type-A 3.2 Gen 1","capacity":3000,"price_per_gb":null,"color":null},{"name":"Samsung D3 Station","price":null,"type":"Desktop","interface":null,"capacity":4000,"price_per_gb":null,"color":null},{"name":"Samsung D3 Station","price":null,"type":"Desktop","interface":"USB Type-A 3.2 Gen 1","capacity":2000,"price_per_gb":null,"color":null},{"name":"Samsung D3 Station","price":null,"type":"Desktop","interface":"USB Type-A 3.2 Gen 1","capacity":3000,"price_per_gb":null,"color":null},{"name":"Samsung D3 Station","price":null,"type":"Desktop","interface":"USB Type-A 3.2 Gen 1","capacity":4000,"price_per_gb":null,"color":null},{"name":"Seagate Expansion","price":null,"type":"Desktop","interface":"USB Type-A 3.2 Gen 1","capacity":4000,"price_per_gb":null,"color":null},{"name":"Seagate Backup Plus","price":null,"type":"Desktop","interface":"USB Type-A 3.2 Gen 1","capacity":6000,"price_per_gb":null,"color":null},{"name":"Seagate Backup Plus","price":null,"type":"Desktop","interface":"USB Type-A 3.2 Gen 1","capacity":3000,"price_per_gb":null,"color":null},{"name":"Hitachi HGST Touro Desk","price":null,"type":"Desktop","interface":"USB Type-A 3.2 Gen 1","capacity":4000,"price_per_gb":null,"color":null},{"name":"Hitachi HGST Touro Desk Pro","price":null,"type":"Desktop","interface":"USB Type-A 3.2 Gen 1","capacity":4000,"price_per_gb":null,"color":null},{"name":"Apricom Aegis Padlock DT","price":null,"type":"Desktop","interface":"USB Type-A 3.2 Gen 1","capacity":2000,"price_per_gb":null,"color":null},{"name":"Apricom Aegis Padlock DT","price":175.99,"type":"Desktop","interface":"USB Type-A 3.2 Gen 1","capacity":2000,"price_per_gb":0.088,"color":null},{"name":"Axiom USB3HD35S1TB-AX","price":null,"type":"Desktop","interface":"USB Type-A 3.2 Gen 1","capacity":1000,"price_per_gb":null,"color":null},{"name":"Axiom USB3HD35S250-AX","price":null,"type":"Desktop","interface":null,"capacity":250,"price_per_gb":null,"color":null},{"name":"Axiom USB3HD35S2TB-AX","price":null,"type":"Desktop","interface":"USB Type-A 3.2 Gen 1","capacity":2000,"price_per_gb":null,"color":null},{"name":"Axiom USB3HD35S3TB-AX","price":null,"type":"Desktop","interface":"USB Type-A 3.2 Gen 1","capacity":3000,"price_per_gb":null,"color":null},{"name":"Axiom USB3HD35S500-AX","price":null,"type":"Desktop","interface":null,"capacity":500,"price_per_gb":null,"color":null},{"name":"Buslink CRF-2T-U2","price":null,"type":"Desktop","interface":"USB Type-A 2.0","capacity":2000,"price_per_gb":null,"color":null},{"name":"Buslink CSC-1T-U2","price":null,"type":"Desktop","interface":"USB Type-A 2.0","capacity":1000,"price_per_gb":null,"color":null},{"name":"Buslink CSC-2T-U3","price":null,"type":"Desktop","interface":"USB Type-A 3.2 Gen 1","capacity":2000,"price_per_gb":null,"color":null},{"name":"Apricom Aegis Padlock DT","price":null,"type":"Desktop","interface":"USB Type-A 3.2 Gen 1","capacity":1000,"price_per_gb":null,"color":null},{"name":"Imation Apollo Pro UX","price":null,"type":"Desktop","interface":"USB Type-A 2.0","capacity":1000,"price_per_gb":null,"color":null},{"name":"Transcend StoreJet 35T3","price":null,"type":"Desktop","interface":"USB Type-A 3.2 Gen 1","capacity":3000,"price_per_gb":null,"color":null},{"name":"Transcend StoreJet 35T3","price":null,"type":"Desktop","interface":"USB Type-A 3.2 Gen 1","capacity":2000,"price_per_gb":null,"color":null},{"name":"Toshiba Canvio Desk","price":null,"type":"Desktop","interface":"USB Type-A 3.2 Gen 1","capacity":2000,"price_per_gb":null,"color":null},{"name":"LaCie Porsche Design","price":null,"type":"Desktop","interface":"USB Type-A 3.2 Gen 1","capacity":8000,"price_per_gb":null,"color":null},{"name":"Buslink CipherShield","price":null,"type":"Desktop","interface":"USB Type-A 3.2 Gen 1","capacity":6000,"price_per_gb":null,"color":null},{"name":"Edge Tech EDGDG-236236-PE","price":null,"type":"Desktop","interface":"USB Type-A 3.2 Gen 1","capacity":4000,"price_per_gb":null,"color":null},{"name":"Apricom ASSD-3PL256-240F","price":186.03,"type":"Desktop","interface":"USB Type-A 2.0","capacity":240,"price_per_gb":0.775,"color":null},{"name":"G-Technology G-DRIVE","price":null,"type":"Desktop","interface":"IEEE 1394B 9-Pin, eSATA 6.0 Gb/s, USB Type-A 3.2 Gen 1","capacity":3000,"price_per_gb":null,"color":null},{"name":"Western Digital My Book Duo","price":419.99,"type":"Desktop","interface":"USB Type-A 3.2 Gen 1, USB Type-C 3.2 Gen 1","capacity":4000,"price_per_gb":0.105,"color":"Black"},{"name":"Western Digital My Book Duo","price":618.49,"type":"Desktop","interface":"USB Type-A 3.2 Gen 1, USB Type-C 3.2 Gen 1","capacity":6000,"price_per_gb":0.103,"color":"Black"},{"name":"Western Digital My Book Duo","price":null,"type":"Desktop","interface":"USB Type-A 3.2 Gen 1, USB Type-C 3.2 Gen 1","capacity":12000,"price_per_gb":null,"color":"Black"},{"name":"Verbatim 99399","price":null,"type":"Desktop","interface":"USB Type-A 3.2 Gen 1","capacity":4000,"price_per_gb":null,"color":"Black"},{"name":"LaCie Porsche Design","price":null,"type":"Desktop","interface":"USB Type-A 3.2 Gen 1","capacity":1000,"price_per_gb":null,"color":"Silver"},{"name":"LaCie Porsche Design","price":null,"type":"Desktop","interface":"USB Type-A 3.2 Gen 1","capacity":2000,"price_per_gb":null,"color":"Silver"},{"name":"Buffalo Technology MiniStation","price":null,"type":"Portable","interface":"USB Type-A 3.2 Gen 1","capacity":1000,"price_per_gb":null,"color":null},{"name":"Buffalo Technology MiniStation","price":null,"type":"Portable","interface":"USB Type-A 3.2 Gen 1","capacity":2000,"price_per_gb":null,"color":null},{"name":"Buffalo Technology MiniStation","price":null,"type":"Portable","interface":"USB Type-A 3.2 Gen 1","capacity":500,"price_per_gb":null,"color":null},{"name":"Buffalo Technology MiniStation Extreme","price":null,"type":"Portable","interface":"USB Type-A 3.2 Gen 1","capacity":1000,"price_per_gb":null,"color":null},{"name":"Buffalo Technology MiniStation Extreme","price":null,"type":"Portable","interface":"USB Type-A 3.2 Gen 1","capacity":1000,"price_per_gb":null,"color":null},{"name":"Buffalo Technology MiniStation Extreme","price":null,"type":"Portable","interface":"USB Type-A 3.2 Gen 1","capacity":1000,"price_per_gb":null,"color":null},{"name":"Buffalo Technology MiniStation Extreme","price":null,"type":"Portable","interface":"USB Type-A 3.2 Gen 1","capacity":500,"price_per_gb":null,"color":null},{"name":"Buffalo Technology MiniStation Extreme","price":null,"type":"Portable","interface":"USB Type-A 3.2 Gen 1","capacity":500,"price_per_gb":null,"color":null},{"name":"Buffalo Technology MiniStation Extreme","price":null,"type":"Portable","interface":"USB Type-A 3.2 Gen 1","capacity":500,"price_per_gb":null,"color":null},{"name":"LaCie Rugged Mini","price":null,"type":"Portable","interface":"USB Type-A 3.2 Gen 1","capacity":500,"price_per_gb":null,"color":null},{"name":"LaCie Rugged Mini","price":null,"type":"Portable","interface":"USB Type-A 3.2 Gen 1","capacity":500,"price_per_gb":null,"color":null},{"name":"LaCie Rikiki","price":null,"type":"Portable","interface":"USB Type-A 3.2 Gen 1","capacity":500,"price_per_gb":null,"color":null},{"name":"LaCie Rugged","price":null,"type":"Portable","interface":"IEEE 1394B 9-Pin, USB Type-A 3.2 Gen 1","capacity":500,"price_per_gb":null,"color":null},{"name":"LaCie Rugged","price":null,"type":"Portable","interface":"IEEE 1394B 9-Pin, USB Type-A 3.2 Gen 1","capacity":500,"price_per_gb":null,"color":null},{"name":"LaCie Rugged","price":null,"type":"Portable","interface":"IEEE 1394B 9-Pin, USB Type-A 3.2 Gen 1","capacity":1000,"price_per_gb":null,"color":null},{"name":"LaCie Porsche Design","price":null,"type":"Portable","interface":"USB Type-A 3.2 Gen 1","capacity":500,"price_per_gb":null,"color":null},{"name":"LaCie Porsche Design","price":null,"type":"Portable","interface":"USB Type-A 3.2 Gen 1","capacity":1000,"price_per_gb":null,"color":null},{"name":"Western Digital My Passport Studio","price":null,"type":"Portable","interface":"IEEE 1394B 9-Pin, USB Type-A 2.0","capacity":1000,"price_per_gb":null,"color":null},{"name":"Western Digital My Passport Studio","price":null,"type":"Portable","interface":"IEEE 1394B 9-Pin, USB Type-A 2.0","capacity":2000,"price_per_gb":null,"color":null},{"name":"Western Digital ELEMENTS","price":null,"type":"Portable","interface":"USB Type-A 3.2 Gen 1","capacity":500,"price_per_gb":null,"color":null},{"name":"Western Digital My Passport Air","price":null,"type":"Portable","interface":"USB Type-A 3.2 Gen 1","capacity":1000,"price_per_gb":null,"color":null},{"name":"LaCie Rugged Mini","price":null,"type":"Portable","interface":"USB Type-A 3.2 Gen 1","capacity":1500,"price_per_gb":null,"color":null},{"name":"LaCie Rugged","price":null,"type":"Portable","interface":"Thunderbolt, USB Type-A 3.2 Gen 1","capacity":120,"price_per_gb":null,"color":null},{"name":"LaCie Rugged","price":null,"type":"Portable","interface":"Thunderbolt, USB Type-A 3.2 Gen 1","capacity":1000,"price_per_gb":null,"color":null},{"name":"LaCie Little Big Disk","price":null,"type":"Portable","interface":"Thunderbolt","capacity":512,"price_per_gb":null,"color":null},{"name":"LaCie Rugged","price":null,"type":"Portable","interface":"Thunderbolt, USB Type-A 3.2 Gen 1","capacity":256,"price_per_gb":null,"color":null},{"name":"LaCie Porsche Design","price":null,"type":"Portable","interface":null,"capacity":250,"price_per_gb":null,"color":null},{"name":"Verbatim Store 'n' Go","price":null,"type":"Portable","interface":"USB Type-A 3.2 Gen 1","capacity":128,"price_per_gb":null,"color":null},{"name":"Verbatim Store 'n' Go","price":null,"type":"Portable","interface":"USB Type-A 3.2 Gen 1","capacity":256,"price_per_gb":null,"color":null},{"name":"Verbatim Titan XS","price":123.04,"type":"Portable","interface":null,"capacity":1000,"price_per_gb":0.123,"color":null},{"name":"Verbatim Freecom","price":null,"type":"Portable","interface":"USB Type-A 3.2 Gen 1","capacity":1000,"price_per_gb":null,"color":null},{"name":"Verbatim Freecom","price":null,"type":"Portable","interface":"USB Type-A 3.2 Gen 1","capacity":1000,"price_per_gb":null,"color":null},{"name":"Verbatim 97805","price":null,"type":"Portable","interface":"USB Type-A 3.2 Gen 1","capacity":500,"price_per_gb":null,"color":null},{"name":"Verbatim 97806","price":null,"type":"Portable","interface":"USB Type-A 3.2 Gen 1","capacity":1000,"price_per_gb":null,"color":null},{"name":"Samsung P3","price":null,"type":"Portable","interface":"USB Type-A 3.2 Gen 1","capacity":500,"price_per_gb":null,"color":null},{"name":"Samsung P3","price":null,"type":"Portable","interface":"USB Type-A 3.2 Gen 1","capacity":1000,"price_per_gb":null,"color":null},{"name":"Samsung P3 Portable","price":null,"type":"Portable","interface":"USB Type-A 3.2 Gen 1","capacity":2000,"price_per_gb":null,"color":null},{"name":"Samsung MU-PS500B/AM","price":null,"type":"Portable","interface":"USB Type-A 3.2 Gen 1","capacity":500,"price_per_gb":null,"color":null},{"name":"Seagate GoFlex for Mac","price":null,"type":"Portable","interface":"Thunderbolt","capacity":1000,"price_per_gb":null,"color":null},{"name":"Seagate Backup Plus","price":null,"type":"Portable","interface":"USB Type-A 3.2 Gen 1","capacity":1000,"price_per_gb":null,"color":null},{"name":"Seagate Backup Plus Slim","price":null,"type":"Portable","interface":"USB Type-A 3.2 Gen 1","capacity":2000,"price_per_gb":null,"color":null},{"name":"Hitachi GST Touro Mobile Pro","price":null,"type":"Portable","interface":"USB Type-A 3.2 Gen 1","capacity":500,"price_per_gb":null,"color":null},{"name":"Hitachi HGST Touro Mobile","price":null,"type":"Portable","interface":"USB Type-A 3.2 Gen 1","capacity":1000,"price_per_gb":null,"color":null},{"name":"Hitachi HGST Touro Mobile Pro","price":null,"type":"Portable","interface":"USB Type-A 3.2 Gen 1","capacity":1000,"price_per_gb":null,"color":null},{"name":"HP HPHDD2E30500AS1-RBU","price":null,"type":"Portable","interface":"USB Type-A 3.2 Gen 1","capacity":500,"price_per_gb":null,"color":null},{"name":"ADATA CH11","price":null,"type":"Portable","interface":"USB Type-A 3.2 Gen 1","capacity":500,"price_per_gb":null,"color":null},{"name":"ADATA AHV620-2TU3-CBK","price":139.66,"type":"Portable","interface":"USB Type-A 3.2 Gen 1","capacity":2000,"price_per_gb":0.07,"color":null},{"name":"ADATA AHV620-500GU3-CBK","price":null,"type":"Portable","interface":"USB Type-A 3.2 Gen 1","capacity":500,"price_per_gb":null,"color":null},{"name":"ADATA SH14","price":null,"type":"Portable","interface":"USB Type-A 3.2 Gen 1","capacity":1000,"price_per_gb":null,"color":null},{"name":"Apricom Aegis Bio","price":null,"type":"Portable","interface":"USB Type-A 3.2 Gen 1","capacity":1000,"price_per_gb":null,"color":null},{"name":"Apricom Aegis Bio 3.0","price":null,"type":"Portable","interface":"USB Type-A 3.2 Gen 1","capacity":512,"price_per_gb":null,"color":null},{"name":"Apricom Aegis Padlock","price":null,"type":"Portable","interface":"USB Type-A 3.2 Gen 1","capacity":1000,"price_per_gb":null,"color":null},{"name":"Apricom Aegis Padlock","price":null,"type":"Portable","interface":"USB Type-A 3.2 Gen 1","capacity":500,"price_per_gb":null,"color":null},{"name":"Apricom Aegis Padlock Fortress","price":222.84,"type":"Portable","interface":"USB Type-A 3.2 Gen 1","capacity":1000,"price_per_gb":0.223,"color":null},{"name":"Apricom Aegis Padlock Fortress","price":null,"type":"Portable","interface":"USB Type-A 3.2 Gen 1","capacity":500,"price_per_gb":null,"color":null},{"name":"Apricom Aegis Padlock","price":153.88,"type":"Portable","interface":"USB Type-A 3.2 Gen 1","capacity":500,"price_per_gb":0.308,"color":null},{"name":"Apricom Aegis Padlock Fortress","price":168.45,"type":"Portable","interface":"USB Type-A 3.2 Gen 1","capacity":500,"price_per_gb":0.337,"color":null},{"name":"Apricom Aegis Portable 3.0","price":null,"type":"Portable","interface":"USB Type-A 3.2 Gen 1","capacity":1000,"price_per_gb":null,"color":null},{"name":"Apricom Aegis Portable 3.0","price":null,"type":"Portable","interface":"USB Type-A 3.2 Gen 1","capacity":500,"price_per_gb":null,"color":null},{"name":"Apricom Aegis Padlock","price":null,"type":"Portable","interface":"USB Type-A 2.0","capacity":1000,"price_per_gb":null,"color":null},{"name":"Apricom Aegis Padlock","price":null,"type":"Portable","interface":"USB Type-A 2.0","capacity":1000,"price_per_gb":null,"color":null},{"name":"Apricom Aegis Padlock","price":null,"type":"Portable","interface":"USB Type-A 2.0","capacity":320,"price_per_gb":null,"color":null},{"name":"Apricom Aegis Padlock","price":null,"type":"Portable","interface":null,"capacity":500,"price_per_gb":null,"color":null},{"name":"Apricom Aegis Padlock","price":null,"type":"Portable","interface":"eSATA 3.0 Gb/s, USB Type-A 2.0","capacity":1000,"price_per_gb":null,"color":null},{"name":"Axiom Mobile-D","price":null,"type":"Portable","interface":"USB Type-A 3.2 Gen 1","capacity":1000,"price_per_gb":null,"color":null},{"name":"Axiom Mobile-D","price":null,"type":"Portable","interface":"USB Type-A 3.2 Gen 1","capacity":320,"price_per_gb":null,"color":null},{"name":"Axiom Mobile-D","price":null,"type":"Portable","interface":"USB Type-A 3.2 Gen 1","capacity":500,"price_per_gb":null,"color":null},{"name":"Axiom Mobile-D","price":null,"type":"Portable","interface":"USB Type-A 3.2 Gen 1","capacity":750,"price_per_gb":null,"color":null},{"name":"Axiom Mobile-D","price":null,"type":"Portable","interface":"USB Type-A 3.2 Gen 1","capacity":250,"price_per_gb":null,"color":null},{"name":"Axiom Mobile-D","price":null,"type":"Portable","interface":"USB Type-A 3.2 Gen 1","capacity":320,"price_per_gb":null,"color":null},{"name":"Axiom Mobile-D","price":null,"type":"Portable","interface":"USB Type-A 3.2 Gen 1","capacity":500,"price_per_gb":null,"color":null},{"name":"Transcend StoreJet","price":null,"type":"Portable","interface":"USB Type-A 3.2 Gen 1","capacity":500,"price_per_gb":null,"color":null},{"name":"Transcend StoreJet","price":null,"type":"Portable","interface":"USB Type-A 2.0","capacity":500,"price_per_gb":null,"color":null},{"name":"Transcend StoreJet","price":null,"type":"Portable","interface":"USB Type-A 2.0","capacity":500,"price_per_gb":null,"color":null},{"name":"Imation Apollo Expert","price":null,"type":"Portable","interface":"USB Type-A 3.2 Gen 1","capacity":1000,"price_per_gb":null,"color":null},{"name":"Toshiba Canvio Connect","price":null,"type":"Portable","interface":"USB Type-A 3.2 Gen 1","capacity":500,"price_per_gb":null,"color":null},{"name":"Toshiba Canvio Connect","price":null,"type":"Portable","interface":"USB Type-A 3.2 Gen 1","capacity":500,"price_per_gb":null,"color":null},{"name":"Toshiba Canvio Connect","price":null,"type":"Portable","interface":"USB Type-A 3.2 Gen 1","capacity":500,"price_per_gb":null,"color":null},{"name":"Toshiba Canvio Connect","price":null,"type":"Portable","interface":"USB Type-A 3.2 Gen 1","capacity":500,"price_per_gb":null,"color":null},{"name":"Toshiba Canvio Connect","price":null,"type":"Portable","interface":"USB Type-A 3.2 Gen 1","capacity":750,"price_per_gb":null,"color":null},{"name":"Toshiba Canvio Connect","price":null,"type":"Portable","interface":"USB Type-A 3.2 Gen 1","capacity":750,"price_per_gb":null,"color":null},{"name":"Toshiba Canvio Connect","price":null,"type":"Portable","interface":"USB Type-A 3.2 Gen 1","capacity":750,"price_per_gb":null,"color":null},{"name":"Toshiba Canvio Connect","price":null,"type":"Portable","interface":"USB Type-A 3.2 Gen 1","capacity":750,"price_per_gb":null,"color":null},{"name":"Toshiba Canvio Connect","price":null,"type":"Portable","interface":"USB Type-A 3.2 Gen 1","capacity":750,"price_per_gb":null,"color":null},{"name":"Toshiba Canvio Connect","price":null,"type":"Portable","interface":"USB Type-A 3.2 Gen 1","capacity":1000,"price_per_gb":null,"color":null},{"name":"Toshiba Canvio Connect","price":null,"type":"Portable","interface":"USB Type-A 3.2 Gen 1","capacity":1000,"price_per_gb":null,"color":null},{"name":"Toshiba Canvio Connect","price":null,"type":"Portable","interface":"USB Type-A 3.2 Gen 1","capacity":1000,"price_per_gb":null,"color":null},{"name":"Toshiba Canvio Connect","price":null,"type":"Portable","interface":"USB Type-A 3.2 Gen 1","capacity":1000,"price_per_gb":null,"color":null},{"name":"Toshiba Canvio Connect","price":null,"type":"Portable","interface":"USB Type-A 3.2 Gen 1","capacity":1500,"price_per_gb":null,"color":null},{"name":"Toshiba Canvio Connect","price":null,"type":"Portable","interface":"USB Type-A 3.2 Gen 1","capacity":1500,"price_per_gb":null,"color":null},{"name":"Toshiba Canvio Connect","price":null,"type":"Portable","interface":"USB Type-A 3.2 Gen 1","capacity":1500,"price_per_gb":null,"color":null},{"name":"Toshiba Canvio Connect","price":null,"type":"Portable","interface":"USB Type-A 3.2 Gen 1","capacity":1500,"price_per_gb":null,"color":null},{"name":"Toshiba Canvio Connect","price":null,"type":"Portable","interface":"USB Type-A 3.2 Gen 1","capacity":1500,"price_per_gb":null,"color":null},{"name":"Toshiba Canvio Connect","price":null,"type":"Portable","interface":"USB Type-A 3.2 Gen 1","capacity":2000,"price_per_gb":null,"color":null},{"name":"Toshiba Canvio Connect","price":null,"type":"Portable","interface":"USB Type-A 3.2 Gen 1","capacity":2000,"price_per_gb":null,"color":null},{"name":"Toshiba Canvio Connect","price":null,"type":"Portable","interface":"USB Type-A 3.2 Gen 1","capacity":2000,"price_per_gb":null,"color":null},{"name":"Toshiba Canvio Connect","price":null,"type":"Portable","interface":"USB Type-A 3.2 Gen 1","capacity":2000,"price_per_gb":null,"color":null},{"name":"Toshiba Canvio Connect","price":null,"type":"Portable","interface":"USB Type-A 3.2 Gen 1","capacity":2000,"price_per_gb":null,"color":null},{"name":"Toshiba Canvio Slim II","price":101,"type":"Portable","interface":"USB Type-A 3.2 Gen 1","capacity":1000,"price_per_gb":0.101,"color":null},{"name":"Toshiba Canvio Slim II","price":101,"type":"Portable","interface":"USB Type-A 3.2 Gen 1","capacity":1000,"price_per_gb":0.101,"color":null},{"name":"Toshiba Canvio Slim II","price":109,"type":"Portable","interface":null,"capacity":1000,"price_per_gb":0.109,"color":null},{"name":"Lenovo ThinkPad","price":null,"type":"Portable","interface":"USB Type-A 3.2 Gen 1","capacity":750,"price_per_gb":null,"color":null},{"name":"Lenovo ThinkPad","price":null,"type":"Portable","interface":"USB Type-A 3.2 Gen 1","capacity":500,"price_per_gb":null,"color":null},{"name":"Transcend TS128GESD200K","price":null,"type":"Portable","interface":"USB Type-A 3.2 Gen 1","capacity":128,"price_per_gb":null,"color":null},{"name":"Transcend TS128GSJC10K","price":null,"type":"Portable","interface":"USB Type-A 3.2 Gen 1","capacity":128,"price_per_gb":null,"color":null},{"name":"Samsung T1","price":null,"type":"Portable","interface":"USB Type-A 3.2 Gen 1","capacity":1000,"price_per_gb":null,"color":null},{"name":"SanDisk Extreme 900","price":null,"type":"Portable","interface":"USB Type-A 3.2 Gen 2","capacity":480,"price_per_gb":null,"color":null},{"name":"ADATA SD600","price":null,"type":"Portable","interface":"USB Type-A 3.2 Gen 1","capacity":256,"price_per_gb":null,"color":null},{"name":"ADATA SD600","price":null,"type":"Portable","interface":"USB Type-A 3.2 Gen 1","capacity":512,"price_per_gb":null,"color":null},{"name":"ADATA SD700","price":null,"type":"Portable","interface":"USB Type-A 3.2 Gen 1","capacity":1000,"price_per_gb":null,"color":null},{"name":"ADATA SD700","price":null,"type":"Portable","interface":"USB Type-A 3.2 Gen 1","capacity":256,"price_per_gb":null,"color":null},{"name":"ADATA SD700","price":null,"type":"Portable","interface":"USB Type-A 3.2 Gen 1","capacity":512,"price_per_gb":null,"color":null},{"name":"ADATA SD700","price":null,"type":"Portable","interface":"USB Type-A 3.2 Gen 1","capacity":512,"price_per_gb":null,"color":null},{"name":"ADATA SE730","price":null,"type":"Portable","interface":"USB Type-C 3.2 Gen 1","capacity":250,"price_per_gb":null,"color":null},{"name":"Samsung T5","price":209.99,"type":"Portable","interface":"USB Type-C 3.2 Gen 1","capacity":250,"price_per_gb":0.84,"color":"Blue"},{"name":"Seagate Backup Plus Portable","price":null,"type":"Portable","interface":"USB Type-A 3.2 Gen 1","capacity":5000,"price_per_gb":null,"color":"Silver"},{"name":"Seagate Backup Plus Portable","price":null,"type":"Portable","interface":"USB Type-A 3.2 Gen 1","capacity":5000,"price_per_gb":null,"color":"Blue"},{"name":"Buffalo Technology Americas MiniStation","price":null,"type":"Portable","interface":"USB Type-A 3.2 Gen 1","capacity":2000,"price_per_gb":null,"color":"Black"},{"name":"Apricom Apricorn Aegis Padlock","price":null,"type":"Portable","interface":"USB Type-A 3.2 Gen 1","capacity":128,"price_per_gb":null,"color":"Black"},{"name":"Buffalo Technology Americas MiniStation","price":null,"type":"Portable","interface":"USB Type-A 3.2 Gen 1","capacity":1000,"price_per_gb":null,"color":"Black"},{"name":"Seagate Backup Plus Portable","price":null,"type":"Portable","interface":"USB Type-A 3.2 Gen 1","capacity":5000,"price_per_gb":null,"color":"Blue / White"},{"name":"Seagate Backup Plus Ultra Touch","price":127.77,"type":"Portable","interface":"USB Type-A 3.2 Gen 1","capacity":1000,"price_per_gb":0.128,"color":"White"},{"name":"Western Digital G-DRIVE Mobile","price":null,"type":"Portable","interface":"USB Type-A 2.0, USB Type-C 3.2 Gen 1","capacity":4000,"price_per_gb":null,"color":"Silver"},{"name":"Western Digital G-DRIVE Mobile","price":null,"type":"Portable","interface":"USB Type-C 3.2 Gen 1","capacity":2000,"price_per_gb":null,"color":"Silver"},{"name":"Western Digital G-DRIVE Mobile","price":null,"type":"Portable","interface":"USB Type-C 3.2 Gen 1","capacity":2000,"price_per_gb":null,"color":"Silver"},{"name":"Western Digital G-DRIVE Mobile","price":null,"type":"Portable","interface":"USB Type-C 3.2 Gen 1","capacity":1000,"price_per_gb":null,"color":"Silver"},{"name":"Seagate Backup Plus Portable","price":null,"type":"Portable","interface":"USB Type-A 3.2 Gen 1","capacity":5000,"price_per_gb":null,"color":"Black"},{"name":"Apacer AS722","price":null,"type":"Portable","interface":"USB Type-C 3.2 Gen 1","capacity":512,"price_per_gb":null,"color":"Black"},{"name":"Apacer AS722","price":null,"type":"Portable","interface":"USB Type-C 3.2 Gen 1","capacity":1000,"price_per_gb":null,"color":"Black"},{"name":"Apacer AS721","price":null,"type":"Portable","interface":"USB Type-C 3.2 Gen 1","capacity":250,"price_per_gb":null,"color":"Black"},{"name":"Apacer AS721","price":null,"type":"Portable","interface":"USB Type-C 3.2 Gen 1","capacity":500,"price_per_gb":null,"color":"Black"},{"name":"Apacer AS721","price":null,"type":"Portable","interface":"USB Type-C 3.2 Gen 1","capacity":1000,"price_per_gb":null,"color":"Black"},{"name":"SanDisk G-DRIVE ArmorLock","price":null,"type":"Portable","interface":"USB Type-C 3.2 Gen 1","capacity":1000,"price_per_gb":null,"color":"Black / Yellow"},{"name":"Samsung T5 Portable","price":null,"type":"Portable","interface":"USB Type-C 3.2 Gen 2","capacity":500,"price_per_gb":null,"color":"Gold"},{"name":"Samsung T5 Portable","price":null,"type":"Portable","interface":"USB Type-C 3.2 Gen 2","capacity":1000,"price_per_gb":null,"color":"Gold"},{"name":"Samsung T3 Portable","price":null,"type":"Portable","interface":"USB Type-C 3.2 Gen 1","capacity":1000,"price_per_gb":null,"color":null},{"name":"Samsung T3 Portable","price":null,"type":"Portable","interface":"USB Type-C 3.2 Gen 1","capacity":500,"price_per_gb":null,"color":null},{"name":"Samsung T3 Portable","price":null,"type":"Portable","interface":"USB Type-C 3.2 Gen 1","capacity":2000,"price_per_gb":null,"color":null},{"name":"Seagate One Touch","price":219.99,"type":"Portable","interface":"USB Type-A 3.2 Gen 2, USB Type-C 3.2 Gen 2","capacity":2000,"price_per_gb":0.11,"color":"Blue"},{"name":"Seagate One Touch","price":168.01,"type":"Portable","interface":"USB Type-A 3.2 Gen 2, USB Type-C 3.2 Gen 2","capacity":1000,"price_per_gb":0.168,"color":"Blue"},{"name":"Seagate One Touch","price":108.06,"type":"Portable","interface":"USB Type-A 3.2 Gen 2, USB Type-C 3.2 Gen 2","capacity":1000,"price_per_gb":0.108,"color":"Silver"},{"name":"Seagate One Touch","price":85,"type":"Portable","interface":"USB Type-A 3.2 Gen 2, USB Type-C 3.2 Gen 2","capacity":500,"price_per_gb":0.17,"color":"Blue"},{"name":"Seagate One Touch","price":160.02,"type":"Portable","interface":"USB Type-A 3.2 Gen 2, USB Type-C 3.2 Gen 2","capacity":500,"price_per_gb":0.32,"color":"Silver"},{"name":"Seagate One Touch","price":null,"type":"Portable","interface":"USB Type-A 3.2 Gen 1","capacity":2000,"price_per_gb":null,"color":"Blue"},{"name":"Seagate One Touch","price":null,"type":"Portable","interface":"USB Type-A 3.2 Gen 1","capacity":4000,"price_per_gb":null,"color":"Gray"},{"name":"Seagate One Touch","price":null,"type":"Portable","interface":"USB Type-A 3.2 Gen 1","capacity":5000,"price_per_gb":null,"color":"Gray"},{"name":"Crucial X8","price":null,"type":"Portable","interface":"USB Type-A 3.2 Gen 1, USB Type-C 3.2 Gen 2","capacity":500,"price_per_gb":null,"color":"Black"},{"name":"Verbatim Vx460","price":null,"type":"Portable","interface":"USB Type-A 3.2 Gen 1","capacity":512,"price_per_gb":null,"color":"Black"},{"name":"KIOXIA EXCERIA PLUS","price":314.99,"type":"Portable","interface":"USB Type-C 3.2 Gen 2","capacity":2000,"price_per_gb":0.157,"color":"Gray"},{"name":"KIOXIA EXCERIA PLUS","price":188.48,"type":"Portable","interface":"USB Type-C 3.2 Gen 2","capacity":500,"price_per_gb":0.377,"color":"Gray"},{"name":"Toshiba Canvio Connect II","price":120.5,"type":"Portable","interface":"USB Type-A 3.2 Gen 1","capacity":1000,"price_per_gb":0.121,"color":"Black"},{"name":"Silicon Power PC60","price":null,"type":"Portable","interface":"USB Type-C 3.2 Gen 2","capacity":4000,"price_per_gb":null,"color":"Black"},{"name":"Silicon Power PC60","price":null,"type":"Portable","interface":"USB Type-C 3.2 Gen 2","capacity":1920,"price_per_gb":null,"color":"Black"},{"name":"Silicon Power PC60","price":144.9,"type":"Portable","interface":"USB Type-C 3.2 Gen 2","capacity":960,"price_per_gb":0.151,"color":"Black"},{"name":"Silicon Power Bolt B75 Pro","price":null,"type":"Portable","interface":"USB Type-C 3.2 Gen 2","capacity":256,"price_per_gb":null,"color":"Black"},{"name":"Silicon Power Bolt B75","price":null,"type":"Portable","interface":"USB Type-C 3.2 Gen 1","capacity":4000,"price_per_gb":null,"color":"Silver"},{"name":"Silicon Power Bolt B75","price":null,"type":"Portable","interface":"USB Type-C 3.2 Gen 1","capacity":2000,"price_per_gb":null,"color":"Silver"},{"name":"Silicon Power Bolt B75","price":null,"type":"Portable","interface":"USB Type-C 3.2 Gen 1","capacity":1000,"price_per_gb":null,"color":"Silver"},{"name":"Silicon Power Bolt B75","price":null,"type":"Portable","interface":"USB Type-C 3.2 Gen 1","capacity":512,"price_per_gb":null,"color":"Silver"},{"name":"Silicon Power Bolt B75","price":60,"type":"Portable","interface":"USB Type-C 3.2 Gen 1","capacity":480,"price_per_gb":0.125,"color":"Silver"},{"name":"Silicon Power Bolt B75","price":null,"type":"Portable","interface":"USB Type-C 3.2 Gen 1","capacity":256,"price_per_gb":null,"color":"Silver"},{"name":"Silicon Power Bolt B75","price":null,"type":"Portable","interface":"USB Type-C 3.2 Gen 1","capacity":240,"price_per_gb":null,"color":"Silver"},{"name":"Silicon Power Bolt B75","price":null,"type":"Portable","interface":"USB Type-C 3.2 Gen 1","capacity":128,"price_per_gb":null,"color":"Silver"},{"name":"Silicon Power Bolt B75","price":null,"type":"Portable","interface":"USB Type-C 3.2 Gen 1","capacity":120,"price_per_gb":null,"color":"Silver"},{"name":"Silicon Power Stream S05","price":null,"type":"Portable","interface":"USB Type-A 3.2 Gen 1","capacity":5000,"price_per_gb":null,"color":"Black"},{"name":"Silicon Power Stream S05","price":null,"type":"Portable","interface":"USB Type-A 3.2 Gen 1","capacity":4000,"price_per_gb":null,"color":"Black"},{"name":"Silicon Power Stream S05","price":null,"type":"Portable","interface":"USB Type-A 3.2 Gen 1","capacity":2000,"price_per_gb":null,"color":"Black"},{"name":"Silicon Power Stream S05","price":null,"type":"Portable","interface":"USB Type-A 3.2 Gen 1","capacity":1000,"price_per_gb":null,"color":"Black"}]