[{"name":"Western Digital My Book Duo","price":1049.99,"type":"Desktop","interface":"USB Type-A 3.2 Gen 1, USB Type-C 3.2 Gen 1","capacity":36000,"price_per_gb":0.029,"color":"Black"},{"name":"Western Digital My Book Duo","price":829.99,"type":"Desktop","interface":"USB Type-A 3.2 Gen 1, USB Type-C 3.2 Gen 1","capacity":24000,"price_per_gb":0.035,"color":"Black"},{"name":"Western Digital ELEMENTS","price":54.99,"type":"Portable","interface":"USB Type-A 3.2 Gen 1","capacity":1000,"price_per_gb":0.055,"color":null},{"name":"Sabrent Rocket XTRM-Q","price":null,"type":"Desktop","interface":"USB Type-C 3.2 Gen 2","capacity":16000,"price_per_gb":null,"color":null},{"name":"Western Digital WD_BLACK P10","price":113.44,"type":"Portable","interface":"USB Type-A 3.2 Gen 1","capacity":5000,"price_per_gb":0.023,"color":"Black"},{"name":"Sabrent ROCKET XTRM","price":null,"type":"Portable","interface":"Thunderbolt","capacity":4000,"price_per_gb":null,"color":"Silver"},{"name":"Western Digital ELEMENTS","price":159.99,"type":"Desktop","interface":"USB Type-A 3.2 Gen 1","capacity":8000,"price_per_gb":0.02,"color":"Black"},{"name":"Samsung T7 Shield","price":129.99,"type":"Portable","interface":"USB Type-C 3.2 Gen 2","capacity":2000,"price_per_gb":0.065,"color":"Black"},{"name":"Western Digital easystore","price":239.99,"type":"Desktop","interface":"USB Type-A 3.2 Gen 1","capacity":14000,"price_per_gb":0.017,"color":"Black"},{"name":"Western Digital My Passport","price":49.97,"type":"Portable","interface":"USB Type-A 3.2 Gen 1","capacity":1000,"price_per_gb":0.05,"color":"Black"},{"name":"Verbatim Vx460","price":29.99,"type":"Portable","interface":"USB Type-A 3.2 Gen 1","capacity":128,"price_per_gb":0.234,"color":"Black"},{"name":"Western Digital WD_BLACK P10","price":79.98,"type":"Portable","interface":"USB Type-A 3.2 Gen 1","capacity":2000,"price_per_gb":0.04,"color":"Black"},{"name":"Corsair EX100U","price":276.24,"type":"Portable","interface":"USB Type-C 3.2 Gen 2x2","capacity":4000,"price_per_gb":0.069,"color":"Black"},{"name":"Seagate One Touch","price":399.99,"type":"Desktop","interface":"USB Type-A 3.2 Gen 1","capacity":18000,"price_per_gb":0.022,"color":"Black"},{"name":"SanDisk G-DRIVE ArmorLock","price":379.99,"type":"Portable","interface":"USB Type-C 3.2 Gen 1","capacity":4000,"price_per_gb":0.095,"color":"Black / Yellow"},{"name":"Crucial X10 Pro","price":152.99,"type":"Portable","interface":"USB Type-C 3.2 Gen 2x2","capacity":2000,"price_per_gb":0.076,"color":"Black"},{"name":"Seagate Backup Plus Portable","price":105,"type":"Portable","interface":"USB Type-A 3.2 Gen 1","capacity":4000,"price_per_gb":0.026,"color":"Black"},{"name":"Western Digital My Book","price":299.99,"type":"Desktop","interface":"USB Type-A 3.2 Gen 1","capacity":10000,"price_per_gb":0.03,"color":"Black"},{"name":"Western Digital My Passport","price":94.99,"type":"Portable","interface":"USB Type-A 3.2 Gen 1","capacity":4000,"price_per_gb":0.024,"color":"Black"},{"name":"SanDisk Extreme Portable V2","price":229.99,"type":"Portable","interface":"USB Type-C 3.2 Gen 1","capacity":4000,"price_per_gb":0.057,"color":"Black / Orange"},{"name":"Western Digital My Book Duo","price":569.49,"type":"Desktop","interface":"USB Type-A 3.2 Gen 1, USB Type-C 3.2 Gen 1","capacity":20000,"price_per_gb":0.028,"color":"Black"},{"name":"Toshiba Canvio Desk","price":1121.48,"type":"Desktop","interface":"USB Type-A 3.2 Gen 1","capacity":3000,"price_per_gb":0.374,"color":null},{"name":"Crucial X10 Pro","price":260.99,"type":"Portable","interface":"USB Type-C 3.2 Gen 2x2","capacity":4000,"price_per_gb":0.065,"color":"Black"},{"name":"Samsung T9 Portable","price":399.99,"type":"Portable","interface":"USB Type-C 3.2 Gen 2x2","capacity":4000,"price_per_gb":0.1,"color":"Black"},{"name":"Seagate One Touch","price":159.9,"type":"Desktop","interface":"USB Type-A 3.2 Gen 1","capacity":8000,"price_per_gb":0.02,"color":"Black"},{"name":"Corsair EX100U","price":136.09,"type":"Portable","interface":"USB Type-C 3.2 Gen 2x2","capacity":2000,"price_per_gb":0.068,"color":"Black"},{"name":"Western Digital My Book Duo","price":879.99,"type":"Desktop","interface":"USB Type-A 3.2 Gen 1, USB Type-C 3.2 Gen 1","capacity":28000,"price_per_gb":0.031,"color":"Black"},{"name":"Samsung T7 Portable","price":131.72,"type":"Portable","interface":"USB Type-C 3.2 Gen 1","capacity":2000,"price_per_gb":0.066,"color":"Black / Silver"},{"name":"Crucial X6","price":54.99,"type":"Portable","interface":"USB Type-C 3.2 Gen 2","capacity":1000,"price_per_gb":0.055,"color":"Black"},{"name":"Samsung T5","price":312,"type":"Portable","interface":"USB Type-C 3.2 Gen 1","capacity":1000,"price_per_gb":0.312,"color":null},{"name":"Crucial X6","price":179.99,"type":"Portable","interface":"USB Type-C 3.2 Gen 2","capacity":4000,"price_per_gb":0.045,"color":"Black"},{"name":"Western Digital ELEMENTS","price":181.49,"type":"Desktop","interface":"USB Type-A 3.2 Gen 1","capacity":12000,"price_per_gb":0.015,"color":null},{"name":"Western Digital My Passport","price":129.99,"type":"Portable","interface":"USB Type-A 3.2 Gen 1","capacity":5000,"price_per_gb":0.026,"color":"Black"},{"name":"Western Digital WD_BLACK D10","price":186.99,"type":"Desktop","interface":"USB Type-A 3.2 Gen 2","capacity":8000,"price_per_gb":0.023,"color":"Black"},{"name":"Samsung T9 Portable","price":199.99,"type":"Portable","interface":"USB Type-C 3.2 Gen 2x2","capacity":2000,"price_per_gb":0.1,"color":"Black"},{"name":"Crucial X8","price":99.99,"type":"Portable","interface":"USB Type-A 3.2 Gen 1, USB Type-C 3.2 Gen 2","capacity":2000,"price_per_gb":0.05,"color":"Black"},{"name":"Western Digital easystore","price":329.99,"type":"Desktop","interface":"USB Type-A 2.0, USB Type-A 3.2 Gen 1","capacity":18000,"price_per_gb":0.018,"color":"Black"},{"name":"Western Digital ELEMENTS","price":259.99,"type":"Desktop","interface":"USB Type-A 3.2 Gen 2","capacity":14000,"price_per_gb":0.019,"color":"Black"},{"name":"Samsung T7 Portable","price":59.99,"type":"Portable","interface":"USB Type-C 3.2 Gen 1","capacity":500,"price_per_gb":0.12,"color":"Red / Silver"},{"name":"Crucial X6","price":39.99,"type":"Portable","interface":"USB Type-C 3.2 Gen 2","capacity":500,"price_per_gb":0.08,"color":"Black"},{"name":"Western Digital WD_BLACK P10","price":88.99,"type":"Portable","interface":"USB Type-A 3.2 Gen 1","capacity":4000,"price_per_gb":0.022,"color":"Black"},{"name":"Samsung T7 Portable","price":89.99,"type":"Portable","interface":"USB Type-C 3.2 Gen 1","capacity":1000,"price_per_gb":0.09,"color":"Black / Silver"},{"name":"Seagate One Touch","price":65.98,"type":"Portable","interface":"USB Type-A 3.2 Gen 1","capacity":2000,"price_per_gb":0.033,"color":"Black"},{"name":"Seagate Backup Plus","price":null,"type":"Portable","interface":"USB Type-A 3.2 Gen 1","capacity":2000,"price_per_gb":null,"color":null},{"name":"Crucial X8","price":59.99,"type":"Portable","interface":"USB Type-A 3.2 Gen 1, USB Type-C 3.2 Gen 2","capacity":1000,"price_per_gb":0.06,"color":"Black"},{"name":"Western Digital ‎WDBU6Y0050BBK-WESN","price":119.99,"type":"Portable","interface":"USB Type-A 3.2 Gen 1","capacity":5000,"price_per_gb":0.024,"color":"Black"},{"name":"Western Digital My Book","price":119.99,"type":"Desktop","interface":"USB Type-A 3.2 Gen 1","capacity":4000,"price_per_gb":0.03,"color":"Black"},{"name":"Samsung T7 Portable","price":160.99,"type":"Portable","interface":"USB Type-C 3.2 Gen 2","capacity":2000,"price_per_gb":0.08,"color":"Black"},{"name":"Sabrent Rocket Nano V2","price":349.99,"type":"Portable","interface":"USB Type-C 3.2 Gen 2x2","capacity":4000,"price_per_gb":0.087,"color":"Black"},{"name":"Western Digital My Book","price":279.99,"type":"Desktop","interface":"USB Type-A 3.2 Gen 2","capacity":14000,"price_per_gb":0.02,"color":"Black"},{"name":"Seagate Expansion","price":null,"type":"Desktop","interface":"USB Type-A 3.2 Gen 1","capacity":4000,"price_per_gb":null,"color":null},{"name":"Western Digital ELEMENTS","price":204.99,"type":"Desktop","interface":"USB Type-A 3.2 Gen 1","capacity":10000,"price_per_gb":0.02,"color":"Black"},{"name":"ADATA DashDrive Durable HD650","price":57.06,"type":"Portable","interface":"USB Type-A 3.2 Gen 1","capacity":1000,"price_per_gb":0.057,"color":null},{"name":"Seagate Backup Plus Slim","price":56,"type":"Portable","interface":"USB Type-A 3.2 Gen 1","capacity":1000,"price_per_gb":0.056,"color":"Black"},{"name":"Toshiba Canvio Basics","price":98.88,"type":"Portable","interface":"USB Type-A 3.2 Gen 1","capacity":1000,"price_per_gb":0.099,"color":null},{"name":"Crucial X6","price":89.99,"type":"Portable","interface":"USB Type-C 3.2 Gen 2","capacity":2000,"price_per_gb":0.045,"color":"Black"},{"name":"Western Digital My Passport","price":68.98,"type":"Portable","interface":"USB Type-A 3.2 Gen 1","capacity":2000,"price_per_gb":0.034,"color":"Black"},{"name":"Seagate One Touch","price":111.12,"type":"Portable","interface":"USB Type-A 3.2 Gen 1","capacity":5000,"price_per_gb":0.022,"color":"Black"},{"name":"Western Digital My Book Duo","price":484.99,"type":"Desktop","interface":"USB Type-A 3.2 Gen 1, USB Type-C 3.2 Gen 1","capacity":16000,"price_per_gb":0.03,"color":"Black"},{"name":"Western Digital My Book","price":179.99,"type":"Desktop","interface":"USB Type-A 3.2 Gen 1","capacity":8000,"price_per_gb":0.022,"color":"Black"},{"name":"SanDisk Extreme Portable V2","price":84.99,"type":"Portable","interface":"USB Type-C 3.2 Gen 1","capacity":1000,"price_per_gb":0.085,"color":"Black / Orange"},{"name":"SanDisk Extreme Portable V2","price":119.99,"type":"Portable","interface":"USB Type-C 3.2 Gen 1","capacity":2000,"price_per_gb":0.06,"color":"Black / Orange"},{"name":"Seagate One Touch","price":104.49,"type":"Portable","interface":"USB Type-A 3.2 Gen 1","capacity":4000,"price_per_gb":0.026,"color":"Black"},{"name":"Western Digital Elements Portable","price":109.99,"type":"Portable","interface":"USB Type-A 3.2 Gen 1","capacity":4000,"price_per_gb":0.027,"color":"Black"},{"name":"Seagate Expansion","price":399.99,"type":"Desktop","interface":"USB Type-A 3.2 Gen 1","capacity":16000,"price_per_gb":0.025,"color":"Black"},{"name":"Samsung T7 Shield","price":79.98,"type":"Portable","interface":"USB Type-C 3.2 Gen 2","capacity":1000,"price_per_gb":0.08,"color":"Black"},{"name":"Buslink DL-4TSDU31G2","price":599.88,"type":"Portable","interface":"USB Type-A 3.2 Gen 2","capacity":4000,"price_per_gb":0.15,"color":"Black"},{"name":"Western Digital ELEMENTS","price":null,"type":"Portable","interface":"USB Type-A 3.2 Gen 1","capacity":2000,"price_per_gb":null,"color":null},{"name":"Crucial X9 Pro","price":215.99,"type":"Portable","interface":"USB Type-C 3.2 Gen 2","capacity":4000,"price_per_gb":0.054,"color":"Silver"},{"name":"Kingston XS1000","price":65.98,"type":"Portable","interface":"USB Type-C 3.2 Gen 2","capacity":1000,"price_per_gb":0.066,"color":"Black"},{"name":"Western Digital WD_BLACK D10","price":289.99,"type":"Desktop","interface":"USB Type-A 3.2 Gen 2","capacity":12000,"price_per_gb":0.024,"color":"Black"},{"name":"Kingston XS2000","price":79.98,"type":"Portable","interface":"USB Type-C 3.2 Gen 2x2","capacity":1000,"price_per_gb":0.08,"color":"Silver"},{"name":"Western Digital My Passport Ultra Portable","price":139.99,"type":"Portable","interface":"USB Type-A 3.2 Gen 1","capacity":2000,"price_per_gb":0.07,"color":null},{"name":"Seagate Expansion","price":215.99,"type":"Desktop","interface":"USB Type-A 3.2 Gen 1","capacity":8000,"price_per_gb":0.027,"color":null},{"name":"Apricom Aegis Padlock DT","price":null,"type":"Portable","interface":"USB Type-A 3.2 Gen 1","capacity":14000,"price_per_gb":null,"color":"Black"},{"name":"Seagate Backup Plus Hub","price":249.99,"type":"Desktop","interface":"USB Type-A 3.2 Gen 2","capacity":8000,"price_per_gb":0.031,"color":null},{"name":"Seagate Backup Plus Portable","price":119,"type":"Portable","interface":"USB Type-A 3.2 Gen 1","capacity":5000,"price_per_gb":0.024,"color":"Black"},{"name":"Toshiba Canvio Basics 3.0","price":101,"type":"Portable","interface":null,"capacity":2000,"price_per_gb":0.05,"color":null},{"name":"Apricom ASSD-3PL256-480F","price":289.95,"type":"Desktop","interface":"USB Type-A 2.0","capacity":480,"price_per_gb":0.604,"color":null},{"name":"Asus FX HDD","price":null,"type":"Portable","interface":"USB Type-A 3.2 Gen 2","capacity":2000,"price_per_gb":null,"color":"Black"},{"name":"Western Digital My Book","price":237.99,"type":"Desktop","interface":"USB Type-A 3.2 Gen 2","capacity":12000,"price_per_gb":0.02,"color":"Black"},{"name":"Seagate One Touch","price":329.99,"type":"Desktop","interface":"USB Type-A 3.2 Gen 1","capacity":16000,"price_per_gb":0.021,"color":"Black"},{"name":"Samsung T5","price":399.99,"type":"Portable","interface":"USB Type-C 3.2 Gen 1","capacity":2000,"price_per_gb":0.2,"color":"Black"},{"name":"Corsair EX100U","price":69.99,"type":"Portable","interface":"USB Type-C 3.2 Gen 2x2","capacity":1000,"price_per_gb":0.07,"color":"Black"},{"name":"Western Digital My Book","price":149.99,"type":"Desktop","interface":"USB Type-A 3.2 Gen 1","capacity":6000,"price_per_gb":0.025,"color":"Black"},{"name":"Verbatim Vx460","price":38.99,"type":"Portable","interface":"USB Type-A 3.2 Gen 1","capacity":256,"price_per_gb":0.152,"color":"Black"},{"name":"LaCie 5big","price":null,"type":"Desktop","interface":"Thunderbolt","capacity":25000,"price_per_gb":null,"color":null},{"name":"Western Digital My Passport","price":129.99,"type":"Portable","interface":"USB Type-A 3.2 Gen 1","capacity":4000,"price_per_gb":0.032,"color":"White"},{"name":"Kingston XS2000","price":171.08,"type":"Portable","interface":"USB Type-C 3.2 Gen 2x2","capacity":2000,"price_per_gb":0.086,"color":"Silver"},{"name":"Kingston XS2000","price":42.99,"type":"Portable","interface":"USB Type-C 3.2 Gen 2x2","capacity":500,"price_per_gb":0.086,"color":"Silver"},{"name":"Western Digital easystore","price":249,"type":"Desktop","interface":"USB Type-A 3.2 Gen 1","capacity":12000,"price_per_gb":0.021,"color":null},{"name":"Seagate One Touch","price":329.62,"type":"Desktop","interface":"USB Type-A 3.2 Gen 1","capacity":14000,"price_per_gb":0.024,"color":"Black"},{"name":"Buffalo Technology DriveStation Axis Velocity","price":74.99,"type":"Desktop","interface":"USB Type-A 3.2 Gen 1","capacity":2000,"price_per_gb":0.037,"color":null},{"name":"Western Digital ELEMENTS","price":124.99,"type":"Desktop","interface":"USB Type-A 3.2 Gen 1","capacity":4000,"price_per_gb":0.031,"color":null},{"name":"Samsung T5","price":229.99,"type":"Portable","interface":"USB Type-C 3.2 Gen 1","capacity":500,"price_per_gb":0.46,"color":null},{"name":"Seagate Expansion","price":148.55,"type":"Desktop","interface":"USB Type-A 3.2 Gen 1","capacity":3000,"price_per_gb":0.05,"color":null},{"name":"Samsung T7 Shield","price":129.99,"type":"Portable","interface":"USB Type-C 3.2 Gen 2","capacity":2000,"price_per_gb":0.065,"color":"Blue"},{"name":"Western Digital easystore","price":279.99,"type":"Desktop","interface":"USB Type-A 2.0, USB Type-A 3.2 Gen 1","capacity":16000,"price_per_gb":0.017,"color":"Black"},{"name":"Sabrent Rocket Nano V2","price":159.99,"type":"Portable","interface":"USB Type-C 3.2 Gen 2x2","capacity":2000,"price_per_gb":0.08,"color":"Black"},{"name":"Samsung T7 Shield","price":79.98,"type":"Portable","interface":"USB Type-C 3.2 Gen 2","capacity":1000,"price_per_gb":0.08,"color":"Blue"},{"name":"Kingston XS2000","price":295.32,"type":"Portable","interface":"USB Type-C 3.2 Gen 2x2","capacity":4000,"price_per_gb":0.074,"color":"Silver"},{"name":"Samsung T7 Portable","price":89.55,"type":"Portable","interface":"USB Type-C 3.2 Gen 1","capacity":1000,"price_per_gb":0.09,"color":"Red / Silver"},{"name":"Samsung T7 Portable","price":139.99,"type":"Portable","interface":"USB Type-C 3.2 Gen 1","capacity":2000,"price_per_gb":0.07,"color":"Blue / Silver"},{"name":"Samsung T7 Portable","price":81.61,"type":"Portable","interface":"USB Type-C 3.2 Gen 1","capacity":500,"price_per_gb":0.163,"color":"Black / Silver"},{"name":"Seagate Expansion","price":129.99,"type":"Portable","interface":"USB Type-A 3.2 Gen 1","capacity":5000,"price_per_gb":0.026,"color":"Black"},{"name":"Toshiba Canvio Desk","price":null,"type":"Desktop","interface":"USB Type-A 3.2 Gen 1","capacity":4000,"price_per_gb":null,"color":null},{"name":"Western Digital easystore","price":null,"type":"Desktop","interface":"USB Type-A 3.2 Gen 2","capacity":10000,"price_per_gb":null,"color":"Black"},{"name":"Seagate Expansion","price":294.92,"type":"Desktop","interface":"USB Type-A 3.2 Gen 1","capacity":10000,"price_per_gb":0.029,"color":"Black"},{"name":"Toshiba Canvio Connect","price":null,"type":"Portable","interface":"USB Type-A 3.2 Gen 1","capacity":500,"price_per_gb":null,"color":null},{"name":"Freecom Mobile Drive Classic 3.0","price":null,"type":"Portable","interface":"USB Type-A 3.2 Gen 1","capacity":1000,"price_per_gb":null,"color":"Black"},{"name":"Samsung T7 Shield","price":129.99,"type":"Portable","interface":"USB Type-C 3.2 Gen 2","capacity":2000,"price_per_gb":0.065,"color":"Beige"},{"name":"SanDisk Extreme 900","price":99.99,"type":"Portable","interface":"USB Type-A 3.2 Gen 2","capacity":960,"price_per_gb":0.104,"color":null},{"name":"Samsung T9 Portable","price":139.99,"type":"Portable","interface":"USB Type-C 3.2 Gen 2x2","capacity":1000,"price_per_gb":0.14,"color":"Black"},{"name":"Seagate Expansion","price":null,"type":"Desktop","interface":"USB Type-A 3.2 Gen 1","capacity":4000,"price_per_gb":null,"color":null},{"name":"Western Digital My Book Duo","price":998,"type":"Desktop","interface":"USB Type-A 3.2 Gen 1, USB Type-C 3.2 Gen 1","capacity":8000,"price_per_gb":0.125,"color":"Black"},{"name":"Transcend StoreJet","price":85.59,"type":"Portable","interface":"USB Type-A 3.2 Gen 1","capacity":2000,"price_per_gb":0.043,"color":null},{"name":"Seagate One Touch","price":88.5,"type":"Portable","interface":"USB Type-A 3.2 Gen 1","capacity":1000,"price_per_gb":0.088,"color":"Silver"},{"name":"Buffalo Technology DriveStation Combo 4","price":370.69,"type":"Desktop","interface":"IEEE 1394A 6-Pin, IEEE 1394B 9-Pin, eSATA 3.0 Gb/s, USB Type-A 2.0","capacity":2000,"price_per_gb":0.185,"color":null},{"name":"Western Digital My Book","price":177.98,"type":"Desktop","interface":"USB Type-A 3.2 Gen 1","capacity":4000,"price_per_gb":0.044,"color":null},{"name":"Seagate Backup Plus Hub","price":244.19,"type":"Desktop","interface":"USB Type-A 3.2 Gen 1","capacity":10000,"price_per_gb":0.024,"color":"Black"},{"name":"Western Digital ELEMENTS","price":null,"type":"Portable","interface":"USB Type-A 3.2 Gen 1","capacity":1000,"price_per_gb":null,"color":null},{"name":"Apricom Aegis Padlock","price":483,"type":"Portable","interface":"USB Type-A 3.2 Gen 1","capacity":128,"price_per_gb":3.773,"color":null},{"name":"SanDisk Extreme 900","price":null,"type":"Portable","interface":"USB Type-A 3.2 Gen 2","capacity":1920,"price_per_gb":null,"color":null},{"name":"Western Digital My Passport","price":135.99,"type":"Portable","interface":"USB Type-A 3.2 Gen 1","capacity":4000,"price_per_gb":0.034,"color":"Black"},{"name":"Western Digital easystore","price":180.99,"type":"Desktop","interface":"USB Type-A 3.2 Gen 1","capacity":8000,"price_per_gb":0.023,"color":null},{"name":"Western Digital ELEMENTS","price":124.99,"type":"Desktop","interface":"USB Type-A 3.2 Gen 1","capacity":6000,"price_per_gb":0.021,"color":"Black"},{"name":"Silicon Power Bolt B75 Pro","price":53.97,"type":"Portable","interface":"USB Type-C 3.2 Gen 2","capacity":1000,"price_per_gb":0.054,"color":"Black"},{"name":"Samsung T7 Portable","price":159.99,"type":"Portable","interface":"USB Type-C 3.2 Gen 2","capacity":1000,"price_per_gb":0.16,"color":"Black"},{"name":"Seagate One Touch","price":279.99,"type":"Desktop","interface":"USB Type-A 3.2 Gen 1","capacity":10000,"price_per_gb":0.028,"color":"Black"},{"name":"SanDisk Extreme Portable V2","price":69.99,"type":"Portable","interface":"USB Type-C 3.2 Gen 1","capacity":500,"price_per_gb":0.14,"color":"Black / Orange"},{"name":"Crucial X10 Pro","price":107.99,"type":"Portable","interface":"USB Type-C 3.2 Gen 2x2","capacity":1000,"price_per_gb":0.108,"color":"Black"},{"name":"Sabrent Rocket Nano V2","price":89.99,"type":"Portable","interface":"USB Type-C 3.2 Gen 2x2","capacity":1000,"price_per_gb":0.09,"color":"Black"},{"name":"Seagate Expansion","price":184.99,"type":"Portable","interface":"USB Type-C 3.2 Gen 1","capacity":1000,"price_per_gb":0.185,"color":"Black"},{"name":"Seagate One Touch","price":309.99,"type":"Desktop","interface":"USB Type-A 3.2 Gen 1","capacity":12000,"price_per_gb":0.026,"color":"Black"},{"name":"Western Digital WD_BLACK P50","price":196.99,"type":"Portable","interface":"USB Type-C 3.2 Gen 1","capacity":1000,"price_per_gb":0.197,"color":"Black / Silver"},{"name":"Seagate Game Drive Xbox GamePass Edition","price":199.91,"type":"Portable","interface":"USB Type-A 3.2 Gen 1","capacity":4000,"price_per_gb":0.05,"color":"White"},{"name":"Western Digital My Book","price":179,"type":"Desktop","interface":"USB Type-A 3.2 Gen 1","capacity":2000,"price_per_gb":0.089,"color":null},{"name":"Seagate Backup Plus","price":219.99,"type":"Desktop","interface":"USB Type-A 3.2 Gen 1","capacity":8000,"price_per_gb":0.027,"color":null},{"name":"Seagate Expansion","price":null,"type":"Desktop","interface":"USB Type-A 3.2 Gen 1","capacity":2000,"price_per_gb":null,"color":null},{"name":"Seagate Expansion","price":null,"type":"Portable","interface":"USB Type-A 3.2 Gen 1","capacity":1000,"price_per_gb":null,"color":null},{"name":"Western Digital G-DRIVE ev RaW","price":null,"type":"Portable","interface":"USB Type-A 2.0, USB Type-A 3.2 Gen 1","capacity":2000,"price_per_gb":null,"color":"Silver"},{"name":"Western Digital My Passport","price":79.98,"type":"Portable","interface":"USB Type-A 3.2 Gen 1","capacity":2000,"price_per_gb":0.04,"color":"Red"},{"name":"Seagate One Touch","price":119,"type":"Portable","interface":"USB Type-A 3.2 Gen 1","capacity":2000,"price_per_gb":0.06,"color":"Silver"},{"name":"Seagate Barracuda Fast","price":null,"type":"Portable","interface":"USB Type-C","capacity":2000,"price_per_gb":null,"color":"Black"},{"name":"Seagate Expansion","price":null,"type":"Portable","interface":"USB Type-C 3.2 Gen 1","capacity":2000,"price_per_gb":null,"color":"Black"},{"name":"Kingston XS1000","price":null,"type":"Portable","interface":"USB Type-C 3.2 Gen 2","capacity":2000,"price_per_gb":null,"color":"Black"},{"name":"Western Digital My Passport","price":119.99,"type":"Portable","interface":"USB Type-A 3.2 Gen 1","capacity":5000,"price_per_gb":0.024,"color":"Red"},{"name":"Western Digital My Passport","price":75.31,"type":"Portable","interface":"USB Type-A 3.2 Gen 1","capacity":2000,"price_per_gb":0.038,"color":"Blue"},{"name":"Western Digital easystore","price":159.99,"type":"Desktop","interface":"USB Type-A 2.0, USB Type-A 3.2 Gen 1","capacity":8000,"price_per_gb":0.02,"color":"Black"},{"name":"Seagate One Touch","price":159.99,"type":"Desktop","interface":"USB Type-A 3.2 Gen 1","capacity":6000,"price_per_gb":0.027,"color":"Black"},{"name":"Crucial X9 Pro","price":109.99,"type":"Portable","interface":"USB Type-C 3.2 Gen 2","capacity":2000,"price_per_gb":0.055,"color":"Silver"},{"name":"ADATA DashDrive Durable HD650","price":53.95,"type":"Portable","interface":"USB Type-A 3.2 Gen 1","capacity":1000,"price_per_gb":0.054,"color":null},{"name":"Samsung T7 Portable","price":79,"type":"Portable","interface":"USB Type-C 3.2 Gen 1","capacity":1000,"price_per_gb":0.079,"color":"Blue / Silver"},{"name":"Silicon Power PC60","price":118.75,"type":"Portable","interface":"USB Type-C 3.2 Gen 2","capacity":2000,"price_per_gb":0.059,"color":"Black"},{"name":"Apricom Aegis Padlock Fortress","price":239.99,"type":"Portable","interface":"USB Type-A 3.2 Gen 1","capacity":2000,"price_per_gb":0.12,"color":"Black"},{"name":"Seagate Barracuda Fast","price":249.99,"type":"Portable","interface":"USB Type-C","capacity":1000,"price_per_gb":0.25,"color":"Black"},{"name":"Buffalo Technology DriveStation Axis Velocity","price":null,"type":"Desktop","interface":"USB Type-A 3.2 Gen 1","capacity":1000,"price_per_gb":null,"color":null},{"name":"Buffalo Technology DriveStation","price":null,"type":"Desktop","interface":"Thunderbolt","capacity":512,"price_per_gb":null,"color":null},{"name":"LaCie Minimus","price":null,"type":"Desktop","interface":"USB Type-A 3.2 Gen 1","capacity":2000,"price_per_gb":null,"color":null},{"name":"Western Digital ELEMENTS","price":243.79,"type":"Desktop","interface":"USB Type-A 3.2 Gen 1","capacity":5000,"price_per_gb":0.049,"color":null},{"name":"Western Digital My Book Duo","price":null,"type":"Desktop","interface":"USB Type-A 3.2 Gen 1, USB Type-C 3.2 Gen 1","capacity":4000,"price_per_gb":null,"color":"Black"},{"name":"Seagate Backup Plus Slim","price":null,"type":"Portable","interface":"USB Type-A 3.2 Gen 1","capacity":2000,"price_per_gb":null,"color":null},{"name":"Toshiba Canvio Basics 3.0","price":null,"type":"Portable","interface":"USB Type-A 3.2 Gen 1","capacity":2000,"price_per_gb":null,"color":null},{"name":"Toshiba Canvio Connect","price":null,"type":"Portable","interface":"USB Type-A 3.2 Gen 1","capacity":1000,"price_per_gb":null,"color":null},{"name":"Seagate Backup Plus Portable","price":null,"type":"Portable","interface":"USB Type-A 3.2 Gen 1","capacity":5000,"price_per_gb":null,"color":"Black"},{"name":"Asus FX HDD","price":null,"type":"Portable","interface":"USB Type-A 3.2 Gen 2","capacity":1000,"price_per_gb":null,"color":"Black"},{"name":"Seagate Backup Plus Ultra Touch","price":99,"type":"Portable","interface":"USB Type-A 3.2 Gen 1","capacity":2000,"price_per_gb":0.05,"color":"White"},{"name":"Samsung T7 Portable","price":84.99,"type":"Portable","interface":"USB Type-C 3.2 Gen 1","capacity":500,"price_per_gb":0.17,"color":"Blue / Silver"},{"name":"Western Digital My Passport","price":67.99,"type":"Portable","interface":"USB Type-A 3.2 Gen 1","capacity":1000,"price_per_gb":0.068,"color":"White"},{"name":"Western Digital My Passport","price":null,"type":"Portable","interface":"USB Type-A 3.2 Gen 1","capacity":5000,"price_per_gb":null,"color":"White"},{"name":"Samsung T7 Portable","price":389.99,"type":"Portable","interface":"USB Type-C 3.2 Gen 2","capacity":2000,"price_per_gb":0.195,"color":"Silver"},{"name":"Samsung T7 Portable","price":155.99,"type":"Portable","interface":"USB Type-C 3.2 Gen 2","capacity":500,"price_per_gb":0.312,"color":"Black"},{"name":"Seagate One Touch","price":125.48,"type":"Portable","interface":"USB Type-A 3.2 Gen 2, USB Type-C 3.2 Gen 2","capacity":2000,"price_per_gb":0.063,"color":"Black"},{"name":"Seagate One Touch","price":85,"type":"Portable","interface":"USB Type-A 3.2 Gen 2, USB Type-C 3.2 Gen 2","capacity":500,"price_per_gb":0.17,"color":"Blue"},{"name":"Seagate One Touch","price":169.5,"type":"Portable","interface":"USB Type-A 3.2 Gen 1","capacity":5000,"price_per_gb":0.034,"color":"Silver"},{"name":"Seagate Barracuda Fast","price":null,"type":"Portable","interface":"USB Type-C","capacity":500,"price_per_gb":null,"color":"Black"},{"name":"Toshiba Canvio Connect II","price":89.99,"type":"Portable","interface":"USB Type-A 3.2 Gen 1","capacity":1000,"price_per_gb":0.09,"color":"Black"},{"name":"Crucial X9 Pro","price":69.98,"type":"Portable","interface":"USB Type-C 3.2 Gen 2","capacity":1000,"price_per_gb":0.07,"color":"Silver"},{"name":"Seagate One Touch","price":135,"type":"Portable","interface":"USB Type-A 3.2 Gen 1","capacity":4000,"price_per_gb":0.034,"color":"Silver"},{"name":"Seagate Backup Plus Portable","price":null,"type":"Portable","interface":"USB Type-A 3.2 Gen 1","capacity":5000,"price_per_gb":null,"color":"Blue / White"},{"name":"Seagate One Touch","price":224.5,"type":"Portable","interface":"USB Type-A 3.2 Gen 1","capacity":4000,"price_per_gb":0.056,"color":"Red"},{"name":"LaCie Rugged Mini","price":79.99,"type":"Portable","interface":"USB Type-A 3.2 Gen 1","capacity":1000,"price_per_gb":0.08,"color":null},{"name":"Western Digital My Passport","price":162.91,"type":"Portable","interface":"USB Type-A 3.2 Gen 1","capacity":5000,"price_per_gb":0.033,"color":"Blue"},{"name":"Seagate One Touch","price":62.99,"type":"Portable","interface":"USB Type-A 3.2 Gen 1","capacity":1000,"price_per_gb":0.063,"color":"Black"},{"name":"Seagate Backup Plus Slim","price":149.99,"type":"Portable","interface":"USB Type-A 3.2 Gen 1","capacity":2000,"price_per_gb":0.075,"color":null},{"name":"Transcend StoreJet","price":64.98,"type":"Portable","interface":"USB Type-A 3.2 Gen 1","capacity":1000,"price_per_gb":0.065,"color":null},{"name":"Samsung T7 Portable","price":104.95,"type":"Portable","interface":"USB Type-C 3.2 Gen 2","capacity":500,"price_per_gb":0.21,"color":"Silver"},{"name":"Seagate One Touch","price":109,"type":"Portable","interface":"USB Type-A 3.2 Gen 2, USB Type-C 3.2 Gen 2","capacity":1000,"price_per_gb":0.109,"color":"Silver"},{"name":"Seagate One Touch","price":83.98,"type":"Portable","interface":"USB Type-A 3.2 Gen 2, USB Type-C 3.2 Gen 2","capacity":1000,"price_per_gb":0.084,"color":"Black"},{"name":"Seagate One Touch","price":106.1,"type":"Portable","interface":"USB Type-A 3.2 Gen 1","capacity":2000,"price_per_gb":0.053,"color":"Blue"},{"name":"Western Digital My Passport For Mac","price":129.99,"type":"Portable","interface":"USB Type-A 3.2 Gen 1, USB Type-C 3.2 Gen 1","capacity":1000,"price_per_gb":0.13,"color":"Black"},{"name":"KIOXIA EXCERIA PLUS","price":null,"type":"Portable","interface":"USB Type-C 3.2 Gen 2","capacity":1000,"price_per_gb":null,"color":"Gray"},{"name":"Buffalo Technology DriveStation Axis Velocity","price":136.46,"type":"Desktop","interface":"USB Type-A 3.2 Gen 1","capacity":3000,"price_per_gb":0.045,"color":null},{"name":"Buffalo Technology DriveStation Duo","price":null,"type":"Desktop","interface":"USB Type-A 3.2 Gen 1","capacity":6000,"price_per_gb":null,"color":null},{"name":"Buffalo Technology DriveStation Duo","price":null,"type":"Desktop","interface":"USB Type-A 3.2 Gen 1","capacity":8000,"price_per_gb":null,"color":null},{"name":"LaCie d2 Quadra","price":null,"type":"Desktop","interface":"IEEE 1394B 9-Pin, eSATA 3.0 Gb/s, USB Type-A 3.2 Gen 1","capacity":3000,"price_per_gb":null,"color":null},{"name":"Western Digital My Book Essential","price":199.99,"type":"Desktop","interface":"USB Type-A 3.2 Gen 1","capacity":1000,"price_per_gb":0.2,"color":null},{"name":"Western Digital My Book","price":199,"type":"Desktop","interface":"USB Type-A 3.2 Gen 1","capacity":3000,"price_per_gb":0.066,"color":null},{"name":"Western Digital ELEMENTS","price":null,"type":"Desktop","interface":"USB Type-A 3.2 Gen 1","capacity":3000,"price_per_gb":null,"color":null},{"name":"LaCie 4big Quadra","price":null,"type":"Desktop","interface":"IEEE 1394B 9-Pin, USB Type-A 3.2 Gen 1","capacity":16000,"price_per_gb":null,"color":null},{"name":"LaCie d2","price":null,"type":"Desktop","interface":"Thunderbolt, USB Type-A 3.2 Gen 1","capacity":4000,"price_per_gb":null,"color":null},{"name":"Seagate FreeAgent GoFlex Desk","price":null,"type":"Desktop","interface":"USB Type-A 2.0","capacity":1000,"price_per_gb":null,"color":null},{"name":"Seagate Backup Plus","price":228.09,"type":"Desktop","interface":"USB Type-A 3.2 Gen 1","capacity":3000,"price_per_gb":0.076,"color":null},{"name":"Seagate Backup Plus","price":199,"type":"Desktop","interface":"USB Type-A 3.2 Gen 1","capacity":4000,"price_per_gb":0.05,"color":null},{"name":"Seagate Backup Plus","price":null,"type":"Desktop","interface":"USB Type-A 3.2 Gen 1","capacity":6000,"price_per_gb":null,"color":null},{"name":"Hitachi HGST Touro Desk Pro","price":null,"type":"Desktop","interface":"USB Type-A 3.2 Gen 1","capacity":4000,"price_per_gb":null,"color":null},{"name":"Buslink CRF-2T-U2","price":null,"type":"Desktop","interface":"USB Type-A 2.0","capacity":2000,"price_per_gb":null,"color":null},{"name":"Toshiba Canvio Desk","price":null,"type":"Desktop","interface":"USB Type-A 3.2 Gen 1","capacity":2000,"price_per_gb":null,"color":null},{"name":"Western Digital My Book","price":187.98,"type":"Desktop","interface":"USB Type-A 3.2 Gen 1","capacity":6000,"price_per_gb":0.031,"color":null},{"name":"Apricom ASSD-3PL256-120F","price":null,"type":"Desktop","interface":"USB Type-A 2.0","capacity":120,"price_per_gb":null,"color":null},{"name":"Apricom ASSD-3PL256-240F","price":186.03,"type":"Desktop","interface":"USB Type-A 2.0","capacity":240,"price_per_gb":0.775,"color":null},{"name":"Western Digital My Book Duo","price":null,"type":"Desktop","interface":"USB Type-A 3.2 Gen 1, USB Type-C 3.2 Gen 1","capacity":6000,"price_per_gb":null,"color":"Black"},{"name":"Western Digital My Book Duo","price":null,"type":"Desktop","interface":"USB Type-A 3.2 Gen 1, USB Type-C 3.2 Gen 1","capacity":12000,"price_per_gb":null,"color":"Black"},{"name":"Western Digital easystore","price":null,"type":"Desktop","interface":"USB Type-A 3.2 Gen 1","capacity":14000,"price_per_gb":null,"color":null},{"name":"Western Digital easystore","price":234.99,"type":"Desktop","interface":"USB Type-A 2.0, USB Type-A 3.2 Gen 1","capacity":12000,"price_per_gb":0.02,"color":"Black"},{"name":"Seagate Backup Plus Hub","price":null,"type":"Desktop","interface":"USB Type-A 3.2 Gen 1","capacity":14000,"price_per_gb":null,"color":"Black"},{"name":"LaCie Porsche Design","price":null,"type":"Portable","interface":"USB Type-A 3.2 Gen 1","capacity":1000,"price_per_gb":null,"color":null},{"name":"Western Digital My Passport Air","price":null,"type":"Portable","interface":"USB Type-A 3.2 Gen 1","capacity":500,"price_per_gb":null,"color":null},{"name":"Western Digital My Passport Slim","price":159.99,"type":"Portable","interface":"USB Type-A 3.2 Gen 1","capacity":1000,"price_per_gb":0.16,"color":null},{"name":"Western Digital My Passport Studio","price":null,"type":"Portable","interface":"IEEE 1394B 9-Pin, USB Type-A 2.0","capacity":2000,"price_per_gb":null,"color":null},{"name":"Western Digital ELEMENTS","price":null,"type":"Portable","interface":"USB Type-A 3.2 Gen 1","capacity":500,"price_per_gb":null,"color":null},{"name":"Western Digital My Passport Air","price":null,"type":"Portable","interface":"USB Type-A 3.2 Gen 1","capacity":1000,"price_per_gb":null,"color":null},{"name":"LaCie Rugged","price":null,"type":"Portable","interface":"Thunderbolt, USB Type-A 3.2 Gen 1","capacity":120,"price_per_gb":null,"color":null},{"name":"LaCie Rugged","price":null,"type":"Portable","interface":"Thunderbolt, USB Type-A 3.2 Gen 1","capacity":1000,"price_per_gb":null,"color":null},{"name":"LaCie Rugged","price":null,"type":"Portable","interface":"Thunderbolt, USB Type-A 3.2 Gen 1","capacity":2000,"price_per_gb":null,"color":null},{"name":"Samsung P3","price":null,"type":"Portable","interface":"USB Type-A 3.2 Gen 1","capacity":1000,"price_per_gb":null,"color":null},{"name":"Seagate GoFlex for Mac","price":null,"type":"Portable","interface":"Thunderbolt","capacity":1000,"price_per_gb":null,"color":null},{"name":"Seagate Backup Plus Slim","price":null,"type":"Portable","interface":"USB Type-A 3.2 Gen 1","capacity":2000,"price_per_gb":null,"color":null},{"name":"Seagate Backup Plus","price":null,"type":"Portable","interface":"USB Type-A 3.2 Gen 1","capacity":1000,"price_per_gb":null,"color":null},{"name":"Hitachi HGST Touro Mobile","price":null,"type":"Portable","interface":"USB Type-A 3.2 Gen 1","capacity":500,"price_per_gb":null,"color":null},{"name":"Apricom Aegis Padlock Fortress","price":217.67,"type":"Portable","interface":"USB Type-A 3.2 Gen 1","capacity":1000,"price_per_gb":0.218,"color":null},{"name":"Apricom Aegis Padlock","price":null,"type":"Portable","interface":"eSATA 3.0 Gb/s, USB Type-A 2.0","capacity":1000,"price_per_gb":null,"color":null},{"name":"Toshiba Canvio Connect","price":null,"type":"Portable","interface":"USB Type-A 3.2 Gen 1","capacity":500,"price_per_gb":null,"color":null},{"name":"Toshiba Canvio Connect","price":null,"type":"Portable","interface":"USB Type-A 3.2 Gen 1","capacity":1000,"price_per_gb":null,"color":null},{"name":"Lenovo ThinkPad","price":226.99,"type":"Portable","interface":"USB Type-A 3.2 Gen 1","capacity":1000,"price_per_gb":0.227,"color":null},{"name":"Seagate Backup Plus","price":null,"type":"Portable","interface":"USB Type-A 3.2 Gen 1","capacity":4000,"price_per_gb":null,"color":null},{"name":"Seagate STDR5000100","price":null,"type":"Portable","interface":null,"capacity":5000,"price_per_gb":null,"color":null},{"name":"ADATA SD600","price":null,"type":"Portable","interface":"USB Type-A 3.2 Gen 1","capacity":512,"price_per_gb":null,"color":null},{"name":"ADATA SD600","price":null,"type":"Portable","interface":"USB Type-A 3.2 Gen 1","capacity":512,"price_per_gb":null,"color":null},{"name":"Samsung T5","price":209.99,"type":"Portable","interface":"USB Type-C 3.2 Gen 1","capacity":250,"price_per_gb":0.84,"color":"Blue"},{"name":"Seagate Backup Plus Portable","price":null,"type":"Portable","interface":"USB Type-A 3.2 Gen 1","capacity":5000,"price_per_gb":null,"color":"Silver"},{"name":"Seagate Backup Plus Ultra Touch","price":99.99,"type":"Portable","interface":"USB Type-A 3.2 Gen 1","capacity":1000,"price_per_gb":0.1,"color":"Black"},{"name":"Western Digital My Passport","price":63.39,"type":"Portable","interface":"USB Type-A 3.2 Gen 1","capacity":1000,"price_per_gb":0.063,"color":"Red"},{"name":"Western Digital My Passport","price":79.99,"type":"Portable","interface":"USB Type-A 3.2 Gen 1","capacity":2000,"price_per_gb":0.04,"color":"White"},{"name":"Western Digital My Passport","price":104.99,"type":"Portable","interface":"USB Type-A 3.2 Gen 1","capacity":4000,"price_per_gb":0.026,"color":"Blue"},{"name":"Apacer AS722","price":null,"type":"Portable","interface":"USB Type-C 3.2 Gen 1","capacity":1000,"price_per_gb":null,"color":"Black"},{"name":"SanDisk G-DRIVE ArmorLock","price":133.28,"type":"Portable","interface":"USB Type-C 3.2 Gen 1","capacity":1000,"price_per_gb":0.133,"color":"Black / Yellow"},{"name":"Samsung T3 Portable","price":null,"type":"Portable","interface":"USB Type-C 3.2 Gen 1","capacity":1000,"price_per_gb":null,"color":null},{"name":"Seagate One Touch","price":59.99,"type":"Portable","interface":"USB Type-A 3.2 Gen 2, USB Type-C 3.2 Gen 2","capacity":500,"price_per_gb":0.12,"color":"Black"},{"name":"Seagate One Touch","price":135.63,"type":"Portable","interface":"USB Type-A 3.2 Gen 1","capacity":5000,"price_per_gb":0.027,"color":"Red"},{"name":"Seagate One Touch","price":null,"type":"Portable","interface":"USB Type-A 3.2 Gen 1","capacity":5000,"price_per_gb":null,"color":"Gray"},{"name":"Verbatim Vx460","price":46.27,"type":"Portable","interface":"USB Type-A 3.2 Gen 1","capacity":512,"price_per_gb":0.09,"color":"Black"},{"name":"LaCie Rugged Mini","price":99.99,"type":"Portable","interface":"USB Type-A 3.2 Gen 1","capacity":2000,"price_per_gb":0.05,"color":"Orange / Silver"},{"name":"Seagate Expansion","price":null,"type":"Portable","interface":"USB Type-C 3.2 Gen 1","capacity":500,"price_per_gb":null,"color":"Black"},{"name":"Silicon Power Bolt B75 Pro","price":null,"type":"Portable","interface":"USB Type-C 3.2 Gen 2","capacity":512,"price_per_gb":null,"color":"Black"},{"name":"Silicon Power Bolt B75","price":59.7,"type":"Portable","interface":"USB Type-C 3.2 Gen 1","capacity":480,"price_per_gb":0.124,"color":"Silver"},{"name":"Silicon Power Bolt B75","price":null,"type":"Portable","interface":"USB Type-C 3.2 Gen 1","capacity":256,"price_per_gb":null,"color":"Silver"},{"name":"Silicon Power Stream S05","price":null,"type":"Portable","interface":"USB Type-A 3.2 Gen 1","capacity":5000,"price_per_gb":null,"color":"Black"},{"name":"Silicon Power Bolt B75 Pro","price":null,"type":"Portable","interface":"USB Type-C 3.2 Gen 2","capacity":2000,"price_per_gb":null,"color":"Black"},{"name":"Seagate One Touch","price":124.99,"type":"Desktop","interface":"USB Type-A 3.2 Gen 1","capacity":4000,"price_per_gb":0.031,"color":"Black"},{"name":"Western Digital WDBGPU0010BBK-NESN","price":59.99,"type":"Portable","interface":null,"capacity":1000,"price_per_gb":0.06,"color":null},{"name":"Samsung T7 Portable","price":139.85,"type":"Portable","interface":"USB Type-C 3.2 Gen 1","capacity":2000,"price_per_gb":0.07,"color":"Red / Silver"},{"name":"Samsung T7 Shield","price":79.99,"type":"Portable","interface":"USB Type-C 3.2 Gen 2","capacity":1000,"price_per_gb":0.08,"color":"Beige"},{"name":"Seagate One Touch","price":101.49,"type":"Portable","interface":"USB Type-A 3.2 Gen 1","capacity":2000,"price_per_gb":0.051,"color":"Gray"},{"name":"Silicon Power PC60","price":70.89,"type":"Portable","interface":"USB Type-C 3.2 Gen 2","capacity":1000,"price_per_gb":0.071,"color":"Black"},{"name":"Silicon Power PC60","price":null,"type":"Portable","interface":"USB Type-C 3.2 Gen 2","capacity":512,"price_per_gb":null,"color":"Black"},{"name":"Seagate Backup Plus","price":159.99,"type":"Desktop","interface":"USB Type-A 3.2 Gen 1","capacity":2000,"price_per_gb":0.08,"color":null},{"name":"Transcend StoreJet 35T3","price":null,"type":"Desktop","interface":"USB Type-A 3.2 Gen 1","capacity":3000,"price_per_gb":null,"color":null},{"name":"Transcend StoreJet","price":null,"type":"Portable","interface":"USB Type-A 3.2 Gen 1","capacity":1000,"price_per_gb":null,"color":null},{"name":"Western Digital My Passport","price":67.98,"type":"Portable","interface":"USB Type-A 3.2 Gen 1","capacity":1000,"price_per_gb":0.068,"color":"Blue"},{"name":"Crucial X8","price":null,"type":"Portable","interface":"USB Type-A 3.2 Gen 1, USB Type-C 3.2 Gen 2","capacity":500,"price_per_gb":null,"color":"Black"},{"name":"Buffalo Technology DriveStation Axis","price":null,"type":"Desktop","interface":"USB Type-A 3.2 Gen 1","capacity":1000,"price_per_gb":null,"color":null},{"name":"Buffalo Technology DriveStation","price":null,"type":"Desktop","interface":"USB Type-A 3.2 Gen 1","capacity":2000,"price_per_gb":null,"color":null},{"name":"Buffalo Technology DriveStation","price":null,"type":"Desktop","interface":"IEEE 1394A 6-Pin, IEEE 1394B 9-Pin, eSATA 3.0 Gb/s, USB Type-A 2.0","capacity":1000,"price_per_gb":null,"color":null},{"name":"Buffalo Technology DriveStation","price":null,"type":"Desktop","interface":"USB Type-A 3.2 Gen 1","capacity":3000,"price_per_gb":null,"color":null},{"name":"Buffalo Technology DriveStation","price":null,"type":"Desktop","interface":"USB Type-A 3.2 Gen 1","capacity":4000,"price_per_gb":null,"color":null},{"name":"Buffalo Technology DriveStation Duo","price":null,"type":"Desktop","interface":"USB Type-A 3.2 Gen 1","capacity":2000,"price_per_gb":null,"color":null},{"name":"Buffalo Technology DriveStation Duo","price":null,"type":"Desktop","interface":"USB Type-A 3.2 Gen 1","capacity":4000,"price_per_gb":null,"color":null},{"name":"Buffalo Technology DriveStation","price":null,"type":"Desktop","interface":"Thunderbolt","capacity":1000,"price_per_gb":null,"color":null},{"name":"Buffalo Technology DriveStation","price":null,"type":"Desktop","interface":"Thunderbolt","capacity":256,"price_per_gb":null,"color":null},{"name":"LaCie d2 Quadra","price":null,"type":"Desktop","interface":"IEEE 1394B 9-Pin, eSATA 3.0 Gb/s, USB Type-A 3.2 Gen 1","capacity":2000,"price_per_gb":null,"color":null},{"name":"LaCie Blade Runner","price":null,"type":"Desktop","interface":"USB Type-A 3.2 Gen 1","capacity":4000,"price_per_gb":null,"color":null},{"name":"Western Digital My Book Studio","price":null,"type":"Desktop","interface":"IEEE 1394B 9-Pin, USB Type-A 2.0","capacity":2000,"price_per_gb":null,"color":null},{"name":"Western Digital My Book Studio","price":null,"type":"Desktop","interface":"IEEE 1394B 9-Pin, USB Type-A 2.0","capacity":3000,"price_per_gb":null,"color":null},{"name":"Western Digital My Book","price":null,"type":"Desktop","interface":"USB Type-A 3.2 Gen 1","capacity":3000,"price_per_gb":null,"color":null},{"name":"Western Digital My Book Studio","price":null,"type":"Desktop","interface":"USB Type-A 3.2 Gen 1","capacity":4000,"price_per_gb":null,"color":null},{"name":"Western Digital My Book Thunderbolt Duo","price":null,"type":"Desktop","interface":"Thunderbolt","capacity":4000,"price_per_gb":null,"color":null},{"name":"Western Digital ELEMENTS","price":null,"type":"Desktop","interface":"USB Type-A 3.2 Gen 1","capacity":2000,"price_per_gb":null,"color":null},{"name":"Western Digital My Book for Mac","price":null,"type":"Desktop","interface":"USB Type-A 3.2 Gen 1","capacity":2000,"price_per_gb":null,"color":null},{"name":"Western Digital My Book for Mac","price":229.99,"type":"Desktop","interface":"USB Type-A 3.2 Gen 1","capacity":3000,"price_per_gb":0.077,"color":null},{"name":"LaCie d2","price":null,"type":"Desktop","interface":"Thunderbolt, USB Type-A 3.2 Gen 1","capacity":4000,"price_per_gb":null,"color":null},{"name":"LaCie 2big Quadra","price":null,"type":"Desktop","interface":"IEEE 1394B 9-Pin, USB Type-A 3.2 Gen 1","capacity":4000,"price_per_gb":null,"color":null},{"name":"LaCie Little Big Disk","price":null,"type":"Desktop","interface":"Thunderbolt","capacity":1000,"price_per_gb":null,"color":null},{"name":"LaCie 4big Quadra","price":null,"type":"Desktop","interface":"IEEE 1394B 9-Pin, USB Type-A 3.2 Gen 1","capacity":12000,"price_per_gb":null,"color":null},{"name":"LaCie d2","price":null,"type":"Desktop","interface":"Thunderbolt, USB Type-A 3.2 Gen 1","capacity":3000,"price_per_gb":null,"color":null},{"name":"LaCie 2big Quadra","price":null,"type":"Desktop","interface":"IEEE 1394B 9-Pin, USB Type-A 3.2 Gen 1","capacity":6000,"price_per_gb":null,"color":null},{"name":"LaCie Porsche Design","price":null,"type":"Desktop","interface":"USB Type-A 3.2 Gen 1","capacity":4000,"price_per_gb":null,"color":null},{"name":"LaCie d2","price":null,"type":"Desktop","interface":"Thunderbolt, USB Type-A 3.2 Gen 1","capacity":5000,"price_per_gb":null,"color":null},{"name":"LaCie d2","price":null,"type":"Desktop","interface":"Thunderbolt, USB Type-A 3.2 Gen 1","capacity":6000,"price_per_gb":null,"color":null},{"name":"LaCie Minimus","price":null,"type":"Desktop","interface":"USB Type-A 3.2 Gen 1","capacity":3000,"price_per_gb":null,"color":null},{"name":"LaCie 4big Quadra","price":null,"type":"Desktop","interface":"IEEE 1394B 9-Pin, USB Type-A 3.2 Gen 1","capacity":8000,"price_per_gb":null,"color":null},{"name":"LaCie 2big","price":null,"type":"Desktop","interface":"Thunderbolt","capacity":10000,"price_per_gb":null,"color":null},{"name":"LaCie d2 Quadra","price":null,"type":"Desktop","interface":"IEEE 1394B 9-Pin, eSATA 3.0 Gb/s, USB Type-A 3.2 Gen 1","capacity":5000,"price_per_gb":null,"color":null},{"name":"LaCie d2","price":null,"type":"Desktop","interface":"Thunderbolt, USB Type-A 3.2 Gen 1","capacity":3000,"price_per_gb":null,"color":null},{"name":"Samsung D3 Station","price":null,"type":"Desktop","interface":"USB Type-A 3.2 Gen 1","capacity":2000,"price_per_gb":null,"color":null},{"name":"Samsung D3 Station","price":null,"type":"Desktop","interface":"USB Type-A 3.2 Gen 1","capacity":3000,"price_per_gb":null,"color":null},{"name":"Samsung D3 Station","price":null,"type":"Desktop","interface":null,"capacity":4000,"price_per_gb":null,"color":null},{"name":"Samsung D3 Station","price":null,"type":"Desktop","interface":"USB Type-A 3.2 Gen 1","capacity":2000,"price_per_gb":null,"color":null},{"name":"Samsung D3 Station","price":null,"type":"Desktop","interface":"USB Type-A 3.2 Gen 1","capacity":3000,"price_per_gb":null,"color":null},{"name":"Samsung D3 Station","price":null,"type":"Desktop","interface":"USB Type-A 3.2 Gen 1","capacity":4000,"price_per_gb":null,"color":null},{"name":"Samsung D3 Station","price":null,"type":"Desktop","interface":"USB Type-A 3.2 Gen 1","capacity":5000,"price_per_gb":null,"color":null},{"name":"Samsung D3 Station","price":null,"type":"Desktop","interface":"USB Type-A 3.2 Gen 1","capacity":6000,"price_per_gb":null,"color":null},{"name":"Seagate Expansion","price":127.49,"type":"Desktop","interface":"USB Type-A 3.2 Gen 1","capacity":5000,"price_per_gb":0.025,"color":null},{"name":"Seagate Backup Plus","price":218.99,"type":"Desktop","interface":"USB Type-A 3.2 Gen 1","capacity":5000,"price_per_gb":0.044,"color":null},{"name":"Seagate Backup Plus","price":null,"type":"Desktop","interface":"USB Type-A 3.2 Gen 1","capacity":3000,"price_per_gb":null,"color":null},{"name":"Hitachi HGST Touro Desk","price":null,"type":"Desktop","interface":"USB Type-A 3.2 Gen 1","capacity":4000,"price_per_gb":null,"color":null},{"name":"Apricom Aegis Padlock DT","price":null,"type":"Desktop","interface":"USB Type-A 3.2 Gen 1","capacity":2000,"price_per_gb":null,"color":null},{"name":"Apricom Aegis Padlock DT","price":null,"type":"Desktop","interface":"USB Type-A 3.2 Gen 1","capacity":1000,"price_per_gb":null,"color":null},{"name":"Apricom Aegis Padlock DT","price":175.99,"type":"Desktop","interface":"USB Type-A 3.2 Gen 1","capacity":2000,"price_per_gb":0.088,"color":null},{"name":"Axiom USB3HD35S1TB-AX","price":null,"type":"Desktop","interface":"USB Type-A 3.2 Gen 1","capacity":1000,"price_per_gb":null,"color":null},{"name":"Axiom USB3HD35S250-AX","price":null,"type":"Desktop","interface":null,"capacity":250,"price_per_gb":null,"color":null},{"name":"Axiom USB3HD35S2TB-AX","price":null,"type":"Desktop","interface":"USB Type-A 3.2 Gen 1","capacity":2000,"price_per_gb":null,"color":null},{"name":"Axiom USB3HD35S3TB-AX","price":null,"type":"Desktop","interface":"USB Type-A 3.2 Gen 1","capacity":3000,"price_per_gb":null,"color":null},{"name":"Axiom USB3HD35S500-AX","price":null,"type":"Desktop","interface":null,"capacity":500,"price_per_gb":null,"color":null},{"name":"Buslink CSC-1T-U2","price":null,"type":"Desktop","interface":"USB Type-A 2.0","capacity":1000,"price_per_gb":null,"color":null},{"name":"Buslink CSC-2T-U3","price":null,"type":"Desktop","interface":"USB Type-A 3.2 Gen 1","capacity":2000,"price_per_gb":null,"color":null},{"name":"Apricom Aegis Padlock DT","price":null,"type":"Desktop","interface":"USB Type-A 3.2 Gen 1","capacity":1000,"price_per_gb":null,"color":null},{"name":"Imation Apollo Pro UX","price":null,"type":"Desktop","interface":"USB Type-A 2.0","capacity":1000,"price_per_gb":null,"color":null},{"name":"Transcend StoreJet 35T3","price":null,"type":"Desktop","interface":"USB Type-A 3.2 Gen 1","capacity":2000,"price_per_gb":null,"color":null},{"name":"Toshiba Canvio Desk","price":null,"type":"Desktop","interface":"USB Type-A 3.2 Gen 1","capacity":5000,"price_per_gb":null,"color":null},{"name":"LaCie Porsche Design","price":null,"type":"Desktop","interface":"USB Type-A 3.2 Gen 1","capacity":8000,"price_per_gb":null,"color":null},{"name":"Seagate Expansion","price":299.99,"type":"Desktop","interface":"USB Type-A 3.2 Gen 1","capacity":5000,"price_per_gb":0.06,"color":null},{"name":"Buslink CipherShield","price":null,"type":"Desktop","interface":"USB Type-A 3.2 Gen 1","capacity":6000,"price_per_gb":null,"color":null},{"name":"Edge Tech EDGDG-236236-PE","price":null,"type":"Desktop","interface":"USB Type-A 3.2 Gen 1","capacity":4000,"price_per_gb":null,"color":null},{"name":"G-Technology G-DRIVE","price":null,"type":"Desktop","interface":"IEEE 1394B 9-Pin, eSATA 6.0 Gb/s, USB Type-A 3.2 Gen 1","capacity":2000,"price_per_gb":null,"color":null},{"name":"G-Technology G-DRIVE","price":null,"type":"Desktop","interface":"IEEE 1394B 9-Pin, eSATA 6.0 Gb/s, USB Type-A 3.2 Gen 1","capacity":3000,"price_per_gb":null,"color":null},{"name":"G-Technology G-DRIVE","price":null,"type":"Desktop","interface":"IEEE 1394B 9-Pin, eSATA 6.0 Gb/s, USB Type-A 3.2 Gen 1","capacity":4000,"price_per_gb":null,"color":null},{"name":"Western Digital My Book","price":147.88,"type":"Desktop","interface":"USB Type-A 3.2 Gen 1","capacity":3000,"price_per_gb":0.049,"color":"Black"},{"name":"Western Digital easystore","price":null,"type":"Desktop","interface":"USB Type-A 3.2 Gen 1","capacity":4000,"price_per_gb":null,"color":"Black"},{"name":"Verbatim 99399","price":184.8,"type":"Desktop","interface":"USB Type-A 3.2 Gen 1","capacity":4000,"price_per_gb":0.046,"color":"Black"},{"name":"Seagate STEB6000403","price":null,"type":"Desktop","interface":"USB Type-A 3.2 Gen 1","capacity":6000,"price_per_gb":null,"color":"Black"},{"name":"Seagate Expansion","price":null,"type":"Desktop","interface":"USB Type-A 3.2 Gen 1","capacity":14000,"price_per_gb":null,"color":"Black"},{"name":"LaCie Porsche Design","price":null,"type":"Desktop","interface":"USB Type-A 3.2 Gen 1","capacity":1000,"price_per_gb":null,"color":"Silver"},{"name":"LaCie Porsche Design","price":null,"type":"Desktop","interface":"USB Type-A 3.2 Gen 1","capacity":2000,"price_per_gb":null,"color":"Silver"},{"name":"Seagate Backup Plus","price":null,"type":"Desktop","interface":"USB Type-A 3.2 Gen 1","capacity":4000,"price_per_gb":null,"color":"Black"},{"name":"ADATA DashDrive","price":null,"type":"Portable","interface":"USB Type-A 3.2 Gen 1","capacity":1000,"price_per_gb":null,"color":null},{"name":"Buffalo Technology MiniStation","price":null,"type":"Portable","interface":"USB Type-A 3.2 Gen 1","capacity":1000,"price_per_gb":null,"color":null},{"name":"Buffalo Technology MiniStation","price":null,"type":"Portable","interface":"USB Type-A 3.2 Gen 1","capacity":2000,"price_per_gb":null,"color":null},{"name":"Buffalo Technology MiniStation","price":null,"type":"Portable","interface":"USB Type-A 3.2 Gen 1","capacity":500,"price_per_gb":null,"color":null},{"name":"Buffalo Technology MiniStation Extreme","price":null,"type":"Portable","interface":"USB Type-A 3.2 Gen 1","capacity":1000,"price_per_gb":null,"color":null},{"name":"Buffalo Technology MiniStation Extreme","price":null,"type":"Portable","interface":"USB Type-A 3.2 Gen 1","capacity":1000,"price_per_gb":null,"color":null},{"name":"Buffalo Technology MiniStation Extreme","price":null,"type":"Portable","interface":"USB Type-A 3.2 Gen 1","capacity":1000,"price_per_gb":null,"color":null},{"name":"Buffalo Technology MiniStation Extreme","price":null,"type":"Portable","interface":"USB Type-A 3.2 Gen 1","capacity":500,"price_per_gb":null,"color":null},{"name":"Buffalo Technology MiniStation Extreme","price":null,"type":"Portable","interface":"USB Type-A 3.2 Gen 1","capacity":500,"price_per_gb":null,"color":null},{"name":"Buffalo Technology MiniStation Extreme","price":null,"type":"Portable","interface":"USB Type-A 3.2 Gen 1","capacity":500,"price_per_gb":null,"color":null},{"name":"LaCie Rugged Mini","price":null,"type":"Portable","interface":"USB Type-A 3.2 Gen 1","capacity":500,"price_per_gb":null,"color":null},{"name":"LaCie Rugged Mini","price":null,"type":"Portable","interface":"USB Type-A 3.2 Gen 1","capacity":500,"price_per_gb":null,"color":null},{"name":"LaCie Rikiki","price":null,"type":"Portable","interface":"USB Type-A 3.2 Gen 1","capacity":500,"price_per_gb":null,"color":null},{"name":"LaCie Rugged","price":null,"type":"Portable","interface":"IEEE 1394B 9-Pin, USB Type-A 3.2 Gen 1","capacity":500,"price_per_gb":null,"color":null},{"name":"LaCie Rugged","price":null,"type":"Portable","interface":"IEEE 1394B 9-Pin, USB Type-A 3.2 Gen 1","capacity":500,"price_per_gb":null,"color":null},{"name":"LaCie Rugged","price":null,"type":"Portable","interface":"IEEE 1394B 9-Pin, USB Type-A 3.2 Gen 1","capacity":1000,"price_per_gb":null,"color":null},{"name":"LaCie Porsche Design","price":null,"type":"Portable","interface":"USB Type-A 3.2 Gen 1","capacity":500,"price_per_gb":null,"color":null},{"name":"Western Digital My Passport Studio","price":null,"type":"Portable","interface":"IEEE 1394B 9-Pin, USB Type-A 2.0","capacity":1000,"price_per_gb":null,"color":null},{"name":"Western Digital ELEMENTS","price":null,"type":"Portable","interface":"USB Type-A 3.2 Gen 1","capacity":1500,"price_per_gb":null,"color":null},{"name":"Western Digital My Passport","price":219.99,"type":"Portable","interface":"USB Type-A 3.2 Gen 1","capacity":2000,"price_per_gb":0.11,"color":null},{"name":"LaCie Rugged Mini","price":null,"type":"Portable","interface":"USB Type-A 3.2 Gen 1","capacity":1500,"price_per_gb":null,"color":null},{"name":"LaCie Little Big Disk","price":null,"type":"Portable","interface":"Thunderbolt","capacity":512,"price_per_gb":null,"color":null},{"name":"LaCie Porsche Design","price":null,"type":"Portable","interface":"USB Type-A 3.2 Gen 1","capacity":120,"price_per_gb":null,"color":null},{"name":"LaCie Rugged","price":null,"type":"Portable","interface":"Thunderbolt, USB Type-A 3.2 Gen 1","capacity":256,"price_per_gb":null,"color":null},{"name":"LaCie Porsche Design","price":null,"type":"Portable","interface":null,"capacity":250,"price_per_gb":null,"color":null},{"name":"Verbatim Store 'n' Go","price":null,"type":"Portable","interface":"USB Type-A 3.2 Gen 1","capacity":128,"price_per_gb":null,"color":null},{"name":"Verbatim Store 'n' Go","price":null,"type":"Portable","interface":"USB Type-A 3.2 Gen 1","capacity":256,"price_per_gb":null,"color":null},{"name":"Verbatim Titan XS","price":90.67,"type":"Portable","interface":null,"capacity":1000,"price_per_gb":0.091,"color":null},{"name":"Verbatim Freecom","price":null,"type":"Portable","interface":"USB Type-A 3.2 Gen 1","capacity":1000,"price_per_gb":null,"color":null},{"name":"Verbatim Freecom","price":null,"type":"Portable","interface":"USB Type-A 3.2 Gen 1","capacity":1000,"price_per_gb":null,"color":null},{"name":"Verbatim 97805","price":null,"type":"Portable","interface":"USB Type-A 3.2 Gen 1","capacity":500,"price_per_gb":null,"color":null},{"name":"Verbatim 97806","price":null,"type":"Portable","interface":"USB Type-A 3.2 Gen 1","capacity":1000,"price_per_gb":null,"color":null},{"name":"Samsung P3","price":null,"type":"Portable","interface":"USB Type-A 3.2 Gen 1","capacity":500,"price_per_gb":null,"color":null},{"name":"Samsung P3 Portable","price":null,"type":"Portable","interface":"USB Type-A 3.2 Gen 1","capacity":2000,"price_per_gb":null,"color":null},{"name":"Samsung MU-PS250B/AM","price":null,"type":"Portable","interface":"USB Type-A 3.2 Gen 1","capacity":250,"price_per_gb":null,"color":null},{"name":"Samsung MU-PS500B/AM","price":null,"type":"Portable","interface":"USB Type-A 3.2 Gen 1","capacity":500,"price_per_gb":null,"color":null},{"name":"Seagate Backup Plus","price":null,"type":"Portable","interface":"USB Type-A 3.2 Gen 1","capacity":1000,"price_per_gb":null,"color":null},{"name":"Seagate Backup Plus Slim","price":null,"type":"Portable","interface":"USB Type-A 3.2 Gen 1","capacity":2000,"price_per_gb":null,"color":null},{"name":"Seagate Backup Plus Slim","price":null,"type":"Portable","interface":"USB Type-A 3.2 Gen 1","capacity":2000,"price_per_gb":null,"color":null},{"name":"Hitachi GST Touro Mobile Pro","price":null,"type":"Portable","interface":"USB Type-A 3.2 Gen 1","capacity":500,"price_per_gb":null,"color":null},{"name":"Hitachi HGST Touro Mobile","price":null,"type":"Portable","interface":"USB Type-A 3.2 Gen 1","capacity":1000,"price_per_gb":null,"color":null},{"name":"Hitachi HGST Touro Mobile Pro","price":null,"type":"Portable","interface":"USB Type-A 3.2 Gen 1","capacity":1000,"price_per_gb":null,"color":null},{"name":"HP HPHDD2E30500AS1-RBU","price":null,"type":"Portable","interface":"USB Type-A 3.2 Gen 1","capacity":500,"price_per_gb":null,"color":null},{"name":"ADATA CH11","price":null,"type":"Portable","interface":"USB Type-A 3.2 Gen 1","capacity":500,"price_per_gb":null,"color":null},{"name":"ADATA AHV620-2TU3-CBK","price":139.97,"type":"Portable","interface":"USB Type-A 3.2 Gen 1","capacity":2000,"price_per_gb":0.07,"color":null},{"name":"ADATA AHV620-500GU3-CBK","price":null,"type":"Portable","interface":"USB Type-A 3.2 Gen 1","capacity":500,"price_per_gb":null,"color":null},{"name":"ADATA DashDrive SE720","price":null,"type":"Portable","interface":"USB Type-A 3.2 Gen 1","capacity":128,"price_per_gb":null,"color":null},{"name":"ADATA SH14","price":null,"type":"Portable","interface":"USB Type-A 3.2 Gen 1","capacity":1000,"price_per_gb":null,"color":null},{"name":"Apricom Aegis Bio","price":null,"type":"Portable","interface":"USB Type-A 3.2 Gen 1","capacity":1000,"price_per_gb":null,"color":null},{"name":"Apricom Aegis Bio 3.0","price":null,"type":"Portable","interface":"USB Type-A 3.2 Gen 1","capacity":512,"price_per_gb":null,"color":null},{"name":"Apricom Aegis Padlock","price":null,"type":"Portable","interface":"USB Type-A 3.2 Gen 1","capacity":1000,"price_per_gb":null,"color":null},{"name":"Apricom Aegis Padlock","price":null,"type":"Portable","interface":"USB Type-A 3.2 Gen 1","capacity":500,"price_per_gb":null,"color":null},{"name":"Apricom Aegis Padlock Fortress","price":null,"type":"Portable","interface":"USB Type-A 3.2 Gen 1","capacity":500,"price_per_gb":null,"color":null},{"name":"Apricom Aegis Padlock","price":153.88,"type":"Portable","interface":"USB Type-A 3.2 Gen 1","capacity":500,"price_per_gb":0.308,"color":null},{"name":"Apricom Aegis Padlock Fortress","price":163.27,"type":"Portable","interface":"USB Type-A 3.2 Gen 1","capacity":500,"price_per_gb":0.327,"color":null},{"name":"Apricom Aegis Portable 3.0","price":null,"type":"Portable","interface":"USB Type-A 3.2 Gen 1","capacity":1000,"price_per_gb":null,"color":null},{"name":"Apricom Aegis Portable 3.0","price":null,"type":"Portable","interface":"USB Type-A 3.2 Gen 1","capacity":500,"price_per_gb":null,"color":null},{"name":"Apricom Aegis Padlock","price":null,"type":"Portable","interface":"USB Type-A 2.0","capacity":1000,"price_per_gb":null,"color":null},{"name":"Apricom Aegis Padlock","price":null,"type":"Portable","interface":"USB Type-A 2.0","capacity":1000,"price_per_gb":null,"color":null},{"name":"Apricom Aegis Padlock","price":null,"type":"Portable","interface":"USB Type-A 2.0","capacity":320,"price_per_gb":null,"color":null},{"name":"Apricom Aegis Padlock","price":null,"type":"Portable","interface":null,"capacity":500,"price_per_gb":null,"color":null},{"name":"Axiom Mobile-D","price":null,"type":"Portable","interface":"USB Type-A 3.2 Gen 1","capacity":1000,"price_per_gb":null,"color":null},{"name":"Axiom Mobile-D","price":null,"type":"Portable","interface":"USB Type-A 3.2 Gen 1","capacity":250,"price_per_gb":null,"color":null},{"name":"Axiom Mobile-D","price":null,"type":"Portable","interface":"USB Type-A 3.2 Gen 1","capacity":320,"price_per_gb":null,"color":null},{"name":"Axiom Mobile-D","price":null,"type":"Portable","interface":"USB Type-A 3.2 Gen 1","capacity":500,"price_per_gb":null,"color":null},{"name":"Axiom Mobile-D","price":null,"type":"Portable","interface":"USB Type-A 3.2 Gen 1","capacity":750,"price_per_gb":null,"color":null},{"name":"Axiom Mobile-D","price":null,"type":"Portable","interface":"USB Type-A 3.2 Gen 1","capacity":250,"price_per_gb":null,"color":null},{"name":"Axiom Mobile-D","price":null,"type":"Portable","interface":"USB Type-A 3.2 Gen 1","capacity":320,"price_per_gb":null,"color":null},{"name":"Axiom Mobile-D","price":null,"type":"Portable","interface":"USB Type-A 3.2 Gen 1","capacity":500,"price_per_gb":null,"color":null},{"name":"Transcend StoreJet","price":null,"type":"Portable","interface":"USB Type-A 2.0","capacity":750,"price_per_gb":null,"color":null},{"name":"Transcend StoreJet","price":null,"type":"Portable","interface":"USB Type-A 3.2 Gen 1","capacity":500,"price_per_gb":null,"color":null},{"name":"Transcend StoreJet","price":null,"type":"Portable","interface":"USB Type-A 2.0","capacity":500,"price_per_gb":null,"color":null},{"name":"Transcend StoreJet","price":null,"type":"Portable","interface":"USB Type-A 2.0","capacity":500,"price_per_gb":null,"color":null},{"name":"Imation Apollo Expert","price":null,"type":"Portable","interface":"USB Type-A 3.2 Gen 1","capacity":1000,"price_per_gb":null,"color":null},{"name":"Toshiba Canvio Connect","price":null,"type":"Portable","interface":"USB Type-A 3.2 Gen 1","capacity":500,"price_per_gb":null,"color":null},{"name":"Toshiba Canvio Connect","price":null,"type":"Portable","interface":"USB Type-A 3.2 Gen 1","capacity":500,"price_per_gb":null,"color":null},{"name":"Toshiba Canvio Connect","price":null,"type":"Portable","interface":"USB Type-A 3.2 Gen 1","capacity":500,"price_per_gb":null,"color":null},{"name":"Toshiba Canvio Connect","price":null,"type":"Portable","interface":"USB Type-A 3.2 Gen 1","capacity":750,"price_per_gb":null,"color":null},{"name":"Toshiba Canvio Connect","price":null,"type":"Portable","interface":"USB Type-A 3.2 Gen 1","capacity":750,"price_per_gb":null,"color":null},{"name":"Toshiba Canvio Connect","price":null,"type":"Portable","interface":"USB Type-A 3.2 Gen 1","capacity":750,"price_per_gb":null,"color":null},{"name":"Toshiba Canvio Connect","price":null,"type":"Portable","interface":"USB Type-A 3.2 Gen 1","capacity":750,"price_per_gb":null,"color":null},{"name":"Toshiba Canvio Connect","price":null,"type":"Portable","interface":"USB Type-A 3.2 Gen 1","capacity":750,"price_per_gb":null,"color":null},{"name":"Toshiba Canvio Connect","price":null,"type":"Portable","interface":"USB Type-A 3.2 Gen 1","capacity":1000,"price_per_gb":null,"color":null},{"name":"Toshiba Canvio Connect","price":null,"type":"Portable","interface":"USB Type-A 3.2 Gen 1","capacity":1000,"price_per_gb":null,"color":null},{"name":"Toshiba Canvio Connect","price":null,"type":"Portable","interface":"USB Type-A 3.2 Gen 1","capacity":1000,"price_per_gb":null,"color":null},{"name":"Toshiba Canvio Connect","price":null,"type":"Portable","interface":"USB Type-A 3.2 Gen 1","capacity":1500,"price_per_gb":null,"color":null},{"name":"Toshiba Canvio Connect","price":null,"type":"Portable","interface":"USB Type-A 3.2 Gen 1","capacity":1500,"price_per_gb":null,"color":null},{"name":"Toshiba Canvio Connect","price":null,"type":"Portable","interface":"USB Type-A 3.2 Gen 1","capacity":1500,"price_per_gb":null,"color":null},{"name":"Toshiba Canvio Connect","price":null,"type":"Portable","interface":"USB Type-A 3.2 Gen 1","capacity":1500,"price_per_gb":null,"color":null},{"name":"Toshiba Canvio Connect","price":null,"type":"Portable","interface":"USB Type-A 3.2 Gen 1","capacity":1500,"price_per_gb":null,"color":null},{"name":"Toshiba Canvio Connect","price":null,"type":"Portable","interface":"USB Type-A 3.2 Gen 1","capacity":2000,"price_per_gb":null,"color":null},{"name":"Toshiba Canvio Connect","price":null,"type":"Portable","interface":"USB Type-A 3.2 Gen 1","capacity":2000,"price_per_gb":null,"color":null},{"name":"Toshiba Canvio Connect","price":null,"type":"Portable","interface":"USB Type-A 3.2 Gen 1","capacity":2000,"price_per_gb":null,"color":null},{"name":"Toshiba Canvio Connect","price":null,"type":"Portable","interface":"USB Type-A 3.2 Gen 1","capacity":2000,"price_per_gb":null,"color":null},{"name":"Toshiba Canvio Connect","price":null,"type":"Portable","interface":"USB Type-A 3.2 Gen 1","capacity":2000,"price_per_gb":null,"color":null},{"name":"Toshiba Canvio Slim II","price":101,"type":"Portable","interface":"USB Type-A 3.2 Gen 1","capacity":1000,"price_per_gb":0.101,"color":null},{"name":"Toshiba Canvio Slim II","price":101,"type":"Portable","interface":"USB Type-A 3.2 Gen 1","capacity":1000,"price_per_gb":0.101,"color":null},{"name":"Toshiba Canvio Slim II","price":109,"type":"Portable","interface":null,"capacity":1000,"price_per_gb":0.109,"color":null},{"name":"Lenovo ThinkPad","price":null,"type":"Portable","interface":"USB Type-A 3.2 Gen 1","capacity":750,"price_per_gb":null,"color":null},{"name":"Lenovo ThinkPad","price":null,"type":"Portable","interface":"USB Type-A 3.2 Gen 1","capacity":500,"price_per_gb":null,"color":null},{"name":"Transcend TS128GESD200K","price":null,"type":"Portable","interface":"USB Type-A 3.2 Gen 1","capacity":128,"price_per_gb":null,"color":null},{"name":"Transcend TS128GSJC10K","price":null,"type":"Portable","interface":"USB Type-A 3.2 Gen 1","capacity":128,"price_per_gb":null,"color":null},{"name":"Samsung T1","price":null,"type":"Portable","interface":"USB Type-A 3.2 Gen 1","capacity":1000,"price_per_gb":null,"color":null},{"name":"Western Digital My Passport","price":null,"type":"Portable","interface":"USB Type-A 3.2 Gen 1","capacity":2000,"price_per_gb":null,"color":null},{"name":"SanDisk Extreme 900","price":null,"type":"Portable","interface":"USB Type-A 3.2 Gen 2","capacity":480,"price_per_gb":null,"color":null},{"name":"ADATA SD600","price":null,"type":"Portable","interface":"USB Type-A 3.2 Gen 1","capacity":256,"price_per_gb":null,"color":null},{"name":"ADATA SD600","price":null,"type":"Portable","interface":"USB Type-A 3.2 Gen 1","capacity":256,"price_per_gb":null,"color":null},{"name":"ADATA SD700","price":null,"type":"Portable","interface":"USB Type-A 3.2 Gen 1","capacity":1000,"price_per_gb":null,"color":null},{"name":"ADATA SD700","price":null,"type":"Portable","interface":"USB Type-A 3.2 Gen 1","capacity":256,"price_per_gb":null,"color":null},{"name":"ADATA SD700","price":null,"type":"Portable","interface":"USB Type-A 3.2 Gen 1","capacity":256,"price_per_gb":null,"color":null},{"name":"ADATA SD700","price":null,"type":"Portable","interface":"USB Type-A 3.2 Gen 1","capacity":512,"price_per_gb":null,"color":null},{"name":"ADATA SD700","price":null,"type":"Portable","interface":"USB Type-A 3.2 Gen 1","capacity":512,"price_per_gb":null,"color":null},{"name":"ADATA SE730","price":null,"type":"Portable","interface":"USB Type-C 3.2 Gen 1","capacity":250,"price_per_gb":null,"color":null},{"name":"Seagate Backup Plus Portable","price":null,"type":"Portable","interface":"USB Type-A 3.2 Gen 1","capacity":5000,"price_per_gb":null,"color":"Blue"},{"name":"Buffalo Technology Americas MiniStation","price":null,"type":"Portable","interface":"USB Type-A 3.2 Gen 1","capacity":2000,"price_per_gb":null,"color":"Black"},{"name":"Apricom Apricorn Aegis Padlock","price":null,"type":"Portable","interface":"USB Type-A 3.2 Gen 1","capacity":128,"price_per_gb":null,"color":"Black"},{"name":"Buffalo Technology Americas MiniStation","price":null,"type":"Portable","interface":"USB Type-A 3.2 Gen 1","capacity":1000,"price_per_gb":null,"color":"Black"},{"name":"Apricom Aegis Padlock","price":294.99,"type":"Portable","interface":"USB Type-A 3.2 Gen 1","capacity":512,"price_per_gb":0.576,"color":"Black"},{"name":"Seagate Backup Plus Portable","price":184.49,"type":"Portable","interface":"USB Type-A 3.2 Gen 1","capacity":4000,"price_per_gb":0.046,"color":"Blue / White"},{"name":"Seagate Backup Plus Ultra Touch","price":null,"type":"Portable","interface":"USB Type-A 3.2 Gen 1","capacity":1000,"price_per_gb":null,"color":"White"},{"name":"Seagate Backup Plus Ultra Touch","price":null,"type":"Portable","interface":"USB Type-A 3.2 Gen 1","capacity":2000,"price_per_gb":null,"color":"Black"},{"name":"Western Digital G-DRIVE Mobile","price":null,"type":"Portable","interface":"USB Type-A 2.0, USB Type-C 3.2 Gen 1","capacity":4000,"price_per_gb":null,"color":"Silver"},{"name":"Western Digital G-DRIVE Mobile","price":null,"type":"Portable","interface":"USB Type-C 3.2 Gen 1","capacity":2000,"price_per_gb":null,"color":"Silver"},{"name":"Western Digital G-DRIVE Mobile","price":null,"type":"Portable","interface":"USB Type-C 3.2 Gen 1","capacity":2000,"price_per_gb":null,"color":"Silver"},{"name":"Western Digital G-DRIVE Mobile","price":null,"type":"Portable","interface":"USB Type-C 3.2 Gen 1","capacity":1000,"price_per_gb":null,"color":"Silver"},{"name":"Seagate Backup Plus Portable","price":null,"type":"Portable","interface":"USB Type-A 3.2 Gen 1","capacity":5000,"price_per_gb":null,"color":"Black"},{"name":"Western Digital My Passport","price":102,"type":"Portable","interface":"USB Type-A 3.2 Gen 1","capacity":4000,"price_per_gb":0.025,"color":"Red"},{"name":"Apacer AS722","price":null,"type":"Portable","interface":"USB Type-C 3.2 Gen 1","capacity":512,"price_per_gb":null,"color":"Black"},{"name":"Apacer AS721","price":null,"type":"Portable","interface":"USB Type-C 3.2 Gen 1","capacity":250,"price_per_gb":null,"color":"Black"},{"name":"Apacer AS721","price":null,"type":"Portable","interface":"USB Type-C 3.2 Gen 1","capacity":500,"price_per_gb":null,"color":"Black"},{"name":"Apacer AS721","price":null,"type":"Portable","interface":"USB Type-C 3.2 Gen 1","capacity":1000,"price_per_gb":null,"color":"Black"},{"name":"SanDisk G-DRIVE ArmorLock","price":null,"type":"Portable","interface":"USB Type-C 3.2 Gen 1","capacity":2000,"price_per_gb":null,"color":"Black / Yellow"},{"name":"Western Digital My Passport Ultra","price":null,"type":"Portable","interface":"USB Type-A 3.2 Gen 2","capacity":3000,"price_per_gb":null,"color":"White"},{"name":"Samsung T7 Portable","price":null,"type":"Portable","interface":"USB Type-C 3.2 Gen 2","capacity":1000,"price_per_gb":null,"color":"Silver"},{"name":"Samsung T5 Portable","price":null,"type":"Portable","interface":"USB Type-C 3.2 Gen 2","capacity":1000,"price_per_gb":null,"color":"Red"},{"name":"Samsung T5 Portable","price":null,"type":"Portable","interface":"USB Type-C 3.2 Gen 2","capacity":500,"price_per_gb":null,"color":"Red"},{"name":"Samsung T5 Portable","price":null,"type":"Portable","interface":"USB Type-C 3.2 Gen 2","capacity":500,"price_per_gb":null,"color":"Gold"},{"name":"Samsung T5 Portable","price":null,"type":"Portable","interface":"USB Type-C 3.2 Gen 2","capacity":1000,"price_per_gb":null,"color":"Gold"},{"name":"Samsung T3 Portable","price":null,"type":"Portable","interface":"USB Type-C 3.2 Gen 1","capacity":500,"price_per_gb":null,"color":null},{"name":"Samsung T3 Portable","price":null,"type":"Portable","interface":"USB Type-C 3.2 Gen 1","capacity":2000,"price_per_gb":null,"color":null},{"name":"Samsung T3 Portable","price":null,"type":"Portable","interface":"USB Type-C 3.2 Gen 1","capacity":250,"price_per_gb":null,"color":null},{"name":"Seagate One Touch","price":195.99,"type":"Portable","interface":"USB Type-A 3.2 Gen 2, USB Type-C 3.2 Gen 2","capacity":2000,"price_per_gb":0.098,"color":"Blue"},{"name":"Seagate One Touch","price":269.99,"type":"Portable","interface":"USB Type-A 3.2 Gen 2, USB Type-C 3.2 Gen 2","capacity":2000,"price_per_gb":0.135,"color":"Silver"},{"name":"Seagate One Touch","price":105.69,"type":"Portable","interface":"USB Type-A 3.2 Gen 2, USB Type-C 3.2 Gen 2","capacity":1000,"price_per_gb":0.106,"color":"Blue"},{"name":"Seagate One Touch","price":77.56,"type":"Portable","interface":"USB Type-A 3.2 Gen 2, USB Type-C 3.2 Gen 2","capacity":500,"price_per_gb":0.155,"color":"Silver"},{"name":"Seagate One Touch","price":78.5,"type":"Portable","interface":"USB Type-A 3.2 Gen 1","capacity":1000,"price_per_gb":0.079,"color":"Blue"},{"name":"Seagate One Touch","price":62.99,"type":"Portable","interface":"USB Type-A 3.2 Gen 1","capacity":1000,"price_per_gb":0.063,"color":"Red"},{"name":"Seagate One Touch","price":null,"type":"Portable","interface":"USB Type-A 3.2 Gen 1","capacity":1000,"price_per_gb":null,"color":"Gray"},{"name":"Seagate One Touch","price":null,"type":"Portable","interface":"USB Type-A 3.2 Gen 1","capacity":2000,"price_per_gb":null,"color":"Red"},{"name":"Seagate One Touch","price":114,"type":"Portable","interface":"USB Type-A 3.2 Gen 1","capacity":2000,"price_per_gb":0.057,"color":null},{"name":"Seagate One Touch","price":114.99,"type":"Portable","interface":"USB Type-A 3.2 Gen 1","capacity":4000,"price_per_gb":0.029,"color":"Blue"},{"name":"Seagate One Touch","price":null,"type":"Portable","interface":"USB Type-A 3.2 Gen 1","capacity":4000,"price_per_gb":null,"color":"Gray"},{"name":"Seagate One Touch","price":219,"type":"Portable","interface":"USB Type-A 3.2 Gen 1","capacity":5000,"price_per_gb":0.044,"color":"Blue"},{"name":"KIOXIA EXCERIA PLUS","price":281.99,"type":"Portable","interface":"USB Type-C 3.2 Gen 2","capacity":2000,"price_per_gb":0.141,"color":"Gray"},{"name":"KIOXIA EXCERIA PLUS","price":93.99,"type":"Portable","interface":"USB Type-C 3.2 Gen 2","capacity":500,"price_per_gb":0.188,"color":"Gray"},{"name":"Silicon Power PC60","price":null,"type":"Portable","interface":"USB Type-C 3.2 Gen 2","capacity":4000,"price_per_gb":null,"color":"Black"},{"name":"Silicon Power PC60","price":null,"type":"Portable","interface":"USB Type-C 3.2 Gen 2","capacity":1920,"price_per_gb":null,"color":"Black"},{"name":"Silicon Power PC60","price":85.92,"type":"Portable","interface":"USB Type-C 3.2 Gen 2","capacity":960,"price_per_gb":0.089,"color":"Black"},{"name":"Silicon Power PC60","price":null,"type":"Portable","interface":"USB Type-C 3.2 Gen 2","capacity":480,"price_per_gb":null,"color":"Black"},{"name":"Silicon Power PC60","price":null,"type":"Portable","interface":"USB Type-C 3.2 Gen 2","capacity":256,"price_per_gb":null,"color":"Black"},{"name":"Silicon Power PC60","price":137.44,"type":"Portable","interface":"USB Type-C 3.2 Gen 2","capacity":240,"price_per_gb":0.573,"color":"Black"},{"name":"Silicon Power Bolt B75 Pro","price":null,"type":"Portable","interface":"USB Type-C 3.2 Gen 2","capacity":4000,"price_per_gb":null,"color":"Black"},{"name":"Silicon Power Bolt B75 Pro","price":null,"type":"Portable","interface":"USB Type-C 3.2 Gen 2","capacity":256,"price_per_gb":null,"color":"Black"},{"name":"Silicon Power Bolt B75","price":null,"type":"Portable","interface":"USB Type-C 3.2 Gen 1","capacity":4000,"price_per_gb":null,"color":"Silver"},{"name":"Silicon Power Bolt B75","price":null,"type":"Portable","interface":"USB Type-C 3.2 Gen 1","capacity":2000,"price_per_gb":null,"color":"Silver"},{"name":"Silicon Power Bolt B75","price":null,"type":"Portable","interface":"USB Type-C 3.2 Gen 1","capacity":1000,"price_per_gb":null,"color":"Silver"},{"name":"Silicon Power Bolt B75","price":223.9,"type":"Portable","interface":"USB Type-C 3.2 Gen 1","capacity":960,"price_per_gb":0.233,"color":"Silver"},{"name":"Silicon Power Bolt B75","price":null,"type":"Portable","interface":"USB Type-C 3.2 Gen 1","capacity":512,"price_per_gb":null,"color":"Silver"},{"name":"Silicon Power Bolt B75","price":null,"type":"Portable","interface":"USB Type-C 3.2 Gen 1","capacity":240,"price_per_gb":null,"color":"Silver"},{"name":"Silicon Power Bolt B75","price":null,"type":"Portable","interface":"USB Type-C 3.2 Gen 1","capacity":128,"price_per_gb":null,"color":"Silver"},{"name":"Silicon Power Bolt B75","price":null,"type":"Portable","interface":"USB Type-C 3.2 Gen 1","capacity":120,"price_per_gb":null,"color":"Silver"},{"name":"Silicon Power Stream S05","price":null,"type":"Portable","interface":"USB Type-A 3.2 Gen 1","capacity":4000,"price_per_gb":null,"color":"Black"},{"name":"Silicon Power Stream S05","price":null,"type":"Portable","interface":"USB Type-A 3.2 Gen 1","capacity":2000,"price_per_gb":null,"color":"Black"},{"name":"Silicon Power Stream S05","price":null,"type":"Portable","interface":"USB Type-A 3.2 Gen 1","capacity":1000,"price_per_gb":null,"color":"Black"}]