[{"name":"Apricorn Aegis Fortress L3","price":12999,"type":"Portable","interface":"USB Type-A 3.2 Gen 1, USB Type-C 3.2 Gen 1","capacity":20000,"price_per_gb":0.65,"color":"Black"},{"name":"Western Digital My Book Duo","price":1199.99,"type":"Desktop","interface":"USB Type-A 3.2 Gen 1, USB Type-C 3.2 Gen 1","capacity":44000,"price_per_gb":0.027,"color":"Black"},{"name":"Apricorn Padlock DT FIPS","price":661.99,"type":"Desktop","interface":"USB Type-A 3.2 Gen 1","capacity":10000,"price_per_gb":0.066,"color":"Black"},{"name":"Apricorn Padlock DT FIPS","price":1172.46,"type":"Desktop","interface":"USB Type-A 3.2 Gen 1","capacity":22000,"price_per_gb":0.053,"color":"Black"},{"name":"Western Digital ELEMENTS","price":64.98,"type":"Portable","interface":"USB Type-A 3.2 Gen 1","capacity":1000,"price_per_gb":0.065,"color":null},{"name":"Western Digital My Book Duo","price":1049.99,"type":"Desktop","interface":"USB Type-A 3.2 Gen 1, USB Type-C 3.2 Gen 1","capacity":36000,"price_per_gb":0.029,"color":"Black"},{"name":"Apricorn Aegis Fortress","price":383.88,"type":"Portable","interface":"USB Type-A 3.2 Gen 1","capacity":1000,"price_per_gb":0.384,"color":"Black"},{"name":"Western Digital WD_BLACK P10","price":134.85,"type":"Portable","interface":"USB Type-A 3.2 Gen 1","capacity":5000,"price_per_gb":0.027,"color":"Black"},{"name":"Samsung T5 EVO Portable","price":599.99,"type":"Portable","interface":"USB Type-C 3.2 Gen 1","capacity":8000,"price_per_gb":0.075,"color":"Black"},{"name":"Samsung T9 Portable","price":359.99,"type":"Portable","interface":"USB Type-C 3.2 Gen 2x2","capacity":4000,"price_per_gb":0.09,"color":"Black"},{"name":"Sabrent Rocket XTRM-Q","price":null,"type":"Desktop","interface":"USB Type-C 3.2 Gen 2","capacity":16000,"price_per_gb":null,"color":null},{"name":"Western Digital My Passport","price":106.64,"type":"Portable","interface":"USB Type-A 3.2 Gen 1","capacity":4000,"price_per_gb":0.027,"color":"Black"},{"name":"Western Digital ELEMENTS","price":159.99,"type":"Desktop","interface":"USB Type-A 3.2 Gen 1","capacity":8000,"price_per_gb":0.02,"color":"Black"},{"name":"Seagate One Touch","price":85.98,"type":"Portable","interface":"USB Type-A 3.2 Gen 1","capacity":2000,"price_per_gb":0.043,"color":"Black"},{"name":"Western Digital easystore","price":279.99,"type":"Desktop","interface":"USB Type-A 3.2 Gen 1","capacity":14000,"price_per_gb":0.02,"color":"Black"},{"name":"Verbatim Vx460","price":33.31,"type":"Portable","interface":"USB Type-A 3.2 Gen 1","capacity":128,"price_per_gb":0.26,"color":"Black"},{"name":"Samsung T7 Shield","price":319.99,"type":"Portable","interface":"USB Type-C 3.2 Gen 2","capacity":4000,"price_per_gb":0.08,"color":"Black"},{"name":"Apricorn Aegis Fortress","price":2769,"type":"Portable","interface":"USB Type-A 3.2 Gen 1","capacity":8000,"price_per_gb":0.346,"color":"Black"},{"name":"Western Digital My Passport","price":69.75,"type":"Portable","interface":"USB Type-A 3.2 Gen 1","capacity":2000,"price_per_gb":0.035,"color":"Black"},{"name":"SanDisk Extreme Portable V2","price":299.99,"type":"Portable","interface":"USB Type-C 3.2 Gen 1","capacity":4000,"price_per_gb":0.075,"color":"Black / Orange"},{"name":"Seagate One Touch","price":499.99,"type":"Desktop","interface":"USB Type-A 3.2 Gen 1","capacity":18000,"price_per_gb":0.028,"color":"Black"},{"name":"Western Digital WD_BLACK P10","price":80,"type":"Portable","interface":"USB Type-A 3.2 Gen 1","capacity":2000,"price_per_gb":0.04,"color":"Black"},{"name":"Western Digital My Passport","price":121.19,"type":"Portable","interface":"USB Type-A 3.2 Gen 1","capacity":5000,"price_per_gb":0.024,"color":"Black"},{"name":"Crucial X10 Pro","price":284.99,"type":"Portable","interface":"USB Type-C 3.2 Gen 2x2","capacity":4000,"price_per_gb":0.071,"color":"Black"},{"name":"Western Digital My Passport","price":59.75,"type":"Portable","interface":"USB Type-A 3.2 Gen 1","capacity":1000,"price_per_gb":0.06,"color":"Black"},{"name":"SanDisk Extreme Portable V2","price":109.99,"type":"Portable","interface":"USB Type-C 3.2 Gen 1","capacity":1000,"price_per_gb":0.11,"color":"Black / Orange"},{"name":"Western Digital easystore","price":329.99,"type":"Desktop","interface":"USB Type-A 2.0, USB Type-A 3.2 Gen 1","capacity":18000,"price_per_gb":0.018,"color":"Black"},{"name":"Seagate Backup Plus Portable","price":93,"type":"Portable","interface":"USB Type-A 3.2 Gen 1","capacity":4000,"price_per_gb":0.023,"color":"Black"},{"name":"Seagate Backup Plus Slim","price":null,"type":"Portable","interface":"USB Type-A 3.2 Gen 1","capacity":1000,"price_per_gb":null,"color":"Black"},{"name":"Seagate One Touch","price":54.99,"type":"Portable","interface":"USB Type-A 3.2 Gen 1","capacity":1000,"price_per_gb":0.055,"color":"Black"},{"name":"Samsung T7 Portable","price":115.98,"type":"Portable","interface":"USB Type-C 3.2 Gen 1","capacity":1000,"price_per_gb":0.116,"color":"Black / Silver"},{"name":"Western Digital ELEMENTS","price":279.99,"type":"Desktop","interface":"USB Type-A 3.2 Gen 2","capacity":14000,"price_per_gb":0.02,"color":"Black"},{"name":"Corsair EX100U","price":359.99,"type":"Portable","interface":"USB Type-C 3.2 Gen 2x2","capacity":4000,"price_per_gb":0.09,"color":"Black"},{"name":"Seagate One Touch","price":369.99,"type":"Desktop","interface":"USB Type-A 3.2 Gen 1","capacity":14000,"price_per_gb":0.026,"color":"Black"},{"name":"Crucial X6","price":114.99,"type":"Portable","interface":"USB Type-C 3.2 Gen 2","capacity":2000,"price_per_gb":0.057,"color":"Black"},{"name":"Seagate One Touch","price":169.99,"type":"Desktop","interface":"USB Type-A 3.2 Gen 1","capacity":8000,"price_per_gb":0.021,"color":"Black"},{"name":"SanDisk Extreme Portable V2","price":170.98,"type":"Portable","interface":"USB Type-C 3.2 Gen 1","capacity":2000,"price_per_gb":0.085,"color":"Black / Orange"},{"name":"Western Digital WD_BLACK D10","price":174.97,"type":"Desktop","interface":"USB Type-A 3.2 Gen 2","capacity":8000,"price_per_gb":0.022,"color":"Black"},{"name":"Apricorn Aegis Padlock DT","price":679.99,"type":"Desktop","interface":"USB Type-A 3.2 Gen 1","capacity":10000,"price_per_gb":0.068,"color":"Black"},{"name":"Western Digital My Book","price":179.99,"type":"Desktop","interface":"USB Type-A 3.2 Gen 1","capacity":8000,"price_per_gb":0.022,"color":"Black"},{"name":"Samsung T7 Portable","price":139.99,"type":"Portable","interface":"USB Type-C 3.2 Gen 2","capacity":2000,"price_per_gb":0.07,"color":"Black"},{"name":"Crucial X9","price":242.99,"type":"Portable","interface":"USB Type-C 3.2 Gen 2","capacity":4000,"price_per_gb":0.061,"color":"Black"},{"name":"Seagate One Touch","price":379.99,"type":"Desktop","interface":"USB Type-A 3.2 Gen 1","capacity":16000,"price_per_gb":0.024,"color":"Black"},{"name":"Western Digital ELEMENTS","price":209.99,"type":"Desktop","interface":"USB Type-A 3.2 Gen 1","capacity":10000,"price_per_gb":0.021,"color":"Black"},{"name":"Western Digital WD_BLACK D10","price":269.99,"type":"Desktop","interface":"USB Type-A 3.2 Gen 2","capacity":12000,"price_per_gb":0.022,"color":"Black"},{"name":"Seagate Expansion","price":138.88,"type":"Desktop","interface":"USB Type-A 3.2 Gen 1","capacity":4000,"price_per_gb":0.035,"color":null},{"name":"Apricorn Aegis Fortress L3","price":4999,"type":"Portable","interface":"USB Type-A 3.2 Gen 1, USB Type-C 3.2 Gen 1","capacity":16000,"price_per_gb":0.312,"color":"Black"},{"name":"Crucial X6","price":74.89,"type":"Portable","interface":"USB Type-C 3.2 Gen 2","capacity":1000,"price_per_gb":0.075,"color":"Black"},{"name":"Crucial X9","price":76.98,"type":"Portable","interface":"USB Type-C 3.2 Gen 2","capacity":1000,"price_per_gb":0.077,"color":"Black"},{"name":"Samsung T5","price":null,"type":"Portable","interface":"USB Type-C 3.2 Gen 1","capacity":1000,"price_per_gb":null,"color":null},{"name":"Crucial X6","price":49.89,"type":"Portable","interface":"USB Type-C 3.2 Gen 2","capacity":500,"price_per_gb":0.1,"color":"Black"},{"name":"Western Digital WD_BLACK P10","price":120.69,"type":"Portable","interface":"USB Type-A 3.2 Gen 1","capacity":4000,"price_per_gb":0.03,"color":"Black"},{"name":"Western Digital My Book Duo","price":706.32,"type":"Desktop","interface":"USB Type-A 3.2 Gen 1, USB Type-C 3.2 Gen 1","capacity":20000,"price_per_gb":0.035,"color":"Black"},{"name":"Western Digital My Book Duo","price":879.99,"type":"Desktop","interface":"USB Type-A 3.2 Gen 1, USB Type-C 3.2 Gen 1","capacity":28000,"price_per_gb":0.031,"color":"Black"},{"name":"Seagate One Touch","price":277.86,"type":"Desktop","interface":"USB Type-A 3.2 Gen 1","capacity":12000,"price_per_gb":0.023,"color":"Black"},{"name":"Seagate One Touch","price":null,"type":"Portable","interface":"USB Type-A 3.2 Gen 1","capacity":5000,"price_per_gb":null,"color":"Black"},{"name":"Western Digital My Passport","price":134.99,"type":"Portable","interface":"USB Type-A 3.2 Gen 1","capacity":5000,"price_per_gb":0.027,"color":"White"},{"name":"Toshiba Canvio Basics","price":97,"type":"Portable","interface":"USB Type-A 3.2 Gen 1","capacity":1000,"price_per_gb":0.097,"color":null},{"name":"Kingston XS1000","price":119.99,"type":"Portable","interface":"USB Type-C 3.2 Gen 2","capacity":2000,"price_per_gb":0.06,"color":"Black"},{"name":"Samsung T7 Portable","price":194.09,"type":"Portable","interface":"USB Type-C 3.2 Gen 1","capacity":2000,"price_per_gb":0.097,"color":"Black / Silver"},{"name":"SanDisk Professional PRO-Blade Transport","price":349.99,"type":"Portable","interface":"USB Type-C 3.2 Gen 2x2","capacity":4000,"price_per_gb":0.087,"color":"Black"},{"name":"Seagate Backup Plus Portable","price":119,"type":"Portable","interface":"USB Type-A 3.2 Gen 1","capacity":5000,"price_per_gb":0.024,"color":"Black"},{"name":"Western Digital easystore","price":289.99,"type":"Desktop","interface":"USB Type-A 2.0, USB Type-A 3.2 Gen 1","capacity":16000,"price_per_gb":0.018,"color":"Black"},{"name":"Sabrent Rocket Pro","price":69.98,"type":"Portable","interface":"USB Type-C 3.2 Gen 2","capacity":512,"price_per_gb":0.137,"color":"Silver"},{"name":"Western Digital easystore","price":159.99,"type":"Desktop","interface":"USB Type-A 2.0, USB Type-A 3.2 Gen 1","capacity":8000,"price_per_gb":0.02,"color":"Black"},{"name":"Western Digital ELEMENTS","price":null,"type":"Portable","interface":"USB Type-A 3.2 Gen 1","capacity":2000,"price_per_gb":null,"color":null},{"name":"Silicon Power PC60","price":null,"type":"Portable","interface":"USB Type-C 3.2 Gen 2","capacity":256,"price_per_gb":null,"color":"Black"},{"name":"Crucial X8","price":141.86,"type":"Portable","interface":"USB Type-A 3.2 Gen 1, USB Type-C 3.2 Gen 2","capacity":2000,"price_per_gb":0.071,"color":"Black"},{"name":"Seagate One Touch","price":124.99,"type":"Portable","interface":"USB Type-A 3.2 Gen 1","capacity":4000,"price_per_gb":0.031,"color":"Black"},{"name":"Western Digital My Book","price":269.99,"type":"Desktop","interface":"USB Type-A 3.2 Gen 2","capacity":14000,"price_per_gb":0.019,"color":"Black"},{"name":"Samsung T7 Shield","price":109.99,"type":"Portable","interface":"USB Type-C 3.2 Gen 2","capacity":1000,"price_per_gb":0.11,"color":"Black"},{"name":"Samsung T7 Portable","price":null,"type":"Portable","interface":"USB Type-C 3.2 Gen 1","capacity":500,"price_per_gb":null,"color":"Red / Silver"},{"name":"Western Digital My Book","price":119.99,"type":"Desktop","interface":"USB Type-A 3.2 Gen 1","capacity":4000,"price_per_gb":0.03,"color":"Black"},{"name":"Western Digital My Book Duo","price":829.99,"type":"Desktop","interface":"USB Type-A 3.2 Gen 1, USB Type-C 3.2 Gen 1","capacity":24000,"price_per_gb":0.035,"color":"Black"},{"name":"Seagate Backup Plus Hub","price":260.23,"type":"Desktop","interface":"USB Type-A 3.2 Gen 2","capacity":8000,"price_per_gb":0.033,"color":null},{"name":"Western Digital My Book","price":154.99,"type":"Desktop","interface":"USB Type-A 3.2 Gen 1","capacity":6000,"price_per_gb":0.026,"color":"Black"},{"name":"Western Digital ELEMENTS","price":259.99,"type":"Desktop","interface":"USB Type-A 3.2 Gen 1","capacity":12000,"price_per_gb":0.022,"color":null},{"name":"Kingston XS2000","price":357.99,"type":"Portable","interface":"USB Type-C 3.2 Gen 2x2","capacity":4000,"price_per_gb":0.089,"color":"Silver"},{"name":"Western Digital WD_BLACK P50","price":175.5,"type":"Portable","interface":"USB Type-C 3.2 Gen 1","capacity":1000,"price_per_gb":0.176,"color":"Black / Silver"},{"name":"Seagate Backup Plus","price":null,"type":"Portable","interface":"USB Type-A 3.2 Gen 1","capacity":2000,"price_per_gb":null,"color":null},{"name":"Apricorn Aegis Fortress","price":1129.56,"type":"Portable","interface":"USB Type-A 3.2 Gen 1","capacity":4000,"price_per_gb":0.282,"color":"Black"},{"name":"Western Digital ‎WDBU6Y0050BBK-WESN","price":129.99,"type":"Portable","interface":"USB Type-A 3.2 Gen 1","capacity":5000,"price_per_gb":0.026,"color":"Black"},{"name":"Samsung T7 Shield","price":189.99,"type":"Portable","interface":"USB Type-C 3.2 Gen 2","capacity":2000,"price_per_gb":0.095,"color":"Black"},{"name":"Corsair EX100U","price":79.98,"type":"Portable","interface":"USB Type-C 3.2 Gen 2x2","capacity":1000,"price_per_gb":0.08,"color":"Black"},{"name":"Kingston XS1000","price":73.95,"type":"Portable","interface":"USB Type-C 3.2 Gen 2","capacity":1000,"price_per_gb":0.074,"color":"Black"},{"name":"Western Digital Elements Portable","price":119.11,"type":"Portable","interface":"USB Type-A 3.2 Gen 1","capacity":4000,"price_per_gb":0.03,"color":"Black"},{"name":"Western Digital ELEMENTS","price":null,"type":"Portable","interface":"USB Type-A 3.2 Gen 1","capacity":1000,"price_per_gb":null,"color":null},{"name":"Sabrent Rocket Nano V2","price":449.99,"type":"Portable","interface":"USB Type-C 3.2 Gen 2x2","capacity":4000,"price_per_gb":0.112,"color":"Black"},{"name":"Seagate Expansion","price":209.99,"type":"Desktop","interface":"USB Type-A 3.2 Gen 1","capacity":3000,"price_per_gb":0.07,"color":null},{"name":"Seagate Backup Plus","price":108.77,"type":"Portable","interface":"USB Type-A 3.2 Gen 1","capacity":1000,"price_per_gb":0.109,"color":null},{"name":"Apricorn Padlock SSD","price":1139.99,"type":"Portable","interface":"USB Type-A 3.2 Gen 1","capacity":4000,"price_per_gb":0.285,"color":"Black"},{"name":"Western Digital My Passport Air","price":200,"type":"Portable","interface":"USB Type-A 3.2 Gen 1","capacity":500,"price_per_gb":0.4,"color":null},{"name":"Samsung T5","price":449.99,"type":"Portable","interface":"USB Type-C 3.2 Gen 1","capacity":2000,"price_per_gb":0.225,"color":"Black"},{"name":"Seagate Expansion","price":null,"type":"Portable","interface":"USB Type-A 3.2 Gen 1","capacity":5000,"price_per_gb":null,"color":"Black"},{"name":"Crucial X9 Pro","price":161.99,"type":"Portable","interface":"USB Type-C 3.2 Gen 2","capacity":2000,"price_per_gb":0.081,"color":"Silver"},{"name":"Western Digital easystore","price":279.99,"type":"Desktop","interface":"USB Type-A 3.2 Gen 1","capacity":12000,"price_per_gb":0.023,"color":null},{"name":"Toshiba Canvio Basics 3.0","price":101,"type":"Portable","interface":null,"capacity":2000,"price_per_gb":0.05,"color":null},{"name":"Samsung T5","price":199,"type":"Portable","interface":"USB Type-C 3.2 Gen 1","capacity":500,"price_per_gb":0.398,"color":null},{"name":"SanDisk G-DRIVE ArmorLock","price":745.99,"type":"Portable","interface":"USB Type-C 3.2 Gen 1","capacity":4000,"price_per_gb":0.186,"color":"Black / Yellow"},{"name":"Samsung T7 Portable","price":89,"type":"Portable","interface":"USB Type-C 3.2 Gen 1","capacity":1000,"price_per_gb":0.089,"color":"Blue / Silver"},{"name":"Crucial X9 Pro","price":259.99,"type":"Portable","interface":"USB Type-C 3.2 Gen 2","capacity":4000,"price_per_gb":0.065,"color":"Silver"},{"name":"ADATA DashDrive Durable HD650","price":60.25,"type":"Portable","interface":"USB Type-A 3.2 Gen 1","capacity":1000,"price_per_gb":0.06,"color":null},{"name":"Crucial X10 Pro","price":99.99,"type":"Portable","interface":"USB Type-C 3.2 Gen 2x2","capacity":1000,"price_per_gb":0.1,"color":"Black"},{"name":"Seagate Backup Plus","price":249.95,"type":"Desktop","interface":"USB Type-A 3.2 Gen 1","capacity":5000,"price_per_gb":0.05,"color":null},{"name":"Seagate One Touch","price":279.99,"type":"Desktop","interface":"USB Type-A 3.2 Gen 1","capacity":10000,"price_per_gb":0.028,"color":"Black"},{"name":"Seagate Expansion","price":null,"type":"Desktop","interface":"USB Type-A 3.2 Gen 1","capacity":4000,"price_per_gb":null,"color":null},{"name":"Western Digital My Passport Ultra Portable","price":149.99,"type":"Portable","interface":"USB Type-A 3.2 Gen 1","capacity":2000,"price_per_gb":0.075,"color":null},{"name":"Seagate Backup Plus Hub","price":699.99,"type":"Desktop","interface":"USB Type-A 3.2 Gen 1","capacity":14000,"price_per_gb":0.05,"color":"Black"},{"name":"Asus FX HDD","price":null,"type":"Portable","interface":"USB Type-A 3.2 Gen 2","capacity":1000,"price_per_gb":null,"color":"Black"},{"name":"Seagate Game Drive Xbox GamePass Edition","price":229,"type":"Portable","interface":"USB Type-A 3.2 Gen 1","capacity":4000,"price_per_gb":0.057,"color":"White"},{"name":"Samsung T5 EVO Portable","price":314.45,"type":"Portable","interface":"USB Type-C 3.2 Gen 1","capacity":4000,"price_per_gb":0.079,"color":"Black"},{"name":"Crucial X6","price":219.99,"type":"Portable","interface":"USB Type-C 3.2 Gen 2","capacity":4000,"price_per_gb":0.055,"color":"Black"},{"name":"Western Digital ELEMENTS","price":129.99,"type":"Desktop","interface":"USB Type-A 3.2 Gen 1","capacity":4000,"price_per_gb":0.032,"color":null},{"name":"Western Digital My Book","price":244.99,"type":"Desktop","interface":"USB Type-A 3.2 Gen 2","capacity":12000,"price_per_gb":0.02,"color":"Black"},{"name":"Samsung T9 Portable","price":239.99,"type":"Portable","interface":"USB Type-C 3.2 Gen 2x2","capacity":2000,"price_per_gb":0.12,"color":"Black"},{"name":"Seagate One Touch","price":139.99,"type":"Desktop","interface":"USB Type-A 3.2 Gen 1","capacity":4000,"price_per_gb":0.035,"color":"Black"},{"name":"Western Digital My Passport","price":79.99,"type":"Portable","interface":"USB Type-A 3.2 Gen 1","capacity":2000,"price_per_gb":0.04,"color":"Blue"},{"name":"Western Digital ELEMENTS","price":null,"type":"Desktop","interface":"USB Type-A 3.2 Gen 1","capacity":3000,"price_per_gb":null,"color":null},{"name":"Seagate Backup Plus Slim","price":150,"type":"Portable","interface":"USB Type-A 3.2 Gen 1","capacity":2000,"price_per_gb":0.075,"color":null},{"name":"Toshiba Canvio Desk","price":null,"type":"Desktop","interface":"USB Type-A 3.2 Gen 1","capacity":4000,"price_per_gb":null,"color":null},{"name":"Apricorn Padlock DT FIPS","price":989.75,"type":"Desktop","interface":"USB Type-A 3.2 Gen 1","capacity":18000,"price_per_gb":0.055,"color":"Black"},{"name":"Seagate Expansion","price":null,"type":"Portable","interface":"USB Type-A 3.2 Gen 1","capacity":1000,"price_per_gb":null,"color":null},{"name":"Sabrent ROCKET XTRM","price":null,"type":"Portable","interface":"Thunderbolt","capacity":4000,"price_per_gb":null,"color":"Silver"},{"name":"SanDisk Extreme Portable V2","price":89.99,"type":"Portable","interface":"USB Type-C 3.2 Gen 1","capacity":500,"price_per_gb":0.18,"color":"Black / Orange"},{"name":"Seagate Expansion","price":null,"type":"Portable","interface":"USB Type-C 3.2 Gen 1","capacity":500,"price_per_gb":null,"color":"Black"},{"name":"Apricorn Aegis Fortress","price":null,"type":"Portable","interface":"USB Type-A 3.2 Gen 1","capacity":16000,"price_per_gb":null,"color":"Black"},{"name":"SanDisk Professional PRO-Blade Transport","price":229.99,"type":"Portable","interface":"USB Type-C 3.2 Gen 2x2","capacity":2000,"price_per_gb":0.115,"color":"Black"},{"name":"TEAMGROUP PD20M Mag","price":90.99,"type":"Portable","interface":"USB Type-C 3.2 Gen 2","capacity":2000,"price_per_gb":0.045,"color":"Black"},{"name":"Silicon Power Bolt B75 Pro","price":74.79,"type":"Portable","interface":"USB Type-C 3.2 Gen 2","capacity":1000,"price_per_gb":0.075,"color":"Black"},{"name":"Kingston XS2000","price":71.06,"type":"Portable","interface":"USB Type-C 3.2 Gen 2x2","capacity":500,"price_per_gb":0.142,"color":"Silver"},{"name":"Silicon Power Bolt B75 Pro","price":209.99,"type":"Portable","interface":"USB Type-C 3.2 Gen 2","capacity":4000,"price_per_gb":0.052,"color":"Black"},{"name":"Crucial X9","price":143.99,"type":"Portable","interface":"USB Type-C 3.2 Gen 2","capacity":2000,"price_per_gb":0.072,"color":"Black"},{"name":"Silicon Power PC60","price":57.51,"type":"Portable","interface":"USB Type-C 3.2 Gen 2","capacity":512,"price_per_gb":0.112,"color":"Black"},{"name":"Lexar SL660 BLAZE","price":64.98,"type":"Portable","interface":"USB Type-C 3.2 Gen 2x2","capacity":512,"price_per_gb":0.127,"color":"Black"},{"name":"Kingston XS2000","price":109.99,"type":"Portable","interface":"USB Type-C 3.2 Gen 2x2","capacity":1000,"price_per_gb":0.11,"color":"Silver"},{"name":"Crucial X10 Pro","price":174.99,"type":"Portable","interface":"USB Type-C 3.2 Gen 2x2","capacity":2000,"price_per_gb":0.087,"color":"Black"},{"name":"Samsung T9 Portable","price":134.99,"type":"Portable","interface":"USB Type-C 3.2 Gen 2x2","capacity":1000,"price_per_gb":0.135,"color":"Black"},{"name":"Western Digital My Book Duo","price":419.99,"type":"Desktop","interface":"USB Type-A 3.2 Gen 1, USB Type-C 3.2 Gen 1","capacity":4000,"price_per_gb":0.105,"color":"Black"},{"name":"Silicon Power PC60","price":60.45,"type":"Portable","interface":"USB Type-C 3.2 Gen 2","capacity":240,"price_per_gb":0.252,"color":"Black"},{"name":"Western Digital My Book","price":194.97,"type":"Desktop","interface":"USB Type-A 3.2 Gen 1","capacity":3000,"price_per_gb":0.065,"color":null},{"name":"Western Digital My Passport","price":149,"type":"Portable","interface":"USB Type-A 3.2 Gen 1","capacity":4000,"price_per_gb":0.037,"color":"Black"},{"name":"Buslink DL-4TSDU31G2","price":450,"type":"Portable","interface":"USB Type-A 3.2 Gen 2","capacity":4000,"price_per_gb":0.113,"color":"Black"},{"name":"Western Digital ELEMENTS","price":null,"type":"Desktop","interface":"USB Type-A 3.2 Gen 1","capacity":5000,"price_per_gb":null,"color":null},{"name":"Toshiba Canvio Desk","price":129.99,"type":"Desktop","interface":"USB Type-A 3.2 Gen 1","capacity":3000,"price_per_gb":0.043,"color":null},{"name":"Western Digital easystore","price":null,"type":"Desktop","interface":"USB Type-A 3.2 Gen 2","capacity":10000,"price_per_gb":null,"color":"Black"},{"name":"Seagate Expansion","price":null,"type":"Desktop","interface":"USB Type-A 3.2 Gen 1","capacity":10000,"price_per_gb":null,"color":"Black"},{"name":"Apricorn Padlock DT FIPS","price":1025.9,"type":"Desktop","interface":"USB Type-A 3.2 Gen 1","capacity":20000,"price_per_gb":0.051,"color":"Black"},{"name":"Asus FX HDD","price":null,"type":"Portable","interface":"USB Type-A 3.2 Gen 2","capacity":2000,"price_per_gb":null,"color":"Black"},{"name":"Samsung T7 Portable","price":118,"type":"Portable","interface":"USB Type-C 3.2 Gen 1","capacity":500,"price_per_gb":0.236,"color":"Black / Silver"},{"name":"Crucial X8","price":100.11,"type":"Portable","interface":"USB Type-A 3.2 Gen 1, USB Type-C 3.2 Gen 2","capacity":1000,"price_per_gb":0.1,"color":"Black"},{"name":"Seagate Barracuda Fast","price":null,"type":"Portable","interface":"USB Type-C","capacity":2000,"price_per_gb":null,"color":"Black"},{"name":"Seagate Expansion","price":null,"type":"Portable","interface":"USB Type-C 3.2 Gen 1","capacity":2000,"price_per_gb":null,"color":"Black"},{"name":"Sabrent Rocket XTRM-Q","price":355,"type":"Portable","interface":"USB Type-C 3.2 Gen 2","capacity":1000,"price_per_gb":0.355,"color":"Black"},{"name":"Sabrent Rocket XTRM-Q","price":null,"type":"Portable","interface":"USB Type-C 3.2 Gen 2","capacity":8000,"price_per_gb":null,"color":"Black"},{"name":"Silicon Power Bolt B75 Pro","price":null,"type":"Portable","interface":"USB Type-C 3.2 Gen 2","capacity":2000,"price_per_gb":null,"color":"Black"},{"name":"Corsair EX100U","price":159.99,"type":"Portable","interface":"USB Type-C 3.2 Gen 2x2","capacity":2000,"price_per_gb":0.08,"color":"Black"},{"name":"Buffalo Technology DriveStation Axis Velocity","price":79.98,"type":"Desktop","interface":"USB Type-A 3.2 Gen 1","capacity":2000,"price_per_gb":0.04,"color":null},{"name":"Samsung T7 Portable","price":null,"type":"Portable","interface":"USB Type-C 3.2 Gen 2","capacity":1000,"price_per_gb":null,"color":"Black"},{"name":"Crucial X9 Pro","price":94.99,"type":"Portable","interface":"USB Type-C 3.2 Gen 2","capacity":1000,"price_per_gb":0.095,"color":"Silver"},{"name":"Western Digital My Book Duo","price":529.99,"type":"Desktop","interface":"USB Type-A 3.2 Gen 1, USB Type-C 3.2 Gen 1","capacity":16000,"price_per_gb":0.033,"color":"Black"},{"name":"Seagate One Touch","price":110,"type":"Portable","interface":"USB Type-A 3.2 Gen 1","capacity":2000,"price_per_gb":0.055,"color":"Silver"},{"name":"Seagate STEB6000403","price":249.95,"type":"Desktop","interface":"USB Type-A 3.2 Gen 1","capacity":6000,"price_per_gb":0.042,"color":"Black"},{"name":"Western Digital ELEMENTS","price":149.99,"type":"Desktop","interface":"USB Type-A 3.2 Gen 1","capacity":6000,"price_per_gb":0.025,"color":"Black"},{"name":"Western Digital WDBGPU0010BBK-NESN","price":81.9,"type":"Portable","interface":null,"capacity":1000,"price_per_gb":0.082,"color":null},{"name":"Samsung T7 Portable","price":94.99,"type":"Portable","interface":"USB Type-C 3.2 Gen 1","capacity":500,"price_per_gb":0.19,"color":"Blue / Silver"},{"name":"Samsung T7 Portable","price":199.99,"type":"Portable","interface":"USB Type-C 3.2 Gen 1","capacity":2000,"price_per_gb":0.1,"color":"Red / Silver"},{"name":"Lexar SL660 BLAZE","price":109.99,"type":"Portable","interface":"USB Type-C 3.2 Gen 2x2","capacity":1000,"price_per_gb":0.11,"color":"Black"},{"name":"Buffalo Technology DriveStation Combo 4","price":null,"type":"Desktop","interface":"IEEE 1394A 6-Pin, IEEE 1394B 9-Pin, eSATA 3.0 Gb/s, USB Type-A 2.0","capacity":2000,"price_per_gb":null,"color":null},{"name":"Western Digital My Book","price":179,"type":"Desktop","interface":"USB Type-A 3.2 Gen 1","capacity":2000,"price_per_gb":0.089,"color":null},{"name":"LaCie d2 Quadra","price":null,"type":"Desktop","interface":"IEEE 1394B 9-Pin, eSATA 3.0 Gb/s, USB Type-A 3.2 Gen 1","capacity":5000,"price_per_gb":null,"color":null},{"name":"Toshiba Canvio Desk","price":null,"type":"Desktop","interface":"USB Type-A 3.2 Gen 1","capacity":5000,"price_per_gb":null,"color":null},{"name":"Seagate Expansion","price":null,"type":"Desktop","interface":"USB Type-A 3.2 Gen 1","capacity":2000,"price_per_gb":null,"color":null},{"name":"Apricorn ASSD-3PL256-120F","price":null,"type":"Desktop","interface":"USB Type-A 2.0","capacity":120,"price_per_gb":null,"color":null},{"name":"Seagate Expansion","price":199.99,"type":"Desktop","interface":"USB Type-A 3.2 Gen 1","capacity":8000,"price_per_gb":0.025,"color":null},{"name":"Western Digital easystore","price":null,"type":"Desktop","interface":"USB Type-A 3.2 Gen 1","capacity":4000,"price_per_gb":null,"color":"Black"},{"name":"Seagate Expansion","price":549.99,"type":"Desktop","interface":"USB Type-A 3.2 Gen 1","capacity":16000,"price_per_gb":0.034,"color":"Black"},{"name":"Seagate Expansion","price":null,"type":"Desktop","interface":"USB Type-A 3.2 Gen 1","capacity":14000,"price_per_gb":null,"color":"Black"},{"name":"Apricorn Padlock DT FIPS","price":783.99,"type":"Desktop","interface":"USB Type-A 3.2 Gen 1","capacity":12000,"price_per_gb":0.065,"color":"Black"},{"name":"Western Digital My Passport Studio","price":null,"type":"Portable","interface":"IEEE 1394B 9-Pin, USB Type-A 2.0","capacity":1000,"price_per_gb":null,"color":null},{"name":"Western Digital ELEMENTS","price":null,"type":"Portable","interface":"USB Type-A 3.2 Gen 1","capacity":1500,"price_per_gb":null,"color":null},{"name":"Toshiba Canvio Connect","price":null,"type":"Portable","interface":"USB Type-A 3.2 Gen 1","capacity":750,"price_per_gb":null,"color":null},{"name":"Lenovo ThinkPad","price":395,"type":"Portable","interface":"USB Type-A 3.2 Gen 1","capacity":1000,"price_per_gb":0.395,"color":null},{"name":"Samsung T7 Portable","price":119.99,"type":"Portable","interface":"USB Type-C 3.2 Gen 1","capacity":1000,"price_per_gb":0.12,"color":"Red / Silver"},{"name":"Seagate Backup Plus Portable","price":null,"type":"Portable","interface":"USB Type-A 3.2 Gen 1","capacity":5000,"price_per_gb":null,"color":"Black"},{"name":"Western Digital My Passport","price":69.98,"type":"Portable","interface":"USB Type-A 3.2 Gen 1","capacity":1000,"price_per_gb":0.07,"color":"Blue"},{"name":"Western Digital My Passport","price":67.99,"type":"Portable","interface":"USB Type-A 3.2 Gen 1","capacity":1000,"price_per_gb":0.068,"color":"White"},{"name":"Western Digital My Passport","price":124.99,"type":"Portable","interface":"USB Type-A 3.2 Gen 1","capacity":4000,"price_per_gb":0.031,"color":"Red"},{"name":"Samsung T7 Shield","price":189.99,"type":"Portable","interface":"USB Type-C 3.2 Gen 2","capacity":2000,"price_per_gb":0.095,"color":"Blue"},{"name":"Seagate One Touch","price":189.99,"type":"Portable","interface":"USB Type-A 3.2 Gen 2, USB Type-C 3.2 Gen 2","capacity":2000,"price_per_gb":0.095,"color":"Black"},{"name":"Seagate One Touch","price":69.99,"type":"Portable","interface":"USB Type-A 3.2 Gen 2, USB Type-C 3.2 Gen 2","capacity":500,"price_per_gb":0.14,"color":"Black"},{"name":"Toshiba Canvio Connect II","price":120.5,"type":"Portable","interface":"USB Type-A 3.2 Gen 1","capacity":1000,"price_per_gb":0.121,"color":"Black"},{"name":"Seagate Expansion","price":192.73,"type":"Portable","interface":"USB Type-C 3.2 Gen 1","capacity":1000,"price_per_gb":0.193,"color":"Black"},{"name":"Apricorn Aegis Padlock 3.0","price":4949,"type":"Portable","interface":"USB Type-A 3.2 Gen 1","capacity":16000,"price_per_gb":0.309,"color":"Black"},{"name":"Lexar SL200","price":109.99,"type":"Portable","interface":"USB Type-C 3.2 Gen 1","capacity":2000,"price_per_gb":0.055,"color":"Black"},{"name":"Lexar SL200","price":67.99,"type":"Portable","interface":"USB Type-C 3.2 Gen 1","capacity":1000,"price_per_gb":0.068,"color":"Black"},{"name":"LaCie Rugged","price":109,"type":"Portable","interface":"Thunderbolt, USB Type-A 3.2 Gen 1","capacity":256,"price_per_gb":0.426,"color":null},{"name":"Kingston XS2000","price":179.99,"type":"Portable","interface":"USB Type-C 3.2 Gen 2x2","capacity":2000,"price_per_gb":0.09,"color":"Silver"},{"name":"Sabrent Rocket Nano Rugged","price":99.99,"type":"Portable","interface":"USB Type-C 3.2 Gen 2","capacity":1000,"price_per_gb":0.1,"color":"Silver"},{"name":"SanDisk Extreme 900","price":89.99,"type":"Portable","interface":"USB Type-A 3.2 Gen 2","capacity":960,"price_per_gb":0.094,"color":null},{"name":"Transcend StoreJet","price":90.45,"type":"Portable","interface":"USB Type-A 3.2 Gen 1","capacity":2000,"price_per_gb":0.045,"color":null},{"name":"Western Digital My Passport","price":79.99,"type":"Portable","interface":"USB Type-A 3.2 Gen 1","capacity":2000,"price_per_gb":0.04,"color":"White"},{"name":"Lexar SL200","price":61.41,"type":"Portable","interface":"USB Type-C 3.2 Gen 1","capacity":512,"price_per_gb":0.12,"color":"Black"},{"name":"Samsung T7 Shield","price":109.99,"type":"Portable","interface":"USB Type-C 3.2 Gen 2","capacity":1000,"price_per_gb":0.11,"color":"Beige"},{"name":"Verbatim Vx460","price":null,"type":"Portable","interface":"USB Type-A 3.2 Gen 1","capacity":256,"price_per_gb":null,"color":"Black"},{"name":"Sabrent Rocket Pro","price":null,"type":"Portable","interface":"USB Type-C 3.2 Gen 2","capacity":256,"price_per_gb":null,"color":"Silver"},{"name":"Lexar Professional SL600","price":104.99,"type":"Portable","interface":"USB Type-C 3.2 Gen 2x2","capacity":1000,"price_per_gb":0.105,"color":"Black"},{"name":"ADATA DashDrive Durable HD650","price":68.09,"type":"Portable","interface":"USB Type-A 3.2 Gen 1","capacity":1000,"price_per_gb":0.068,"color":null},{"name":"Transcend StoreJet","price":59.99,"type":"Portable","interface":"USB Type-A 3.2 Gen 1","capacity":1000,"price_per_gb":0.06,"color":null},{"name":"KIOXIA EXCERIA PLUS","price":228.95,"type":"Portable","interface":"USB Type-C 3.2 Gen 2","capacity":2000,"price_per_gb":0.114,"color":"Gray"},{"name":"Sabrent Rocket Nano V2","price":119.99,"type":"Portable","interface":"USB Type-C 3.2 Gen 2x2","capacity":1000,"price_per_gb":0.12,"color":"Black"},{"name":"Apricorn Aegis Fortress L3","price":2799,"type":"Portable","interface":"USB Type-A 3.2 Gen 1, USB Type-C 3.2 Gen 1","capacity":8000,"price_per_gb":0.35,"color":"Black"},{"name":"Buffalo Technology DriveStation Axis Velocity","price":null,"type":"Desktop","interface":"USB Type-A 3.2 Gen 1","capacity":3000,"price_per_gb":null,"color":null},{"name":"LaCie d2 Quadra","price":null,"type":"Desktop","interface":"IEEE 1394B 9-Pin, eSATA 3.0 Gb/s, USB Type-A 3.2 Gen 1","capacity":2000,"price_per_gb":null,"color":null},{"name":"Western Digital My Book Essential","price":null,"type":"Desktop","interface":"USB Type-A 3.2 Gen 1","capacity":1000,"price_per_gb":null,"color":null},{"name":"LaCie 4big Quadra","price":null,"type":"Desktop","interface":"IEEE 1394B 9-Pin, USB Type-A 3.2 Gen 1","capacity":12000,"price_per_gb":null,"color":null},{"name":"LaCie d2","price":null,"type":"Desktop","interface":"Thunderbolt, USB Type-A 3.2 Gen 1","capacity":5000,"price_per_gb":null,"color":null},{"name":"Samsung D3 Station","price":null,"type":"Desktop","interface":"USB Type-A 3.2 Gen 1","capacity":2000,"price_per_gb":null,"color":null},{"name":"Seagate FreeAgent GoFlex Desk","price":null,"type":"Desktop","interface":"USB Type-A 2.0","capacity":1000,"price_per_gb":null,"color":null},{"name":"Seagate Backup Plus","price":245,"type":"Desktop","interface":"USB Type-A 3.2 Gen 1","capacity":2000,"price_per_gb":0.122,"color":null},{"name":"Seagate Backup Plus","price":278.49,"type":"Desktop","interface":"USB Type-A 3.2 Gen 1","capacity":4000,"price_per_gb":0.07,"color":null},{"name":"Seagate Backup Plus","price":null,"type":"Desktop","interface":"USB Type-A 3.2 Gen 1","capacity":8000,"price_per_gb":null,"color":null},{"name":"G-Technology G-DRIVE","price":null,"type":"Desktop","interface":"IEEE 1394B 9-Pin, eSATA 6.0 Gb/s, USB Type-A 3.2 Gen 1","capacity":2000,"price_per_gb":null,"color":null},{"name":"G-Technology G-DRIVE","price":null,"type":"Desktop","interface":"IEEE 1394B 9-Pin, eSATA 6.0 Gb/s, USB Type-A 3.2 Gen 1","capacity":4000,"price_per_gb":null,"color":null},{"name":"Seagate Backup Plus Hub","price":null,"type":"Desktop","interface":"USB Type-A 3.2 Gen 1","capacity":10000,"price_per_gb":null,"color":"Black"},{"name":"Western Digital My Book Duo","price":618.49,"type":"Desktop","interface":"USB Type-A 3.2 Gen 1, USB Type-C 3.2 Gen 1","capacity":6000,"price_per_gb":0.103,"color":"Black"},{"name":"Western Digital My Book Duo","price":null,"type":"Desktop","interface":"USB Type-A 3.2 Gen 1, USB Type-C 3.2 Gen 1","capacity":12000,"price_per_gb":null,"color":"Black"},{"name":"Western Digital easystore","price":null,"type":"Desktop","interface":"USB Type-A 3.2 Gen 1","capacity":14000,"price_per_gb":null,"color":null},{"name":"Seagate One Touch","price":161.38,"type":"Desktop","interface":"USB Type-A 3.2 Gen 1","capacity":6000,"price_per_gb":0.027,"color":"Black"},{"name":"Apricorn Padlock DT FIPS","price":885.51,"type":"Desktop","interface":"USB Type-A 3.2 Gen 1","capacity":16000,"price_per_gb":0.055,"color":"Black"},{"name":"Apricorn Aegis Padlock DT","price":475.59,"type":"Desktop","interface":"USB Type-A 3.2 Gen 1","capacity":8000,"price_per_gb":0.059,"color":"Black"},{"name":"Apricorn Aegis Padlock DT","price":752.53,"type":"Desktop","interface":"USB Type-A 3.2 Gen 1","capacity":12000,"price_per_gb":0.063,"color":"Black"},{"name":"Apricorn Aegis Padlock DT","price":1079,"type":"Desktop","interface":"USB Type-A 3.2 Gen 1","capacity":18000,"price_per_gb":0.06,"color":"Black"},{"name":"Apricorn Aegis Padlock DT","price":1279,"type":"Desktop","interface":"USB Type-A 3.2 Gen 1","capacity":22000,"price_per_gb":0.058,"color":"Black"},{"name":"LaCie Porsche Design","price":null,"type":"Portable","interface":"USB Type-A 3.2 Gen 1","capacity":1000,"price_per_gb":null,"color":null},{"name":"Western Digital ELEMENTS","price":null,"type":"Portable","interface":"USB Type-A 3.2 Gen 1","capacity":500,"price_per_gb":null,"color":null},{"name":"Western Digital My Passport","price":null,"type":"Portable","interface":"USB Type-A 3.2 Gen 1","capacity":2000,"price_per_gb":null,"color":null},{"name":"Verbatim Freecom","price":null,"type":"Portable","interface":"USB Type-A 3.2 Gen 1","capacity":1000,"price_per_gb":null,"color":null},{"name":"Seagate Backup Plus Slim","price":188.83,"type":"Portable","interface":"USB Type-A 3.2 Gen 1","capacity":2000,"price_per_gb":0.094,"color":null},{"name":"Seagate Backup Plus Slim","price":null,"type":"Portable","interface":"USB Type-A 3.2 Gen 1","capacity":2000,"price_per_gb":null,"color":null},{"name":"Hitachi HGST Touro Mobile","price":null,"type":"Portable","interface":"USB Type-A 3.2 Gen 1","capacity":1000,"price_per_gb":null,"color":null},{"name":"Toshiba Canvio Connect","price":75,"type":"Portable","interface":"USB Type-A 3.2 Gen 1","capacity":500,"price_per_gb":0.15,"color":null},{"name":"ADATA AHV620-2TU3-CBK","price":159.66,"type":"Portable","interface":"USB Type-A 3.2 Gen 1","capacity":2000,"price_per_gb":0.08,"color":null},{"name":"Toshiba Canvio Connect","price":null,"type":"Portable","interface":"USB Type-A 3.2 Gen 1","capacity":500,"price_per_gb":null,"color":null},{"name":"Toshiba Canvio Connect","price":null,"type":"Portable","interface":"USB Type-A 3.2 Gen 1","capacity":500,"price_per_gb":null,"color":null},{"name":"Toshiba Canvio Connect","price":null,"type":"Portable","interface":"USB Type-A 3.2 Gen 1","capacity":2000,"price_per_gb":null,"color":null},{"name":"Toshiba Canvio Slim II","price":105,"type":"Portable","interface":"USB Type-A 3.2 Gen 1","capacity":1000,"price_per_gb":0.105,"color":null},{"name":"Toshiba Canvio Slim II","price":106,"type":"Portable","interface":null,"capacity":1000,"price_per_gb":0.106,"color":null},{"name":"Lenovo ThinkPad","price":null,"type":"Portable","interface":"USB Type-A 3.2 Gen 1","capacity":750,"price_per_gb":null,"color":null},{"name":"Samsung T1","price":null,"type":"Portable","interface":"USB Type-A 3.2 Gen 1","capacity":1000,"price_per_gb":null,"color":null},{"name":"ADATA SE730","price":null,"type":"Portable","interface":"USB Type-C 3.2 Gen 1","capacity":250,"price_per_gb":null,"color":null},{"name":"Freecom Mobile Drive Classic 3.0","price":null,"type":"Portable","interface":"USB Type-A 3.2 Gen 1","capacity":1000,"price_per_gb":null,"color":"Black"},{"name":"Samsung T5","price":189.99,"type":"Portable","interface":"USB Type-C 3.2 Gen 1","capacity":250,"price_per_gb":0.76,"color":"Blue"},{"name":"Seagate Backup Plus Ultra Touch","price":null,"type":"Portable","interface":"USB Type-A 3.2 Gen 1","capacity":1000,"price_per_gb":null,"color":"Black"},{"name":"Samsung T7 Portable","price":169.99,"type":"Portable","interface":"USB Type-C 3.2 Gen 1","capacity":2000,"price_per_gb":0.085,"color":"Blue / Silver"},{"name":"Western Digital My Passport","price":109.99,"type":"Portable","interface":"USB Type-A 3.2 Gen 1","capacity":4000,"price_per_gb":0.027,"color":"White"},{"name":"Western Digital My Passport","price":134.99,"type":"Portable","interface":"USB Type-A 3.2 Gen 1","capacity":5000,"price_per_gb":0.027,"color":"Blue"},{"name":"Western Digital My Passport Ultra","price":null,"type":"Portable","interface":"USB Type-A 3.2 Gen 2","capacity":3000,"price_per_gb":null,"color":"White"},{"name":"Samsung T7 Portable","price":149,"type":"Portable","interface":"USB Type-C 3.2 Gen 2","capacity":500,"price_per_gb":0.298,"color":"Silver"},{"name":"Samsung T7 Portable","price":389.99,"type":"Portable","interface":"USB Type-C 3.2 Gen 2","capacity":2000,"price_per_gb":0.195,"color":"Silver"},{"name":"Samsung T7 Portable","price":null,"type":"Portable","interface":"USB Type-C 3.2 Gen 2","capacity":1000,"price_per_gb":null,"color":"Silver"},{"name":"Samsung T5 Portable","price":null,"type":"Portable","interface":"USB Type-C 3.2 Gen 2","capacity":1000,"price_per_gb":null,"color":"Gold"},{"name":"Samsung T3 Portable","price":119,"type":"Portable","interface":"USB Type-C 3.2 Gen 1","capacity":250,"price_per_gb":0.476,"color":null},{"name":"Seagate One Touch","price":214,"type":"Portable","interface":"USB Type-A 3.2 Gen 2, USB Type-C 3.2 Gen 2","capacity":2000,"price_per_gb":0.107,"color":"Blue"},{"name":"Seagate One Touch","price":159.99,"type":"Portable","interface":"USB Type-A 3.2 Gen 2, USB Type-C 3.2 Gen 2","capacity":2000,"price_per_gb":0.08,"color":"Silver"},{"name":"Seagate One Touch","price":189,"type":"Portable","interface":"USB Type-A 3.2 Gen 1","capacity":5000,"price_per_gb":0.038,"color":"Silver"},{"name":"Seagate One Touch","price":189,"type":"Portable","interface":"USB Type-A 3.2 Gen 1","capacity":5000,"price_per_gb":0.038,"color":"Red"},{"name":"Western Digital My Passport For Mac","price":null,"type":"Portable","interface":"USB Type-A 3.2 Gen 1, USB Type-C 3.2 Gen 1","capacity":1000,"price_per_gb":null,"color":"Black"},{"name":"Verbatim Vx460","price":null,"type":"Portable","interface":"USB Type-A 3.2 Gen 1","capacity":512,"price_per_gb":null,"color":"Black"},{"name":"Seagate Barracuda Fast","price":null,"type":"Portable","interface":"USB Type-C","capacity":500,"price_per_gb":null,"color":"Black"},{"name":"Seagate Barracuda Fast","price":null,"type":"Portable","interface":"USB Type-C","capacity":1000,"price_per_gb":null,"color":"Black"},{"name":"Sabrent Rocket Nano V2","price":199.99,"type":"Portable","interface":"USB Type-C 3.2 Gen 2x2","capacity":2000,"price_per_gb":0.1,"color":"Black"},{"name":"Apricorn Aegis Fortress L3","price":429.34,"type":"Portable","interface":"USB Type-A 3.2 Gen 1, USB Type-C 3.2 Gen 1","capacity":5000,"price_per_gb":0.086,"color":"Black"},{"name":"Apricorn Aegis Fortress L3","price":null,"type":"Portable","interface":"USB Type-A 3.2 Gen 1, USB Type-C 3.2 Gen 1","capacity":512,"price_per_gb":null,"color":"Black"},{"name":"Apricorn Aegis Fortress L3","price":712.14,"type":"Portable","interface":"USB Type-A 3.2 Gen 1, USB Type-C 3.2 Gen 1","capacity":2000,"price_per_gb":0.356,"color":"Black"},{"name":"Apricorn Aegis Padlock 3.0","price":2662.5,"type":"Portable","interface":"USB Type-A 3.2 Gen 1","capacity":8000,"price_per_gb":0.333,"color":"Black"},{"name":"Sabrent Rocket Nano","price":109.99,"type":"Portable","interface":"USB Type-C 3.2 Gen 2","capacity":512,"price_per_gb":0.215,"color":"Pink"},{"name":"Sabrent Rocket Nano","price":null,"type":"Portable","interface":"USB Type-C 3.2 Gen 2","capacity":1000,"price_per_gb":null,"color":"Black"},{"name":"Sabrent Rocket Nano","price":101.5,"type":"Portable","interface":"USB Type-C 3.2 Gen 2","capacity":1000,"price_per_gb":0.102,"color":"Pink"},{"name":"Sabrent Rocket Nano","price":229.99,"type":"Portable","interface":"USB Type-C 3.2 Gen 2","capacity":2000,"price_per_gb":0.115,"color":"Silver"},{"name":"Sabrent Rocket Nano","price":178.3,"type":"Portable","interface":"USB Type-C 3.2 Gen 2","capacity":2000,"price_per_gb":0.089,"color":"Pink"},{"name":"Sabrent Rocket XTRM-Q","price":870.74,"type":"Portable","interface":"USB Type-C 3.2 Gen 2","capacity":4000,"price_per_gb":0.218,"color":"Black"},{"name":"Lexar SL100 Pro","price":null,"type":"Portable","interface":"USB Type-C 3.2 Gen 1","capacity":1000,"price_per_gb":null,"color":"Black"},{"name":"TEAMGROUP T-Create CinemaPr P31","price":null,"type":"Portable","interface":"USB Type-C 3.2 Gen 2x2","capacity":4000,"price_per_gb":null,"color":"Gray"},{"name":"Samsung T5 EVO Portable","price":159.99,"type":"Portable","interface":"USB Type-C 3.2 Gen 1","capacity":2000,"price_per_gb":0.08,"color":"Black"},{"name":"SanDisk Professional PRO-Blade Transport","price":159.99,"type":"Portable","interface":"USB Type-C 3.2 Gen 2x2","capacity":1000,"price_per_gb":0.16,"color":"Black"},{"name":"Western Digital My Passport","price":79.99,"type":"Portable","interface":"USB Type-A 3.2 Gen 1","capacity":2000,"price_per_gb":0.04,"color":"Red"},{"name":"Western Digital My Passport","price":124,"type":"Portable","interface":"USB Type-A 3.2 Gen 1","capacity":5000,"price_per_gb":0.025,"color":"Red"},{"name":"Western Digital easystore","price":228.88,"type":"Desktop","interface":"USB Type-A 3.2 Gen 1","capacity":8000,"price_per_gb":0.029,"color":null},{"name":"Silicon Power PC60","price":null,"type":"Portable","interface":"USB Type-C 3.2 Gen 2","capacity":2000,"price_per_gb":null,"color":"Black"},{"name":"Apricorn Aegis Padlock DT","price":182.43,"type":"Desktop","interface":"USB Type-A 3.2 Gen 1","capacity":2000,"price_per_gb":0.091,"color":"Black"},{"name":"Seagate Backup Plus Ultra Touch","price":null,"type":"Portable","interface":"USB Type-A 3.2 Gen 1","capacity":2000,"price_per_gb":null,"color":"Black"},{"name":"Lexar SL100 Pro","price":129.99,"type":"Portable","interface":"USB Type-C 3.2 Gen 1","capacity":500,"price_per_gb":0.26,"color":"Black"},{"name":"Western Digital My Book","price":229.99,"type":"Desktop","interface":"USB Type-A 3.2 Gen 1","capacity":6000,"price_per_gb":0.038,"color":null},{"name":"Western Digital SanDisk Desk Drive","price":379.99,"type":"Desktop","interface":"USB Type-C 3.2 Gen 2","capacity":4000,"price_per_gb":0.095,"color":"Black"},{"name":"Western Digital My Passport","price":124.99,"type":"Portable","interface":"USB Type-A 3.2 Gen 1","capacity":4000,"price_per_gb":0.031,"color":"Blue"},{"name":"Samsung T7 Shield","price":109.99,"type":"Portable","interface":"USB Type-C 3.2 Gen 2","capacity":1000,"price_per_gb":0.11,"color":"Blue"},{"name":"Samsung T7 Shield","price":189.99,"type":"Portable","interface":"USB Type-C 3.2 Gen 2","capacity":2000,"price_per_gb":0.095,"color":"Beige"},{"name":"Seagate One Touch","price":null,"type":"Portable","interface":"USB Type-A 3.2 Gen 1","capacity":2000,"price_per_gb":null,"color":null},{"name":"Seagate One Touch","price":149,"type":"Portable","interface":"USB Type-A 3.2 Gen 1","capacity":4000,"price_per_gb":0.037,"color":"Silver"},{"name":"Seagate One Touch","price":149.99,"type":"Portable","interface":"USB Type-A 3.2 Gen 1","capacity":4000,"price_per_gb":0.037,"color":"Blue"},{"name":"KIOXIA EXCERIA PLUS","price":null,"type":"Portable","interface":"USB Type-C 3.2 Gen 2","capacity":1000,"price_per_gb":null,"color":"Gray"},{"name":"KIOXIA EXCERIA PLUS","price":81.15,"type":"Portable","interface":"USB Type-C 3.2 Gen 2","capacity":500,"price_per_gb":0.162,"color":"Gray"},{"name":"LaCie Rugged Mini","price":99.99,"type":"Portable","interface":"USB Type-A 3.2 Gen 1","capacity":2000,"price_per_gb":0.05,"color":"Orange / Silver"},{"name":"Silicon Power PC60","price":null,"type":"Portable","interface":"USB Type-C 3.2 Gen 2","capacity":480,"price_per_gb":null,"color":"Black"},{"name":"Silicon Power Bolt B75","price":59.52,"type":"Portable","interface":"USB Type-C 3.2 Gen 1","capacity":480,"price_per_gb":0.124,"color":"Silver"},{"name":"VisionTek 901195","price":102.25,"type":"Portable","interface":"USB Type-C","capacity":512,"price_per_gb":0.2,"color":"Black"},{"name":"Apricorn Aegis Fortress L3","price":1198.92,"type":"Portable","interface":"USB Type-A 3.2 Gen 1, USB Type-C 3.2 Gen 1","capacity":4000,"price_per_gb":0.3,"color":"Black"},{"name":"Apricorn Aegis Padlock 3.0","price":177.99,"type":"Portable","interface":"USB Type-A 3.2 Gen 1","capacity":256,"price_per_gb":0.695,"color":"Black"},{"name":"Sabrent Rocket Nano","price":null,"type":"Portable","interface":"USB Type-C 3.2 Gen 2","capacity":1000,"price_per_gb":null,"color":"Silver"},{"name":"Sabrent Rocket Nano","price":131.37,"type":"Portable","interface":"USB Type-C 3.2 Gen 2","capacity":1000,"price_per_gb":0.131,"color":"Gold"},{"name":"Sabrent Rocket Nano Rugged","price":149.99,"type":"Portable","interface":"USB Type-C 3.2 Gen 2","capacity":2000,"price_per_gb":0.075,"color":"Silver"},{"name":"Buffalo Technology DriveStation Axis","price":null,"type":"Desktop","interface":"USB Type-A 3.2 Gen 1","capacity":1000,"price_per_gb":null,"color":null},{"name":"Buffalo Technology DriveStation","price":null,"type":"Desktop","interface":"USB Type-A 3.2 Gen 1","capacity":2000,"price_per_gb":null,"color":null},{"name":"Buffalo Technology DriveStation","price":null,"type":"Desktop","interface":"IEEE 1394A 6-Pin, IEEE 1394B 9-Pin, eSATA 3.0 Gb/s, USB Type-A 2.0","capacity":1000,"price_per_gb":null,"color":null},{"name":"Buffalo Technology DriveStation","price":null,"type":"Desktop","interface":"USB Type-A 3.2 Gen 1","capacity":3000,"price_per_gb":null,"color":null},{"name":"Buffalo Technology DriveStation","price":null,"type":"Desktop","interface":"USB Type-A 3.2 Gen 1","capacity":4000,"price_per_gb":null,"color":null},{"name":"Buffalo Technology DriveStation Axis Velocity","price":null,"type":"Desktop","interface":"USB Type-A 3.2 Gen 1","capacity":1000,"price_per_gb":null,"color":null},{"name":"Buffalo Technology DriveStation Duo","price":null,"type":"Desktop","interface":"USB Type-A 3.2 Gen 1","capacity":2000,"price_per_gb":null,"color":null},{"name":"Buffalo Technology DriveStation Duo","price":null,"type":"Desktop","interface":"USB Type-A 3.2 Gen 1","capacity":4000,"price_per_gb":null,"color":null},{"name":"Buffalo Technology DriveStation Duo","price":null,"type":"Desktop","interface":"USB Type-A 3.2 Gen 1","capacity":6000,"price_per_gb":null,"color":null},{"name":"Buffalo Technology DriveStation Duo","price":null,"type":"Desktop","interface":"USB Type-A 3.2 Gen 1","capacity":8000,"price_per_gb":null,"color":null},{"name":"Buffalo Technology DriveStation","price":null,"type":"Desktop","interface":"Thunderbolt","capacity":1000,"price_per_gb":null,"color":null},{"name":"Buffalo Technology DriveStation","price":null,"type":"Desktop","interface":"Thunderbolt","capacity":256,"price_per_gb":null,"color":null},{"name":"Buffalo Technology DriveStation","price":null,"type":"Desktop","interface":"Thunderbolt","capacity":512,"price_per_gb":null,"color":null},{"name":"LaCie d2 Quadra","price":null,"type":"Desktop","interface":"IEEE 1394B 9-Pin, eSATA 3.0 Gb/s, USB Type-A 3.2 Gen 1","capacity":3000,"price_per_gb":null,"color":null},{"name":"LaCie Minimus","price":null,"type":"Desktop","interface":"USB Type-A 3.2 Gen 1","capacity":2000,"price_per_gb":null,"color":null},{"name":"LaCie Blade Runner","price":null,"type":"Desktop","interface":"USB Type-A 3.2 Gen 1","capacity":4000,"price_per_gb":null,"color":null},{"name":"Western Digital My Book Studio","price":null,"type":"Desktop","interface":"IEEE 1394B 9-Pin, USB Type-A 2.0","capacity":2000,"price_per_gb":null,"color":null},{"name":"Western Digital My Book Studio","price":null,"type":"Desktop","interface":"IEEE 1394B 9-Pin, USB Type-A 2.0","capacity":3000,"price_per_gb":null,"color":null},{"name":"Western Digital My Book","price":null,"type":"Desktop","interface":"USB Type-A 3.2 Gen 1","capacity":3000,"price_per_gb":null,"color":null},{"name":"Western Digital My Book","price":179.99,"type":"Desktop","interface":"USB Type-A 3.2 Gen 1","capacity":4000,"price_per_gb":0.045,"color":null},{"name":"Western Digital My Book Studio","price":null,"type":"Desktop","interface":"USB Type-A 3.2 Gen 1","capacity":4000,"price_per_gb":null,"color":null},{"name":"Western Digital My Book Thunderbolt Duo","price":null,"type":"Desktop","interface":"Thunderbolt","capacity":4000,"price_per_gb":null,"color":null},{"name":"Western Digital ELEMENTS","price":null,"type":"Desktop","interface":"USB Type-A 3.2 Gen 1","capacity":2000,"price_per_gb":null,"color":null},{"name":"Western Digital My Book for Mac","price":null,"type":"Desktop","interface":"USB Type-A 3.2 Gen 1","capacity":2000,"price_per_gb":null,"color":null},{"name":"Western Digital My Book for Mac","price":null,"type":"Desktop","interface":"USB Type-A 3.2 Gen 1","capacity":3000,"price_per_gb":null,"color":null},{"name":"LaCie d2","price":null,"type":"Desktop","interface":"Thunderbolt, USB Type-A 3.2 Gen 1","capacity":4000,"price_per_gb":null,"color":null},{"name":"LaCie 2big Quadra","price":null,"type":"Desktop","interface":"IEEE 1394B 9-Pin, USB Type-A 3.2 Gen 1","capacity":4000,"price_per_gb":null,"color":null},{"name":"LaCie 4big Quadra","price":null,"type":"Desktop","interface":"IEEE 1394B 9-Pin, USB Type-A 3.2 Gen 1","capacity":16000,"price_per_gb":null,"color":null},{"name":"LaCie Little Big Disk","price":null,"type":"Desktop","interface":"Thunderbolt","capacity":1000,"price_per_gb":null,"color":null},{"name":"LaCie d2","price":null,"type":"Desktop","interface":"Thunderbolt, USB Type-A 3.2 Gen 1","capacity":3000,"price_per_gb":null,"color":null},{"name":"LaCie 2big Quadra","price":null,"type":"Desktop","interface":"IEEE 1394B 9-Pin, USB Type-A 3.2 Gen 1","capacity":6000,"price_per_gb":null,"color":null},{"name":"LaCie Porsche Design","price":null,"type":"Desktop","interface":"USB Type-A 3.2 Gen 1","capacity":4000,"price_per_gb":null,"color":null},{"name":"LaCie 5big","price":null,"type":"Desktop","interface":"Thunderbolt","capacity":25000,"price_per_gb":null,"color":null},{"name":"LaCie d2","price":null,"type":"Desktop","interface":"Thunderbolt, USB Type-A 3.2 Gen 1","capacity":6000,"price_per_gb":null,"color":null},{"name":"LaCie Minimus","price":null,"type":"Desktop","interface":"USB Type-A 3.2 Gen 1","capacity":3000,"price_per_gb":null,"color":null},{"name":"LaCie 4big Quadra","price":null,"type":"Desktop","interface":"IEEE 1394B 9-Pin, USB Type-A 3.2 Gen 1","capacity":8000,"price_per_gb":null,"color":null},{"name":"LaCie 2big","price":null,"type":"Desktop","interface":"Thunderbolt","capacity":10000,"price_per_gb":null,"color":null},{"name":"LaCie d2","price":null,"type":"Desktop","interface":"Thunderbolt, USB Type-A 3.2 Gen 1","capacity":3000,"price_per_gb":null,"color":null},{"name":"LaCie d2","price":null,"type":"Desktop","interface":"Thunderbolt, USB Type-A 3.2 Gen 1","capacity":4000,"price_per_gb":null,"color":null},{"name":"Samsung D3 Station","price":null,"type":"Desktop","interface":"USB Type-A 3.2 Gen 1","capacity":3000,"price_per_gb":null,"color":null},{"name":"Samsung D3 Station","price":null,"type":"Desktop","interface":null,"capacity":4000,"price_per_gb":null,"color":null},{"name":"Samsung D3 Station","price":null,"type":"Desktop","interface":"USB Type-A 3.2 Gen 1","capacity":2000,"price_per_gb":null,"color":null},{"name":"Samsung D3 Station","price":null,"type":"Desktop","interface":"USB Type-A 3.2 Gen 1","capacity":3000,"price_per_gb":null,"color":null},{"name":"Samsung D3 Station","price":null,"type":"Desktop","interface":"USB Type-A 3.2 Gen 1","capacity":4000,"price_per_gb":null,"color":null},{"name":"Samsung D3 Station","price":null,"type":"Desktop","interface":"USB Type-A 3.2 Gen 1","capacity":5000,"price_per_gb":null,"color":null},{"name":"Samsung D3 Station","price":null,"type":"Desktop","interface":"USB Type-A 3.2 Gen 1","capacity":6000,"price_per_gb":null,"color":null},{"name":"Seagate Expansion","price":null,"type":"Desktop","interface":"USB Type-A 3.2 Gen 1","capacity":5000,"price_per_gb":null,"color":null},{"name":"Seagate Backup Plus","price":160,"type":"Desktop","interface":"USB Type-A 3.2 Gen 1","capacity":3000,"price_per_gb":0.053,"color":null},{"name":"Seagate Backup Plus","price":249.95,"type":"Desktop","interface":"USB Type-A 3.2 Gen 1","capacity":6000,"price_per_gb":0.042,"color":null},{"name":"Seagate Backup Plus","price":null,"type":"Desktop","interface":"USB Type-A 3.2 Gen 1","capacity":3000,"price_per_gb":null,"color":null},{"name":"Hitachi HGST Touro Desk","price":null,"type":"Desktop","interface":"USB Type-A 3.2 Gen 1","capacity":4000,"price_per_gb":null,"color":null},{"name":"Hitachi HGST Touro Desk Pro","price":null,"type":"Desktop","interface":"USB Type-A 3.2 Gen 1","capacity":4000,"price_per_gb":null,"color":null},{"name":"Apricorn Aegis Padlock DT","price":null,"type":"Desktop","interface":"USB Type-A 3.2 Gen 1","capacity":2000,"price_per_gb":null,"color":null},{"name":"Apricorn Aegis Padlock DT","price":null,"type":"Desktop","interface":"USB Type-A 3.2 Gen 1","capacity":1000,"price_per_gb":null,"color":null},{"name":"Axiom USB3HD35S1TB-AX","price":null,"type":"Desktop","interface":"USB Type-A 3.2 Gen 1","capacity":1000,"price_per_gb":null,"color":null},{"name":"Axiom USB3HD35S250-AX","price":null,"type":"Desktop","interface":null,"capacity":250,"price_per_gb":null,"color":null},{"name":"Axiom USB3HD35S2TB-AX","price":null,"type":"Desktop","interface":"USB Type-A 3.2 Gen 1","capacity":2000,"price_per_gb":null,"color":null},{"name":"Axiom USB3HD35S3TB-AX","price":null,"type":"Desktop","interface":"USB Type-A 3.2 Gen 1","capacity":3000,"price_per_gb":null,"color":null},{"name":"Axiom USB3HD35S500-AX","price":null,"type":"Desktop","interface":null,"capacity":500,"price_per_gb":null,"color":null},{"name":"Buslink CRF-2T-U2","price":null,"type":"Desktop","interface":"USB Type-A 2.0","capacity":2000,"price_per_gb":null,"color":null},{"name":"Buslink CSC-1T-U2","price":null,"type":"Desktop","interface":"USB Type-A 2.0","capacity":1000,"price_per_gb":null,"color":null},{"name":"Buslink CSC-2T-U3","price":null,"type":"Desktop","interface":"USB Type-A 3.2 Gen 1","capacity":2000,"price_per_gb":null,"color":null},{"name":"Apricorn Aegis Padlock DT","price":null,"type":"Desktop","interface":"USB Type-A 3.2 Gen 1","capacity":1000,"price_per_gb":null,"color":null},{"name":"Imation Apollo Pro UX","price":null,"type":"Desktop","interface":"USB Type-A 2.0","capacity":1000,"price_per_gb":null,"color":null},{"name":"Transcend StoreJet 35T3","price":null,"type":"Desktop","interface":"USB Type-A 3.2 Gen 1","capacity":3000,"price_per_gb":null,"color":null},{"name":"Transcend StoreJet 35T3","price":null,"type":"Desktop","interface":"USB Type-A 3.2 Gen 1","capacity":2000,"price_per_gb":null,"color":null},{"name":"Toshiba Canvio Desk","price":null,"type":"Desktop","interface":"USB Type-A 3.2 Gen 1","capacity":2000,"price_per_gb":null,"color":null},{"name":"LaCie Porsche Design","price":null,"type":"Desktop","interface":"USB Type-A 3.2 Gen 1","capacity":8000,"price_per_gb":null,"color":null},{"name":"Seagate Expansion","price":null,"type":"Desktop","interface":"USB Type-A 3.2 Gen 1","capacity":5000,"price_per_gb":null,"color":null},{"name":"Buslink CipherShield","price":null,"type":"Desktop","interface":"USB Type-A 3.2 Gen 1","capacity":6000,"price_per_gb":null,"color":null},{"name":"Edge Tech EDGDG-236236-PE","price":null,"type":"Desktop","interface":"USB Type-A 3.2 Gen 1","capacity":4000,"price_per_gb":null,"color":null},{"name":"G-Technology G-DRIVE","price":null,"type":"Desktop","interface":"IEEE 1394B 9-Pin, eSATA 6.0 Gb/s, USB Type-A 3.2 Gen 1","capacity":3000,"price_per_gb":null,"color":null},{"name":"Western Digital My Book","price":null,"type":"Desktop","interface":"USB Type-A 3.2 Gen 1","capacity":3000,"price_per_gb":null,"color":"Black"},{"name":"Western Digital My Book Duo","price":998,"type":"Desktop","interface":"USB Type-A 3.2 Gen 1, USB Type-C 3.2 Gen 1","capacity":8000,"price_per_gb":0.125,"color":"Black"},{"name":"Verbatim 99399","price":null,"type":"Desktop","interface":"USB Type-A 3.2 Gen 1","capacity":4000,"price_per_gb":null,"color":"Black"},{"name":"Western Digital My Book","price":null,"type":"Desktop","interface":"USB Type-A 3.2 Gen 1","capacity":10000,"price_per_gb":null,"color":"Black"},{"name":"LaCie Porsche Design","price":null,"type":"Desktop","interface":"USB Type-A 3.2 Gen 1","capacity":1000,"price_per_gb":null,"color":"Silver"},{"name":"LaCie Porsche Design","price":null,"type":"Desktop","interface":"USB Type-A 3.2 Gen 1","capacity":2000,"price_per_gb":null,"color":"Silver"},{"name":"Western Digital easystore","price":null,"type":"Desktop","interface":"USB Type-A 2.0, USB Type-A 3.2 Gen 1","capacity":12000,"price_per_gb":null,"color":"Black"},{"name":"Seagate Backup Plus","price":299.59,"type":"Desktop","interface":"USB Type-A 3.2 Gen 1","capacity":4000,"price_per_gb":0.075,"color":"Black"},{"name":"Koss Kanguru Ultra","price":null,"type":"Desktop","interface":"USB Type-C","capacity":2000,"price_per_gb":null,"color":"Black"},{"name":"Apricorn Padlock DT FIPS","price":204.94,"type":"Desktop","interface":"USB Type-A 3.2 Gen 1","capacity":2000,"price_per_gb":0.102,"color":"Black"},{"name":"Apricorn Padlock DT FIPS","price":327.99,"type":"Desktop","interface":"USB Type-A 3.2 Gen 1","capacity":4000,"price_per_gb":0.082,"color":"Black"},{"name":"Apricorn Padlock DT FIPS","price":473.42,"type":"Desktop","interface":"USB Type-A 3.2 Gen 1","capacity":6000,"price_per_gb":0.079,"color":"Black"},{"name":"Apricorn Padlock DT FIPS","price":629,"type":"Desktop","interface":"USB Type-A 3.2 Gen 1","capacity":8000,"price_per_gb":0.079,"color":"Black"},{"name":"Apricorn Aegis Padlock DT","price":314.36,"type":"Desktop","interface":"USB Type-A 3.2 Gen 1","capacity":4000,"price_per_gb":0.079,"color":"Black"},{"name":"Apricorn Aegis Padlock DT","price":437.99,"type":"Desktop","interface":"USB Type-A 3.2 Gen 1","capacity":6000,"price_per_gb":0.073,"color":"Black"},{"name":"Apricorn Aegis Padlock DT","price":906.85,"type":"Desktop","interface":"USB Type-A 3.2 Gen 1","capacity":16000,"price_per_gb":0.057,"color":"Black"},{"name":"Apricorn Aegis Padlock DT","price":1179,"type":"Desktop","interface":"USB Type-A 3.2 Gen 1","capacity":20000,"price_per_gb":0.059,"color":"Black"},{"name":"Western Digital SanDisk Desk Drive","price":null,"type":"Desktop","interface":"USB Type-C 3.2 Gen 2","capacity":8000,"price_per_gb":null,"color":"Black"},{"name":"ADATA DashDrive","price":null,"type":"Portable","interface":"USB Type-A 3.2 Gen 1","capacity":1000,"price_per_gb":null,"color":null},{"name":"Buffalo Technology MiniStation","price":null,"type":"Portable","interface":"USB Type-A 3.2 Gen 1","capacity":1000,"price_per_gb":null,"color":null},{"name":"Buffalo Technology MiniStation","price":null,"type":"Portable","interface":"USB Type-A 3.2 Gen 1","capacity":2000,"price_per_gb":null,"color":null},{"name":"Buffalo Technology MiniStation","price":null,"type":"Portable","interface":"USB Type-A 3.2 Gen 1","capacity":500,"price_per_gb":null,"color":null},{"name":"Buffalo Technology MiniStation Extreme","price":null,"type":"Portable","interface":"USB Type-A 3.2 Gen 1","capacity":1000,"price_per_gb":null,"color":null},{"name":"Buffalo Technology MiniStation Extreme","price":null,"type":"Portable","interface":"USB Type-A 3.2 Gen 1","capacity":1000,"price_per_gb":null,"color":null},{"name":"Buffalo Technology MiniStation Extreme","price":null,"type":"Portable","interface":"USB Type-A 3.2 Gen 1","capacity":1000,"price_per_gb":null,"color":null},{"name":"Buffalo Technology MiniStation Extreme","price":null,"type":"Portable","interface":"USB Type-A 3.2 Gen 1","capacity":500,"price_per_gb":null,"color":null},{"name":"Buffalo Technology MiniStation Extreme","price":null,"type":"Portable","interface":"USB Type-A 3.2 Gen 1","capacity":500,"price_per_gb":null,"color":null},{"name":"Buffalo Technology MiniStation Extreme","price":null,"type":"Portable","interface":"USB Type-A 3.2 Gen 1","capacity":500,"price_per_gb":null,"color":null},{"name":"LaCie Rugged Mini","price":null,"type":"Portable","interface":"USB Type-A 3.2 Gen 1","capacity":500,"price_per_gb":null,"color":null},{"name":"LaCie Rugged Mini","price":null,"type":"Portable","interface":"USB Type-A 3.2 Gen 1","capacity":500,"price_per_gb":null,"color":null},{"name":"LaCie Rugged Mini","price":79.99,"type":"Portable","interface":"USB Type-A 3.2 Gen 1","capacity":1000,"price_per_gb":0.08,"color":null},{"name":"LaCie Rikiki","price":null,"type":"Portable","interface":"USB Type-A 3.2 Gen 1","capacity":500,"price_per_gb":null,"color":null},{"name":"LaCie Rugged","price":null,"type":"Portable","interface":"IEEE 1394B 9-Pin, USB Type-A 3.2 Gen 1","capacity":500,"price_per_gb":null,"color":null},{"name":"LaCie Rugged","price":null,"type":"Portable","interface":"IEEE 1394B 9-Pin, USB Type-A 3.2 Gen 1","capacity":500,"price_per_gb":null,"color":null},{"name":"LaCie Rugged","price":null,"type":"Portable","interface":"IEEE 1394B 9-Pin, USB Type-A 3.2 Gen 1","capacity":1000,"price_per_gb":null,"color":null},{"name":"LaCie Porsche Design","price":null,"type":"Portable","interface":"USB Type-A 3.2 Gen 1","capacity":500,"price_per_gb":null,"color":null},{"name":"Western Digital My Passport Slim","price":null,"type":"Portable","interface":"USB Type-A 3.2 Gen 1","capacity":1000,"price_per_gb":null,"color":null},{"name":"Western Digital My Passport Studio","price":null,"type":"Portable","interface":"IEEE 1394B 9-Pin, USB Type-A 2.0","capacity":2000,"price_per_gb":null,"color":null},{"name":"Western Digital My Passport Air","price":null,"type":"Portable","interface":"USB Type-A 3.2 Gen 1","capacity":1000,"price_per_gb":null,"color":null},{"name":"LaCie Rugged Mini","price":null,"type":"Portable","interface":"USB Type-A 3.2 Gen 1","capacity":1500,"price_per_gb":null,"color":null},{"name":"LaCie Rugged","price":null,"type":"Portable","interface":"Thunderbolt, USB Type-A 3.2 Gen 1","capacity":120,"price_per_gb":null,"color":null},{"name":"LaCie Rugged","price":null,"type":"Portable","interface":"Thunderbolt, USB Type-A 3.2 Gen 1","capacity":1000,"price_per_gb":null,"color":null},{"name":"LaCie Rugged","price":null,"type":"Portable","interface":"Thunderbolt, USB Type-A 3.2 Gen 1","capacity":2000,"price_per_gb":null,"color":null},{"name":"LaCie Little Big Disk","price":null,"type":"Portable","interface":"Thunderbolt","capacity":512,"price_per_gb":null,"color":null},{"name":"LaCie Porsche Design","price":null,"type":"Portable","interface":"USB Type-A 3.2 Gen 1","capacity":120,"price_per_gb":null,"color":null},{"name":"LaCie Porsche Design","price":null,"type":"Portable","interface":null,"capacity":250,"price_per_gb":null,"color":null},{"name":"Verbatim Store 'n' Go","price":null,"type":"Portable","interface":"USB Type-A 3.2 Gen 1","capacity":128,"price_per_gb":null,"color":null},{"name":"Verbatim Store 'n' Go","price":null,"type":"Portable","interface":"USB Type-A 3.2 Gen 1","capacity":256,"price_per_gb":null,"color":null},{"name":"Verbatim Titan XS","price":122.99,"type":"Portable","interface":null,"capacity":1000,"price_per_gb":0.123,"color":null},{"name":"Verbatim Freecom","price":null,"type":"Portable","interface":"USB Type-A 3.2 Gen 1","capacity":1000,"price_per_gb":null,"color":null},{"name":"Verbatim 97805","price":null,"type":"Portable","interface":"USB Type-A 3.2 Gen 1","capacity":500,"price_per_gb":null,"color":null},{"name":"Verbatim 97806","price":null,"type":"Portable","interface":"USB Type-A 3.2 Gen 1","capacity":1000,"price_per_gb":null,"color":null},{"name":"Samsung P3","price":null,"type":"Portable","interface":"USB Type-A 3.2 Gen 1","capacity":500,"price_per_gb":null,"color":null},{"name":"Samsung P3","price":null,"type":"Portable","interface":"USB Type-A 3.2 Gen 1","capacity":1000,"price_per_gb":null,"color":null},{"name":"Samsung P3 Portable","price":null,"type":"Portable","interface":"USB Type-A 3.2 Gen 1","capacity":2000,"price_per_gb":null,"color":null},{"name":"Samsung MU-PS250B/AM","price":null,"type":"Portable","interface":"USB Type-A 3.2 Gen 1","capacity":250,"price_per_gb":null,"color":null},{"name":"Samsung MU-PS500B/AM","price":null,"type":"Portable","interface":"USB Type-A 3.2 Gen 1","capacity":500,"price_per_gb":null,"color":null},{"name":"Seagate GoFlex for Mac","price":null,"type":"Portable","interface":"Thunderbolt","capacity":1000,"price_per_gb":null,"color":null},{"name":"Seagate Backup Plus","price":null,"type":"Portable","interface":"USB Type-A 3.2 Gen 1","capacity":1000,"price_per_gb":null,"color":null},{"name":"Seagate Backup Plus Slim","price":null,"type":"Portable","interface":"USB Type-A 3.2 Gen 1","capacity":2000,"price_per_gb":null,"color":null},{"name":"Seagate Backup Plus Slim","price":null,"type":"Portable","interface":"USB Type-A 3.2 Gen 1","capacity":2000,"price_per_gb":null,"color":null},{"name":"Hitachi GST Touro Mobile Pro","price":null,"type":"Portable","interface":"USB Type-A 3.2 Gen 1","capacity":500,"price_per_gb":null,"color":null},{"name":"Hitachi HGST Touro Mobile","price":null,"type":"Portable","interface":"USB Type-A 3.2 Gen 1","capacity":500,"price_per_gb":null,"color":null},{"name":"Hitachi HGST Touro Mobile Pro","price":null,"type":"Portable","interface":"USB Type-A 3.2 Gen 1","capacity":1000,"price_per_gb":null,"color":null},{"name":"HP HPHDD2E30500AS1-RBU","price":null,"type":"Portable","interface":"USB Type-A 3.2 Gen 1","capacity":500,"price_per_gb":null,"color":null},{"name":"Toshiba Canvio Basics 3.0","price":null,"type":"Portable","interface":"USB Type-A 3.2 Gen 1","capacity":2000,"price_per_gb":null,"color":null},{"name":"ADATA CH11","price":null,"type":"Portable","interface":"USB Type-A 3.2 Gen 1","capacity":500,"price_per_gb":null,"color":null},{"name":"ADATA AHV620-500GU3-CBK","price":null,"type":"Portable","interface":"USB Type-A 3.2 Gen 1","capacity":500,"price_per_gb":null,"color":null},{"name":"ADATA DashDrive SE720","price":null,"type":"Portable","interface":"USB Type-A 3.2 Gen 1","capacity":128,"price_per_gb":null,"color":null},{"name":"ADATA SH14","price":null,"type":"Portable","interface":"USB Type-A 3.2 Gen 1","capacity":1000,"price_per_gb":null,"color":null},{"name":"Apricorn Aegis Bio","price":null,"type":"Portable","interface":"USB Type-A 3.2 Gen 1","capacity":1000,"price_per_gb":null,"color":null},{"name":"Apricorn Aegis Bio 3.0","price":null,"type":"Portable","interface":"USB Type-A 3.2 Gen 1","capacity":512,"price_per_gb":null,"color":null},{"name":"Apricorn Aegis Padlock","price":null,"type":"Portable","interface":"USB Type-A 3.2 Gen 1","capacity":1000,"price_per_gb":null,"color":null},{"name":"Apricorn Aegis Padlock","price":null,"type":"Portable","interface":"USB Type-A 3.2 Gen 1","capacity":500,"price_per_gb":null,"color":null},{"name":"Apricorn Aegis Padlock Fortress","price":222.84,"type":"Portable","interface":"USB Type-A 3.2 Gen 1","capacity":1000,"price_per_gb":0.223,"color":null},{"name":"Apricorn Aegis Padlock Fortress","price":null,"type":"Portable","interface":"USB Type-A 3.2 Gen 1","capacity":500,"price_per_gb":null,"color":null},{"name":"Apricorn Aegis Padlock 3.0","price":153.88,"type":"Portable","interface":"USB Type-A 3.2 Gen 1","capacity":500,"price_per_gb":0.308,"color":"Black"},{"name":"Apricorn Aegis Padlock Fortress","price":168.45,"type":"Portable","interface":"USB Type-A 3.2 Gen 1","capacity":500,"price_per_gb":0.337,"color":null},{"name":"Apricorn Aegis Padlock","price":461,"type":"Portable","interface":"USB Type-A 3.2 Gen 1","capacity":128,"price_per_gb":3.602,"color":null},{"name":"Apricorn Aegis Portable 3.0","price":null,"type":"Portable","interface":"USB Type-A 3.2 Gen 1","capacity":1000,"price_per_gb":null,"color":null},{"name":"Apricorn Aegis Portable 3.0","price":null,"type":"Portable","interface":"USB Type-A 3.2 Gen 1","capacity":500,"price_per_gb":null,"color":null},{"name":"Apricorn Aegis Padlock","price":null,"type":"Portable","interface":"USB Type-A 2.0","capacity":1000,"price_per_gb":null,"color":null},{"name":"Apricorn Aegis Padlock","price":null,"type":"Portable","interface":"USB Type-A 2.0","capacity":1000,"price_per_gb":null,"color":null},{"name":"Apricorn Aegis Padlock","price":null,"type":"Portable","interface":"USB Type-A 2.0","capacity":320,"price_per_gb":null,"color":null},{"name":"Apricorn Aegis Padlock","price":null,"type":"Portable","interface":null,"capacity":500,"price_per_gb":null,"color":null},{"name":"Apricorn Aegis Padlock","price":null,"type":"Portable","interface":"eSATA 3.0 Gb/s, USB Type-A 2.0","capacity":1000,"price_per_gb":null,"color":null},{"name":"Axiom Mobile-D","price":null,"type":"Portable","interface":"USB Type-A 3.2 Gen 1","capacity":1000,"price_per_gb":null,"color":null},{"name":"Axiom Mobile-D","price":null,"type":"Portable","interface":"USB Type-A 3.2 Gen 1","capacity":250,"price_per_gb":null,"color":null},{"name":"Axiom Mobile-D","price":null,"type":"Portable","interface":"USB Type-A 3.2 Gen 1","capacity":320,"price_per_gb":null,"color":null},{"name":"Axiom Mobile-D","price":null,"type":"Portable","interface":"USB Type-A 3.2 Gen 1","capacity":500,"price_per_gb":null,"color":null},{"name":"Axiom Mobile-D","price":null,"type":"Portable","interface":"USB Type-A 3.2 Gen 1","capacity":750,"price_per_gb":null,"color":null},{"name":"Axiom Mobile-D","price":null,"type":"Portable","interface":"USB Type-A 3.2 Gen 1","capacity":250,"price_per_gb":null,"color":null},{"name":"Axiom Mobile-D","price":null,"type":"Portable","interface":"USB Type-A 3.2 Gen 1","capacity":320,"price_per_gb":null,"color":null},{"name":"Axiom Mobile-D","price":null,"type":"Portable","interface":"USB Type-A 3.2 Gen 1","capacity":500,"price_per_gb":null,"color":null},{"name":"Transcend StoreJet","price":null,"type":"Portable","interface":"USB Type-A 2.0","capacity":750,"price_per_gb":null,"color":null},{"name":"Transcend StoreJet","price":null,"type":"Portable","interface":"USB Type-A 3.2 Gen 1","capacity":500,"price_per_gb":null,"color":null},{"name":"Transcend StoreJet","price":null,"type":"Portable","interface":"USB Type-A 2.0","capacity":500,"price_per_gb":null,"color":null},{"name":"Transcend StoreJet","price":null,"type":"Portable","interface":"USB Type-A 2.0","capacity":500,"price_per_gb":null,"color":null},{"name":"Imation Apollo Expert","price":null,"type":"Portable","interface":"USB Type-A 3.2 Gen 1","capacity":1000,"price_per_gb":null,"color":null},{"name":"Toshiba Canvio Connect","price":null,"type":"Portable","interface":"USB Type-A 3.2 Gen 1","capacity":500,"price_per_gb":null,"color":null},{"name":"Toshiba Canvio Connect","price":null,"type":"Portable","interface":"USB Type-A 3.2 Gen 1","capacity":500,"price_per_gb":null,"color":null},{"name":"Toshiba Canvio Connect","price":null,"type":"Portable","interface":"USB Type-A 3.2 Gen 1","capacity":750,"price_per_gb":null,"color":null},{"name":"Toshiba Canvio Connect","price":null,"type":"Portable","interface":"USB Type-A 3.2 Gen 1","capacity":750,"price_per_gb":null,"color":null},{"name":"Toshiba Canvio Connect","price":null,"type":"Portable","interface":"USB Type-A 3.2 Gen 1","capacity":750,"price_per_gb":null,"color":null},{"name":"Toshiba Canvio Connect","price":null,"type":"Portable","interface":"USB Type-A 3.2 Gen 1","capacity":750,"price_per_gb":null,"color":null},{"name":"Toshiba Canvio Connect","price":null,"type":"Portable","interface":"USB Type-A 3.2 Gen 1","capacity":1000,"price_per_gb":null,"color":null},{"name":"Toshiba Canvio Connect","price":null,"type":"Portable","interface":"USB Type-A 3.2 Gen 1","capacity":1000,"price_per_gb":null,"color":null},{"name":"Toshiba Canvio Connect","price":null,"type":"Portable","interface":"USB Type-A 3.2 Gen 1","capacity":1000,"price_per_gb":null,"color":null},{"name":"Toshiba Canvio Connect","price":null,"type":"Portable","interface":"USB Type-A 3.2 Gen 1","capacity":1000,"price_per_gb":null,"color":null},{"name":"Toshiba Canvio Connect","price":null,"type":"Portable","interface":"USB Type-A 3.2 Gen 1","capacity":1000,"price_per_gb":null,"color":null},{"name":"Toshiba Canvio Connect","price":null,"type":"Portable","interface":"USB Type-A 3.2 Gen 1","capacity":1500,"price_per_gb":null,"color":null},{"name":"Toshiba Canvio Connect","price":null,"type":"Portable","interface":"USB Type-A 3.2 Gen 1","capacity":1500,"price_per_gb":null,"color":null},{"name":"Toshiba Canvio Connect","price":null,"type":"Portable","interface":"USB Type-A 3.2 Gen 1","capacity":1500,"price_per_gb":null,"color":null},{"name":"Toshiba Canvio Connect","price":null,"type":"Portable","interface":"USB Type-A 3.2 Gen 1","capacity":1500,"price_per_gb":null,"color":null},{"name":"Toshiba Canvio Connect","price":null,"type":"Portable","interface":"USB Type-A 3.2 Gen 1","capacity":1500,"price_per_gb":null,"color":null},{"name":"Toshiba Canvio Connect","price":null,"type":"Portable","interface":"USB Type-A 3.2 Gen 1","capacity":2000,"price_per_gb":null,"color":null},{"name":"Toshiba Canvio Connect","price":null,"type":"Portable","interface":"USB Type-A 3.2 Gen 1","capacity":2000,"price_per_gb":null,"color":null},{"name":"Toshiba Canvio Connect","price":null,"type":"Portable","interface":"USB Type-A 3.2 Gen 1","capacity":2000,"price_per_gb":null,"color":null},{"name":"Toshiba Canvio Connect","price":null,"type":"Portable","interface":"USB Type-A 3.2 Gen 1","capacity":2000,"price_per_gb":null,"color":null},{"name":"Toshiba Canvio Slim II","price":101,"type":"Portable","interface":"USB Type-A 3.2 Gen 1","capacity":1000,"price_per_gb":0.101,"color":null},{"name":"Lenovo ThinkPad","price":null,"type":"Portable","interface":"USB Type-A 3.2 Gen 1","capacity":500,"price_per_gb":null,"color":null},{"name":"Transcend TS128GESD200K","price":null,"type":"Portable","interface":"USB Type-A 3.2 Gen 1","capacity":128,"price_per_gb":null,"color":null},{"name":"Transcend TS128GSJC10K","price":null,"type":"Portable","interface":"USB Type-A 3.2 Gen 1","capacity":128,"price_per_gb":null,"color":null},{"name":"Transcend StoreJet","price":null,"type":"Portable","interface":"USB Type-A 3.2 Gen 1","capacity":1000,"price_per_gb":null,"color":null},{"name":"Western Digital My Passport","price":null,"type":"Portable","interface":"USB Type-A 3.2 Gen 1","capacity":2000,"price_per_gb":null,"color":null},{"name":"Apricorn Padlock SSD","price":186.03,"type":"Portable","interface":"USB Type-A 3.2 Gen 1","capacity":240,"price_per_gb":0.775,"color":"Black"},{"name":"Apricorn Padlock SSD","price":289.95,"type":"Portable","interface":"USB Type-A 3.2 Gen 1","capacity":480,"price_per_gb":0.604,"color":"Black"},{"name":"SanDisk Extreme 900","price":null,"type":"Portable","interface":"USB Type-A 3.2 Gen 2","capacity":1920,"price_per_gb":null,"color":null},{"name":"SanDisk Extreme 900","price":null,"type":"Portable","interface":"USB Type-A 3.2 Gen 2","capacity":480,"price_per_gb":null,"color":null},{"name":"Seagate Backup Plus","price":null,"type":"Portable","interface":"USB Type-A 3.2 Gen 1","capacity":4000,"price_per_gb":null,"color":null},{"name":"Seagate STDR5000100","price":null,"type":"Portable","interface":null,"capacity":5000,"price_per_gb":null,"color":null},{"name":"ADATA SD600","price":null,"type":"Portable","interface":"USB Type-A 3.2 Gen 1","capacity":256,"price_per_gb":null,"color":null},{"name":"ADATA SD600","price":null,"type":"Portable","interface":"USB Type-A 3.2 Gen 1","capacity":256,"price_per_gb":null,"color":null},{"name":"ADATA SD600","price":null,"type":"Portable","interface":"USB Type-A 3.2 Gen 1","capacity":512,"price_per_gb":null,"color":null},{"name":"ADATA SD600","price":null,"type":"Portable","interface":"USB Type-A 3.2 Gen 1","capacity":512,"price_per_gb":null,"color":null},{"name":"ADATA SD700","price":null,"type":"Portable","interface":"USB Type-A 3.2 Gen 1","capacity":1000,"price_per_gb":null,"color":null},{"name":"ADATA SD700","price":164.8,"type":"Portable","interface":"USB Type-A 3.2 Gen 1","capacity":256,"price_per_gb":0.644,"color":null},{"name":"ADATA SD700","price":null,"type":"Portable","interface":"USB Type-A 3.2 Gen 1","capacity":256,"price_per_gb":null,"color":null},{"name":"ADATA SD700","price":null,"type":"Portable","interface":"USB Type-A 3.2 Gen 1","capacity":512,"price_per_gb":null,"color":null},{"name":"ADATA SD700","price":null,"type":"Portable","interface":"USB Type-A 3.2 Gen 1","capacity":512,"price_per_gb":null,"color":null},{"name":"Seagate Backup Plus Portable","price":null,"type":"Portable","interface":"USB Type-A 3.2 Gen 1","capacity":5000,"price_per_gb":null,"color":"Silver"},{"name":"Seagate Backup Plus Portable","price":null,"type":"Portable","interface":"USB Type-A 3.2 Gen 1","capacity":5000,"price_per_gb":null,"color":"Blue"},{"name":"Seagate Backup Plus Portable","price":null,"type":"Portable","interface":"USB Type-A 3.2 Gen 1","capacity":5000,"price_per_gb":null,"color":"Black"},{"name":"Apricorn Aegis Padlock Fortress","price":251.29,"type":"Portable","interface":"USB Type-A 3.2 Gen 1","capacity":2000,"price_per_gb":0.126,"color":"Black"},{"name":"Buffalo Technology Americas MiniStation","price":null,"type":"Portable","interface":"USB Type-A 3.2 Gen 1","capacity":2000,"price_per_gb":null,"color":"Black"},{"name":"Apricorn Apricorn Aegis Padlock","price":null,"type":"Portable","interface":"USB Type-A 3.2 Gen 1","capacity":128,"price_per_gb":null,"color":"Black"},{"name":"Buffalo Technology Americas MiniStation","price":null,"type":"Portable","interface":"USB Type-A 3.2 Gen 1","capacity":1000,"price_per_gb":null,"color":"Black"},{"name":"Apricorn Aegis Padlock DT","price":null,"type":"Portable","interface":"USB Type-A 3.2 Gen 1","capacity":14000,"price_per_gb":null,"color":"Black"},{"name":"Apricorn Aegis Fortress","price":294.99,"type":"Portable","interface":"USB Type-A 3.2 Gen 1","capacity":512,"price_per_gb":0.576,"color":"Black"},{"name":"Seagate Backup Plus Portable","price":184.49,"type":"Portable","interface":"USB Type-A 3.2 Gen 1","capacity":4000,"price_per_gb":0.046,"color":"Blue / White"},{"name":"Seagate Backup Plus Portable","price":null,"type":"Portable","interface":"USB Type-A 3.2 Gen 1","capacity":5000,"price_per_gb":null,"color":"Blue / White"},{"name":"Seagate Backup Plus Ultra Touch","price":null,"type":"Portable","interface":"USB Type-A 3.2 Gen 1","capacity":1000,"price_per_gb":null,"color":"White"},{"name":"Seagate Backup Plus Ultra Touch","price":null,"type":"Portable","interface":"USB Type-A 3.2 Gen 1","capacity":2000,"price_per_gb":null,"color":"White"},{"name":"Western Digital G-DRIVE Mobile","price":null,"type":"Portable","interface":"USB Type-A 2.0, USB Type-C 3.2 Gen 1","capacity":4000,"price_per_gb":null,"color":"Silver"},{"name":"Western Digital G-DRIVE ev RaW","price":null,"type":"Portable","interface":"USB Type-A 2.0, USB Type-A 3.2 Gen 1","capacity":2000,"price_per_gb":null,"color":"Silver"},{"name":"Western Digital G-DRIVE Mobile","price":null,"type":"Portable","interface":"USB Type-C 3.2 Gen 1","capacity":2000,"price_per_gb":null,"color":"Silver"},{"name":"Western Digital G-DRIVE Mobile","price":null,"type":"Portable","interface":"USB Type-C 3.2 Gen 1","capacity":2000,"price_per_gb":null,"color":"Silver"},{"name":"Western Digital G-DRIVE Mobile","price":null,"type":"Portable","interface":"USB Type-C 3.2 Gen 1","capacity":1000,"price_per_gb":null,"color":"Silver"},{"name":"Western Digital My Passport","price":69.98,"type":"Portable","interface":"USB Type-A 3.2 Gen 1","capacity":1000,"price_per_gb":0.07,"color":"Red"},{"name":"Apacer AS722","price":null,"type":"Portable","interface":"USB Type-C 3.2 Gen 1","capacity":512,"price_per_gb":null,"color":"Black"},{"name":"Apacer AS722","price":null,"type":"Portable","interface":"USB Type-C 3.2 Gen 1","capacity":1000,"price_per_gb":null,"color":"Black"},{"name":"Apacer AS721","price":null,"type":"Portable","interface":"USB Type-C 3.2 Gen 1","capacity":250,"price_per_gb":null,"color":"Black"},{"name":"Apacer AS721","price":null,"type":"Portable","interface":"USB Type-C 3.2 Gen 1","capacity":500,"price_per_gb":null,"color":"Black"},{"name":"Apacer AS721","price":null,"type":"Portable","interface":"USB Type-C 3.2 Gen 1","capacity":1000,"price_per_gb":null,"color":"Black"},{"name":"SanDisk G-DRIVE ArmorLock","price":null,"type":"Portable","interface":"USB Type-C 3.2 Gen 1","capacity":1000,"price_per_gb":null,"color":"Black / Yellow"},{"name":"SanDisk G-DRIVE ArmorLock","price":189.99,"type":"Portable","interface":"USB Type-C 3.2 Gen 1","capacity":2000,"price_per_gb":0.095,"color":"Black / Yellow"},{"name":"Samsung T7 Portable","price":null,"type":"Portable","interface":"USB Type-C 3.2 Gen 2","capacity":500,"price_per_gb":null,"color":"Black"},{"name":"Samsung T5 Portable","price":null,"type":"Portable","interface":"USB Type-C 3.2 Gen 2","capacity":1000,"price_per_gb":null,"color":"Red"},{"name":"Samsung T5 Portable","price":null,"type":"Portable","interface":"USB Type-C 3.2 Gen 2","capacity":500,"price_per_gb":null,"color":"Red"},{"name":"Samsung T5 Portable","price":null,"type":"Portable","interface":"USB Type-C 3.2 Gen 2","capacity":500,"price_per_gb":null,"color":"Gold"},{"name":"Samsung T3 Portable","price":null,"type":"Portable","interface":"USB Type-C 3.2 Gen 1","capacity":1000,"price_per_gb":null,"color":null},{"name":"Samsung T3 Portable","price":null,"type":"Portable","interface":"USB Type-C 3.2 Gen 1","capacity":500,"price_per_gb":null,"color":null},{"name":"Samsung T3 Portable","price":null,"type":"Portable","interface":"USB Type-C 3.2 Gen 1","capacity":2000,"price_per_gb":null,"color":null},{"name":"Seagate One Touch","price":133.58,"type":"Portable","interface":"USB Type-A 3.2 Gen 2, USB Type-C 3.2 Gen 2","capacity":1000,"price_per_gb":0.134,"color":"Blue"},{"name":"Seagate One Touch","price":99,"type":"Portable","interface":"USB Type-A 3.2 Gen 2, USB Type-C 3.2 Gen 2","capacity":1000,"price_per_gb":0.099,"color":"Silver"},{"name":"Seagate One Touch","price":99.99,"type":"Portable","interface":"USB Type-A 3.2 Gen 2, USB Type-C 3.2 Gen 2","capacity":1000,"price_per_gb":0.1,"color":"Black"},{"name":"Seagate One Touch","price":null,"type":"Portable","interface":"USB Type-A 3.2 Gen 2, USB Type-C 3.2 Gen 2","capacity":500,"price_per_gb":null,"color":"Blue"},{"name":"Seagate One Touch","price":160.02,"type":"Portable","interface":"USB Type-A 3.2 Gen 2, USB Type-C 3.2 Gen 2","capacity":500,"price_per_gb":0.32,"color":"Silver"},{"name":"Seagate One Touch","price":null,"type":"Portable","interface":"USB Type-A 3.2 Gen 1","capacity":1000,"price_per_gb":null,"color":"Silver"},{"name":"Seagate One Touch","price":null,"type":"Portable","interface":"USB Type-A 3.2 Gen 1","capacity":1000,"price_per_gb":null,"color":"Blue"},{"name":"Seagate One Touch","price":null,"type":"Portable","interface":"USB Type-A 3.2 Gen 1","capacity":1000,"price_per_gb":null,"color":"Red"},{"name":"Seagate One Touch","price":109.99,"type":"Portable","interface":"USB Type-A 3.2 Gen 1","capacity":1000,"price_per_gb":0.11,"color":"Gray"},{"name":"Seagate One Touch","price":83.54,"type":"Portable","interface":"USB Type-A 3.2 Gen 1","capacity":2000,"price_per_gb":0.042,"color":"Blue"},{"name":"Seagate One Touch","price":null,"type":"Portable","interface":"USB Type-A 3.2 Gen 1","capacity":2000,"price_per_gb":null,"color":"Red"},{"name":"Seagate One Touch","price":149,"type":"Portable","interface":"USB Type-A 3.2 Gen 1","capacity":2000,"price_per_gb":0.074,"color":"Gray"},{"name":"Seagate One Touch","price":null,"type":"Portable","interface":"USB Type-A 3.2 Gen 1","capacity":4000,"price_per_gb":null,"color":"Red"},{"name":"Seagate One Touch","price":null,"type":"Portable","interface":"USB Type-A 3.2 Gen 1","capacity":4000,"price_per_gb":null,"color":"Gray"},{"name":"Seagate One Touch","price":null,"type":"Portable","interface":"USB Type-A 3.2 Gen 1","capacity":5000,"price_per_gb":null,"color":"Blue"},{"name":"Seagate One Touch","price":null,"type":"Portable","interface":"USB Type-A 3.2 Gen 1","capacity":5000,"price_per_gb":null,"color":"Gray"},{"name":"Crucial X8","price":null,"type":"Portable","interface":"USB Type-A 3.2 Gen 1, USB Type-C 3.2 Gen 2","capacity":500,"price_per_gb":null,"color":"Black"},{"name":"Silicon Power PC60","price":null,"type":"Portable","interface":"USB Type-C 3.2 Gen 2","capacity":4000,"price_per_gb":null,"color":"Black"},{"name":"Silicon Power PC60","price":null,"type":"Portable","interface":"USB Type-C 3.2 Gen 2","capacity":1920,"price_per_gb":null,"color":"Black"},{"name":"Silicon Power PC60","price":81.94,"type":"Portable","interface":"USB Type-C 3.2 Gen 2","capacity":1000,"price_per_gb":0.082,"color":"Black"},{"name":"Silicon Power PC60","price":138.97,"type":"Portable","interface":"USB Type-C 3.2 Gen 2","capacity":960,"price_per_gb":0.145,"color":"Black"},{"name":"Silicon Power Bolt B75 Pro","price":null,"type":"Portable","interface":"USB Type-C 3.2 Gen 2","capacity":512,"price_per_gb":null,"color":"Black"},{"name":"Silicon Power Bolt B75 Pro","price":null,"type":"Portable","interface":"USB Type-C 3.2 Gen 2","capacity":256,"price_per_gb":null,"color":"Black"},{"name":"Silicon Power Bolt B75","price":null,"type":"Portable","interface":"USB Type-C 3.2 Gen 1","capacity":4000,"price_per_gb":null,"color":"Silver"},{"name":"Silicon Power Bolt B75","price":null,"type":"Portable","interface":"USB Type-C 3.2 Gen 1","capacity":2000,"price_per_gb":null,"color":"Silver"},{"name":"Silicon Power Bolt B75","price":null,"type":"Portable","interface":"USB Type-C 3.2 Gen 1","capacity":1000,"price_per_gb":null,"color":"Silver"},{"name":"Silicon Power Bolt B75","price":222.69,"type":"Portable","interface":"USB Type-C 3.2 Gen 1","capacity":960,"price_per_gb":0.232,"color":"Silver"},{"name":"Silicon Power Bolt B75","price":null,"type":"Portable","interface":"USB Type-C 3.2 Gen 1","capacity":512,"price_per_gb":null,"color":"Silver"},{"name":"Silicon Power Bolt B75","price":null,"type":"Portable","interface":"USB Type-C 3.2 Gen 1","capacity":256,"price_per_gb":null,"color":"Silver"},{"name":"Silicon Power Bolt B75","price":null,"type":"Portable","interface":"USB Type-C 3.2 Gen 1","capacity":240,"price_per_gb":null,"color":"Silver"},{"name":"Silicon Power Bolt B75","price":null,"type":"Portable","interface":"USB Type-C 3.2 Gen 1","capacity":128,"price_per_gb":null,"color":"Silver"},{"name":"Silicon Power Bolt B75","price":null,"type":"Portable","interface":"USB Type-C 3.2 Gen 1","capacity":120,"price_per_gb":null,"color":"Silver"},{"name":"Silicon Power Stream S05","price":null,"type":"Portable","interface":"USB Type-A 3.2 Gen 1","capacity":5000,"price_per_gb":null,"color":"Black"},{"name":"Silicon Power Stream S05","price":null,"type":"Portable","interface":"USB Type-A 3.2 Gen 1","capacity":4000,"price_per_gb":null,"color":"Black"},{"name":"Silicon Power Stream S05","price":null,"type":"Portable","interface":"USB Type-A 3.2 Gen 1","capacity":2000,"price_per_gb":null,"color":"Black"},{"name":"Silicon Power Stream S05","price":null,"type":"Portable","interface":"USB Type-A 3.2 Gen 1","capacity":1000,"price_per_gb":null,"color":"Black"},{"name":"VisionTek 901196","price":null,"type":"Portable","interface":"USB Type-C","capacity":1000,"price_per_gb":null,"color":"Black"},{"name":"VisionTek 901377","price":null,"type":"Portable","interface":"USB Type-C","capacity":4000,"price_per_gb":null,"color":"Black"},{"name":"VisionTek 901378","price":null,"type":"Portable","interface":"USB Type-C","capacity":8000,"price_per_gb":null,"color":"Black"},{"name":"Apricorn Aegis Fortress L3","price":227.99,"type":"Portable","interface":"USB Type-A 3.2 Gen 1, USB Type-C 3.2 Gen 1","capacity":500,"price_per_gb":0.456,"color":"Black"},{"name":"Apricorn Aegis Fortress L3","price":null,"type":"Portable","interface":"USB Type-A 3.2 Gen 1, USB Type-C 3.2 Gen 1","capacity":1000,"price_per_gb":null,"color":"Black"},{"name":"Apricorn Aegis Fortress L3","price":295.47,"type":"Portable","interface":"USB Type-A 3.2 Gen 1, USB Type-C 3.2 Gen 1","capacity":2000,"price_per_gb":0.148,"color":"Black"},{"name":"Apricorn Aegis Fortress L3","price":394.34,"type":"Portable","interface":"USB Type-A 3.2 Gen 1, USB Type-C 3.2 Gen 1","capacity":4000,"price_per_gb":0.099,"color":"Black"},{"name":"Apricorn Aegis Fortress L3","price":428.04,"type":"Portable","interface":"USB Type-A 3.2 Gen 1, USB Type-C 3.2 Gen 1","capacity":1000,"price_per_gb":0.428,"color":"Black"},{"name":"Apricorn NVX","price":317.75,"type":"Portable","interface":"USB Type-C 3.2 Gen 2","capacity":500,"price_per_gb":0.635,"color":"Black"},{"name":"Apricorn NVX","price":529.99,"type":"Portable","interface":"USB Type-C 3.2 Gen 2","capacity":1000,"price_per_gb":0.53,"color":"Black"},{"name":"Apricorn NVX","price":631.47,"type":"Portable","interface":"USB Type-C 3.2 Gen 2","capacity":2000,"price_per_gb":0.316,"color":"Black"},{"name":"Apricorn Aegis Fortress","price":198.56,"type":"Portable","interface":"USB Type-A 3.2 Gen 1","capacity":256,"price_per_gb":0.776,"color":"Black"},{"name":"Apricorn Aegis Fortress","price":769,"type":"Portable","interface":"USB Type-A 3.2 Gen 1","capacity":2000,"price_per_gb":0.385,"color":"Black"},{"name":"Apricorn Aegis Padlock 3.0","price":182.99,"type":"Portable","interface":"USB Type-A 3.2 Gen 1","capacity":1000,"price_per_gb":0.183,"color":"Black"},{"name":"Apricorn Aegis Padlock 3.0","price":216.99,"type":"Portable","interface":"USB Type-A 3.2 Gen 1","capacity":2000,"price_per_gb":0.108,"color":"Black"},{"name":"Apricorn Aegis Padlock 3.0","price":289,"type":"Portable","interface":"USB Type-A 3.2 Gen 1","capacity":512,"price_per_gb":0.564,"color":"Black"},{"name":"Apricorn Aegis Padlock 3.0","price":null,"type":"Portable","interface":"USB Type-A 3.2 Gen 1","capacity":1000,"price_per_gb":null,"color":"Black"},{"name":"Apricorn Aegis Padlock 3.0","price":724.95,"type":"Portable","interface":"USB Type-A 3.2 Gen 1","capacity":2000,"price_per_gb":0.362,"color":"Black"},{"name":"Apricorn Aegis Padlock 3.0","price":1267.5,"type":"Portable","interface":"USB Type-A 3.2 Gen 1","capacity":4000,"price_per_gb":0.317,"color":"Black"},{"name":"Apricorn Padlock SSD","price":458.76,"type":"Portable","interface":"USB Type-A 3.2 Gen 1","capacity":1000,"price_per_gb":0.459,"color":"Black"},{"name":"Apricorn Padlock SSD","price":604.99,"type":"Portable","interface":"USB Type-A 3.2 Gen 1","capacity":2000,"price_per_gb":0.302,"color":"Black"},{"name":"Sabrent Rocket Nano","price":null,"type":"Portable","interface":"USB Type-C 3.2 Gen 2","capacity":512,"price_per_gb":null,"color":"Silver"},{"name":"Sabrent Rocket Nano","price":null,"type":"Portable","interface":"USB Type-C 3.2 Gen 2","capacity":512,"price_per_gb":null,"color":"Black"},{"name":"Sabrent Rocket Nano","price":109.99,"type":"Portable","interface":"USB Type-C 3.2 Gen 2","capacity":512,"price_per_gb":0.215,"color":"Gold"},{"name":"Sabrent Rocket Nano","price":119.15,"type":"Portable","interface":"USB Type-C 3.2 Gen 2","capacity":512,"price_per_gb":0.233,"color":"Blue"},{"name":"Sabrent Rocket Nano","price":109.99,"type":"Portable","interface":"USB Type-C 3.2 Gen 2","capacity":512,"price_per_gb":0.215,"color":"Red"},{"name":"Sabrent Rocket Nano","price":null,"type":"Portable","interface":"USB Type-C 3.2 Gen 2","capacity":1000,"price_per_gb":null,"color":"Blue"},{"name":"Sabrent Rocket Nano","price":169.99,"type":"Portable","interface":"USB Type-C 3.2 Gen 2","capacity":1000,"price_per_gb":0.17,"color":"Red"},{"name":"Sabrent Rocket Nano","price":null,"type":"Portable","interface":"USB Type-C 3.2 Gen 2","capacity":2000,"price_per_gb":null,"color":"Black"},{"name":"Sabrent Rocket Nano","price":245.03,"type":"Portable","interface":"USB Type-C 3.2 Gen 2","capacity":2000,"price_per_gb":0.123,"color":"Gold"},{"name":"Sabrent Rocket Nano","price":263.48,"type":"Portable","interface":"USB Type-C 3.2 Gen 2","capacity":2000,"price_per_gb":0.132,"color":"Blue"},{"name":"Sabrent Rocket Nano","price":306.5,"type":"Portable","interface":"USB Type-C 3.2 Gen 2","capacity":2000,"price_per_gb":0.153,"color":"Red"},{"name":"Sabrent Rocket Nano Rugged","price":143.35,"type":"Portable","interface":"USB Type-C 3.2 Gen 2","capacity":512,"price_per_gb":0.28,"color":"Silver"},{"name":"Sabrent Rocket XTRM-Q","price":null,"type":"Portable","interface":"USB Type-C 3.2 Gen 2","capacity":500,"price_per_gb":null,"color":"Black"},{"name":"Sabrent Rocket XTRM-Q","price":null,"type":"Portable","interface":"USB Type-C 3.2 Gen 2","capacity":2000,"price_per_gb":null,"color":"Black"},{"name":"Sabrent Rocket Pro","price":199.99,"type":"Portable","interface":"USB Type-C 3.2 Gen 2","capacity":1000,"price_per_gb":0.2,"color":"Silver"},{"name":"Sabrent Rocket Pro","price":null,"type":"Portable","interface":"USB Type-C 3.2 Gen 2","capacity":2000,"price_per_gb":null,"color":"Silver"},{"name":"Sabrent Rocket Pro","price":null,"type":"Portable","interface":"USB Type-C 3.2 Gen 2","capacity":4000,"price_per_gb":null,"color":"Silver"},{"name":"Sabrent Rocket nano XTRM","price":169.99,"type":"Portable","interface":"USB Type-C 3.2 Gen 2","capacity":1000,"price_per_gb":0.17,"color":"Black"},{"name":"TEAMGROUP PD20M Mag","price":164.99,"type":"Portable","interface":"USB Type-C 3.2 Gen 2","capacity":2000,"price_per_gb":0.082,"color":"Black"},{"name":"Lexar SL210","price":null,"type":"Portable","interface":"USB Type-C 3.2 Gen 1","capacity":500,"price_per_gb":null,"color":"Black"},{"name":"Lexar SL210","price":null,"type":"Portable","interface":"USB Type-C 3.2 Gen 1","capacity":1000,"price_per_gb":null,"color":"Black"},{"name":"Lexar SL210","price":null,"type":"Portable","interface":"USB Type-C 3.2 Gen 1","capacity":2000,"price_per_gb":null,"color":"Black"},{"name":"Lexar Professional SL600","price":184.99,"type":"Portable","interface":"USB Type-C 3.2 Gen 2x2","capacity":2000,"price_per_gb":0.092,"color":"Black"},{"name":"Lexar Professional SL600","price":null,"type":"Portable","interface":"USB Type-C 3.2 Gen 2x2","capacity":512,"price_per_gb":null,"color":"Black"},{"name":"Lexar SL500","price":null,"type":"Portable","interface":"USB Type-C 3.2 Gen 2x2","capacity":4000,"price_per_gb":null,"color":"Black"},{"name":"Lexar SL500","price":174.26,"type":"Portable","interface":"USB Type-C 3.2 Gen 2x2","capacity":2000,"price_per_gb":0.087,"color":"Black"},{"name":"Lexar SL500","price":115.25,"type":"Portable","interface":"USB Type-C 3.2 Gen 2x2","capacity":1000,"price_per_gb":0.115,"color":"Black"},{"name":"Lexar SL500","price":null,"type":"Portable","interface":"USB Type-C 3.2 Gen 2x2","capacity":512,"price_per_gb":null,"color":"Black"},{"name":"TEAMGROUP T-Create CinemaPr P31","price":null,"type":"Portable","interface":"USB Type-C 3.2 Gen 2x2","capacity":4000,"price_per_gb":null,"color":"Black"},{"name":"TEAMGROUP T-Create CinemaPr P31","price":null,"type":"Portable","interface":"USB Type-C 3.2 Gen 2x2","capacity":2000,"price_per_gb":null,"color":"Black"},{"name":"TEAMGROUP T-Create CinemaPr P31","price":null,"type":"Portable","interface":"USB Type-C 3.2 Gen 2x2","capacity":1000,"price_per_gb":null,"color":"Black"},{"name":"TEAMGROUP T-Create CinemaPr P31","price":null,"type":"Portable","interface":"USB Type-C 3.2 Gen 2x2","capacity":1000,"price_per_gb":null,"color":"Gray"},{"name":"TEAMGROUP T-Create CinemaPr P31","price":null,"type":"Portable","interface":"USB Type-C 3.2 Gen 2x2","capacity":2000,"price_per_gb":null,"color":"Gray"}]