[{"name":"NZXT Sentry Mix 2","price":199.95,"channels":6,"channel_wattage":30,"pwm":true,"form_factor":5.25,"color":null},{"name":"Thermaltake Commander FT","price":44.91,"channels":5,"channel_wattage":10,"pwm":true,"form_factor":5.25,"color":null},{"name":"Kingwin FPX-001","price":15.99,"channels":4,"channel_wattage":8,"pwm":false,"form_factor":3.5,"color":null},{"name":"NZXT SENTRY 3","price":null,"channels":5,"channel_wattage":15,"pwm":true,"form_factor":5.25,"color":null},{"name":"Thermaltake Commander F6 RGB","price":null,"channels":6,"channel_wattage":0.03,"pwm":true,"form_factor":5.25,"color":"Black"},{"name":"Lamptron FC-CF525-BK","price":null,"channels":5,"channel_wattage":60,"pwm":true,"form_factor":5.25,"color":null},{"name":"Lamptron FC-FC5V2-B","price":69.95,"channels":4,"channel_wattage":30,"pwm":false,"form_factor":5.25,"color":null},{"name":"NZXT Sentry 2","price":null,"channels":5,"channel_wattage":10,"pwm":false,"form_factor":5.25,"color":null},{"name":"Thermaltake AC-001-BN1NAN-A1","price":null,"channels":5,"channel_wattage":8,"pwm":true,"form_factor":5.25,"color":null},{"name":"Lamptron FC6","price":null,"channels":4,"channel_wattage":10,"pwm":true,"form_factor":5.25,"color":null},{"name":"Deepcool ROCK MASTER V3.0","price":null,"channels":4,"channel_wattage":10,"pwm":true,"form_factor":5.25,"color":null},{"name":"NZXT Sentry LX","price":null,"channels":5,"channel_wattage":6,"pwm":false,"form_factor":[2,5.25],"color":null},{"name":"Aerocool CoolTouch-R Black","price":null,"channels":4,"channel_wattage":20,"pwm":true,"form_factor":5.25,"color":null},{"name":"Lamptron FC2","price":null,"channels":6,"channel_wattage":45,"pwm":true,"form_factor":5.25,"color":null},{"name":"Lamptron FC Touch","price":null,"channels":6,"channel_wattage":30,"pwm":true,"form_factor":5.25,"color":null},{"name":"BitFenix Recon (White)","price":null,"channels":5,"channel_wattage":10,"pwm":true,"form_factor":5.25,"color":null},{"name":"Lamptron FC-FC5V3-BK","price":null,"channels":6,"channel_wattage":30,"pwm":true,"form_factor":5.25,"color":null},{"name":"Kingwin FPX-005","price":null,"channels":5,"channel_wattage":8,"pwm":true,"form_factor":5.25,"color":null},{"name":"Aerocool Touch 2000","price":null,"channels":4,"channel_wattage":6,"pwm":false,"form_factor":[2,5.25],"color":null},{"name":"BitFenix Recon (Black)","price":null,"channels":5,"channel_wattage":10,"pwm":true,"form_factor":5.25,"color":null},{"name":"Lamptron FC9","price":null,"channels":4,"channel_wattage":50,"pwm":true,"form_factor":5.25,"color":null},{"name":"Kingwin FPX-003","price":null,"channels":4,"channel_wattage":8,"pwm":false,"form_factor":5.25,"color":null},{"name":"Aerocool Strike-X-X1000","price":null,"channels":5,"channel_wattage":25,"pwm":false,"form_factor":5.25,"color":null},{"name":"Scythe Kaze Master Flat II","price":null,"channels":4,"channel_wattage":36,"pwm":false,"form_factor":5.25,"color":"Black"},{"name":"NZXT Sentry Mesh","price":null,"channels":5,"channel_wattage":30,"pwm":false,"form_factor":5.25,"color":null},{"name":"Aerocool F6XT","price":null,"channels":6,"channel_wattage":12,"pwm":true,"form_factor":5.25,"color":null},{"name":"Lamptron Fanatic","price":null,"channels":5,"channel_wattage":60,"pwm":true,"form_factor":5.25,"color":null},{"name":"Lamptron FC-CM615-BK","price":null,"channels":6,"channel_wattage":15,"pwm":false,"form_factor":5.25,"color":null},{"name":"Lamptron FC-FANATIC-B","price":null,"channels":5,"channel_wattage":60,"pwm":true,"form_factor":5.25,"color":null},{"name":"Aerocool Touch 2100","price":null,"channels":5,"channel_wattage":25,"pwm":false,"form_factor":[2,5.25],"color":null},{"name":"Aerocool X-Vision","price":null,"channels":5,"channel_wattage":0.008,"pwm":false,"form_factor":5.25,"color":"Black"},{"name":"Silverstone FP59B","price":null,"channels":1,"channel_wattage":null,"pwm":false,"form_factor":5.25,"color":"Black"},{"name":"Aerocool Touch-1000","price":null,"channels":4,"channel_wattage":null,"pwm":false,"form_factor":5.25,"color":null},{"name":"Aerocool V12XT","price":null,"channels":4,"channel_wattage":6,"pwm":false,"form_factor":[2,5.25],"color":null},{"name":"Gelid Solutions SpeedTouch6","price":null,"channels":6,"channel_wattage":30,"pwm":true,"form_factor":5.25,"color":null},{"name":"Lamptron CW611-B","price":null,"channels":6,"channel_wattage":36,"pwm":false,"form_factor":5.25,"color":null},{"name":"Lamptron FC-FC2-B","price":null,"channels":6,"channel_wattage":45,"pwm":false,"form_factor":5.25,"color":null}]