[{"name":"ARCTIC Case Fan Hub","price":9.99,"channels":10,"channel_wattage":null,"pwm":true,"form_factor":null,"color":"Black"},{"name":"Lian Li UNI HUB – SL Controller","price":null,"channels":4,"channel_wattage":null,"pwm":true,"form_factor":null,"color":"Black"},{"name":"NZXT RGB & Fan Controller (2022)","price":34.99,"channels":3,"channel_wattage":36,"pwm":true,"form_factor":null,"color":"Black"},{"name":"Thermalright TL-FAN and ARGB HUB x8","price":null,"channels":4,"channel_wattage":null,"pwm":true,"form_factor":null,"color":"Black"},{"name":"Noctua NA-FH1","price":43.76,"channels":8,"channel_wattage":6,"pwm":true,"form_factor":null,"color":"Black"},{"name":"Razer RZ34-02140700-R3M1","price":49.99,"channels":8,"channel_wattage":null,"pwm":true,"form_factor":null,"color":"Black"},{"name":"Thermalright TL-FAN-HUB-Controller","price":10.59,"channels":4,"channel_wattage":null,"pwm":true,"form_factor":null,"color":"Black"},{"name":"Noctua NV-FH2","price":49.95,"channels":8,"channel_wattage":null,"pwm":true,"form_factor":null,"color":"Black"},{"name":"Thermalright TL-FAN-HUB Controller Rev.A","price":null,"channels":10,"channel_wattage":null,"pwm":true,"form_factor":null,"color":"Black"},{"name":"Deepcool FH-04","price":null,"channels":4,"channel_wattage":null,"pwm":true,"form_factor":null,"color":"Black"},{"name":"Deepcool FH-10","price":null,"channels":10,"channel_wattage":null,"pwm":true,"form_factor":null,"color":"Black"},{"name":"EZDIY-FAB US-PWM fan hub","price":null,"channels":10,"channel_wattage":null,"pwm":true,"form_factor":null,"color":"Black"},{"name":"Thermalright TL-FAN HUB X4","price":null,"channels":4,"channel_wattage":null,"pwm":true,"form_factor":null,"color":"Black"},{"name":"Deepcool SC790","price":null,"channels":6,"channel_wattage":null,"pwm":false,"form_factor":null,"color":"Black"},{"name":"Thermaltake Commander FT","price":54.98,"channels":5,"channel_wattage":10,"pwm":true,"form_factor":5.25,"color":null},{"name":"EZDIY-FAB US-12V 5V fan hub-16P","price":23.99,"channels":8,"channel_wattage":null,"pwm":true,"form_factor":null,"color":"Black"},{"name":"Silverstone FP59B","price":null,"channels":1,"channel_wattage":null,"pwm":false,"form_factor":5.25,"color":"Black"},{"name":"NZXT Sentry 2","price":null,"channels":5,"channel_wattage":10,"pwm":false,"form_factor":5.25,"color":null},{"name":"Thermaltake AC-001-BN1NAN-A1","price":null,"channels":5,"channel_wattage":8,"pwm":true,"form_factor":5.25,"color":null},{"name":"NZXT SENTRY 3","price":null,"channels":5,"channel_wattage":15,"pwm":true,"form_factor":5.25,"color":null},{"name":"Thermaltake Commander F6 RGB","price":null,"channels":6,"channel_wattage":0.03,"pwm":true,"form_factor":5.25,"color":"Black"},{"name":"Kingwin FPX-001","price":15.99,"channels":4,"channel_wattage":8,"pwm":false,"form_factor":3.5,"color":null},{"name":"Lamptron FC-CF525-BK","price":null,"channels":5,"channel_wattage":60,"pwm":true,"form_factor":5.25,"color":null},{"name":"NZXT Sentry Mix 2","price":null,"channels":6,"channel_wattage":30,"pwm":true,"form_factor":5.25,"color":null},{"name":"Lamptron FC2","price":null,"channels":6,"channel_wattage":45,"pwm":true,"form_factor":5.25,"color":null},{"name":"NZXT Sentry LX","price":null,"channels":5,"channel_wattage":6,"pwm":false,"form_factor":[2,5.25],"color":null},{"name":"Aerocool Touch 2000","price":null,"channels":4,"channel_wattage":6,"pwm":false,"form_factor":[2,5.25],"color":null},{"name":"Lamptron Fanatic","price":null,"channels":5,"channel_wattage":60,"pwm":true,"form_factor":5.25,"color":null},{"name":"Lamptron FC6","price":null,"channels":4,"channel_wattage":10,"pwm":true,"form_factor":5.25,"color":null},{"name":"Kingwin FPX-003","price":null,"channels":4,"channel_wattage":8,"pwm":false,"form_factor":5.25,"color":null},{"name":"Aerocool F6XT","price":null,"channels":6,"channel_wattage":12,"pwm":true,"form_factor":5.25,"color":null},{"name":"BitFenix Recon (Black)","price":null,"channels":5,"channel_wattage":10,"pwm":true,"form_factor":5.25,"color":null},{"name":"Gelid Solutions SpeedTouch6","price":null,"channels":6,"channel_wattage":30,"pwm":true,"form_factor":5.25,"color":null},{"name":"Lamptron FC Touch","price":null,"channels":6,"channel_wattage":30,"pwm":true,"form_factor":5.25,"color":null},{"name":"Lamptron FC-FC5V2-B","price":null,"channels":4,"channel_wattage":30,"pwm":false,"form_factor":5.25,"color":null},{"name":"Lamptron FC-FC5V3-BK","price":null,"channels":6,"channel_wattage":30,"pwm":true,"form_factor":5.25,"color":null},{"name":"Aerocool Touch 2100","price":null,"channels":5,"channel_wattage":25,"pwm":false,"form_factor":[2,5.25],"color":null},{"name":"Aerocool X-Vision","price":null,"channels":5,"channel_wattage":0.008,"pwm":false,"form_factor":5.25,"color":"Black"},{"name":"Aerocool CoolTouch E","price":null,"channels":4,"channel_wattage":20,"pwm":true,"form_factor":5.25,"color":"Black"},{"name":"Aerocool CoolTouch E","price":null,"channels":4,"channel_wattage":20,"pwm":true,"form_factor":5.25,"color":"White"},{"name":"NZXT Sentry Mesh","price":null,"channels":5,"channel_wattage":30,"pwm":false,"form_factor":5.25,"color":null},{"name":"Aerocool CoolTouch-R Black","price":null,"channels":4,"channel_wattage":20,"pwm":true,"form_factor":5.25,"color":null},{"name":"Aerocool Touch-1000","price":null,"channels":4,"channel_wattage":null,"pwm":false,"form_factor":5.25,"color":null},{"name":"Aerocool V12XT","price":null,"channels":4,"channel_wattage":6,"pwm":false,"form_factor":[2,5.25],"color":null},{"name":"BitFenix Recon (White)","price":null,"channels":5,"channel_wattage":10,"pwm":true,"form_factor":5.25,"color":null},{"name":"Lamptron FC9","price":null,"channels":4,"channel_wattage":50,"pwm":true,"form_factor":5.25,"color":null},{"name":"Lamptron CW611-B","price":null,"channels":6,"channel_wattage":36,"pwm":false,"form_factor":5.25,"color":null},{"name":"Lamptron FC-FC2-B","price":null,"channels":6,"channel_wattage":45,"pwm":false,"form_factor":5.25,"color":null},{"name":"Lamptron FC-CM615-BK","price":null,"channels":6,"channel_wattage":15,"pwm":false,"form_factor":5.25,"color":null},{"name":"Lamptron FC-FANATIC-B","price":null,"channels":5,"channel_wattage":60,"pwm":true,"form_factor":5.25,"color":null},{"name":"Aerocool Strike-X-X1000","price":null,"channels":5,"channel_wattage":25,"pwm":false,"form_factor":5.25,"color":null},{"name":"Deepcool ROCK MASTER V3.0","price":null,"channels":4,"channel_wattage":10,"pwm":true,"form_factor":5.25,"color":null},{"name":"Kingwin FPX-005","price":null,"channels":5,"channel_wattage":8,"pwm":true,"form_factor":5.25,"color":null},{"name":"Scythe Kaze Master Flat II","price":null,"channels":4,"channel_wattage":36,"pwm":false,"form_factor":5.25,"color":"Black"}]