[{"name":"LG WH14NS40","price":69.98,"bd":12,"dvd":16,"cd":48,"bd_write":"14/12/2/2","dvd_write":"16/8/8/16/6/8/5","cd_write":"48/24"},{"name":"Asus DRW-24B1ST/BLK/B/AS","price":24.99,"bd":null,"dvd":16,"cd":48,"bd_write":null,"dvd_write":"24/8/12/24/6/12/12","cd_write":"48/32"},{"name":"LG WH16NS40","price":64.98,"bd":12,"dvd":16,"cd":48,"bd_write":"16/12/2/2","dvd_write":"16/8/8/16/6/8/5","cd_write":"48/24"},{"name":"LG BH16NS55.AUAR10B","price":193,"bd":null,"dvd":null,"cd":40,"bd_write":"8/8/8/6","dvd_write":"16/12/12/16/12/12/5","cd_write":"48/40"},{"name":"Asus BC-12D2HT","price":95.79,"bd":null,"dvd":null,"cd":null,"bd_write":"12/8/8/6","dvd_write":"16/8/8/6/12/8/5","cd_write":"48/24"},{"name":"Asus DRW-24F1ST","price":21.99,"bd":null,"dvd":16,"cd":48,"bd_write":null,"dvd_write":"24/8/8/24/6/8/5","cd_write":"48/24"},{"name":"Asus BW-16D1HT","price":99.99,"bd":12,"dvd":16,"cd":48,"bd_write":"16/12/2/2","dvd_write":"16/8/8/16/6/8/5","cd_write":"48/24"},{"name":"Pioneer BDR-2209","price":109.99,"bd":12,"dvd":16,"cd":40,"bd_write":"16/14/2/2","dvd_write":"16/6/8/16/6/8/5","cd_write":"40/24"},{"name":"Lite-On iHAS124-14","price":24,"bd":null,"dvd":16,"cd":48,"bd_write":null,"dvd_write":"24/8/8/24/6/8/5","cd_write":"48/24"},{"name":"LG GH24NSD5","price":33.64,"bd":null,"dvd":16,"cd":48,"bd_write":null,"dvd_write":"24/8/12/8/6/12/12","cd_write":"48/24"},{"name":"Pioneer BDR-212DBK","price":74.95,"bd":null,"dvd":null,"cd":null,"bd_write":"16/14/2/2","dvd_write":"16/8/8/16/6/8/5","cd_write":"40/24"},{"name":"Asus DRW-24D5MT","price":39.27,"bd":null,"dvd":16,"cd":48,"bd_write":null,"dvd_write":"16/13/12/16/8/12/5","cd_write":"48/40"},{"name":"Pioneer BDR-209DBK","price":99.99,"bd":12,"dvd":16,"cd":40,"bd_write":"16/14/2/2","dvd_write":"16/8/8/16/6/8/-","cd_write":"40/24"},{"name":"Panasonic UJ-265","price":122.02,"bd":6,"dvd":8,"cd":24,"bd_write":"6/6/-/-","dvd_write":"8/8/6/8/8/6/-","cd_write":"24/16"},{"name":"LG GH24NSC0","price":25.49,"bd":null,"dvd":16,"cd":48,"bd_write":null,"dvd_write":"24/8/8/24/6/8/5","cd_write":"48/24"},{"name":"Lite-On IHBS312-98","price":189.99,"bd":8,"dvd":16,"cd":48,"bd_write":"12/8/2/2","dvd_write":"16/8/8/16/6/8/12","cd_write":"48/24"},{"name":"Pioneer BDR-211UBK","price":null,"bd":12,"dvd":16,"cd":40,"bd_write":"16/14/2/2","dvd_write":"16/8/8/16/6/8/5","cd_write":"40/24"},{"name":"LG BH16NS40","price":74.98,"bd":12,"dvd":16,"cd":48,"bd_write":"16/12/2/-","dvd_write":"16/8/8/16/6/8/5","cd_write":"48/24"},{"name":"LG BU40N","price":83.46,"bd":null,"dvd":null,"cd":null,"bd_write":"6/6/2/6","dvd_write":"8/8/6/8/6/6/5","cd_write":"24/16"},{"name":"Sony DDU1681S-0B","price":79,"bd":null,"dvd":18,"cd":48,"bd_write":null,"dvd_write":null,"cd_write":null},{"name":"LG WH16NS60","price":null,"bd":null,"dvd":null,"cd":null,"bd_write":"16/12/-/-","dvd_write":"-/-/-/-/-/-/5","cd_write":"48/24"},{"name":"LG GH24NSD1","price":null,"bd":null,"dvd":16,"cd":48,"bd_write":null,"dvd_write":"24/8/16/24/6/12/12","cd_write":"48/32"},{"name":"Asus DRW-24B3ST/BLK/G/AS","price":24.99,"bd":null,"dvd":16,"cd":48,"bd_write":null,"dvd_write":"24/8/12/24/6/12/12","cd_write":"48/24"},{"name":"LG GH24NSC0B","price":25.49,"bd":null,"dvd":16,"cd":48,"bd_write":null,"dvd_write":"24/8/8/24/6/8/5","cd_write":"48/24"},{"name":"Silverstone TOB04","price":150.07,"bd":6,"dvd":8,"cd":24,"bd_write":"6/6/6/4","dvd_write":"8/8/8/8/8/8/8","cd_write":"24/24"},{"name":"Samsung SN-208DB/BEBE","price":99.99,"bd":null,"dvd":8,"cd":24,"bd_write":null,"dvd_write":"8/8/6/8/6/6/5","cd_write":"24/24"},{"name":"Asus SDRW-08U1MT","price":32.43,"bd":null,"dvd":null,"cd":24,"bd_write":null,"dvd_write":"8/8/6/8/6/6/5","cd_write":"24/24"},{"name":"Asus BC-12B1ST/BLK/B/AS","price":null,"bd":12,"dvd":16,"cd":48,"bd_write":null,"dvd_write":"16/8/8/16/6/8/12","cd_write":"48/24"},{"name":"Samsung SH-224DB/BEBE","price":null,"bd":null,"dvd":16,"cd":48,"bd_write":null,"dvd_write":"24/8/8/24/6/8/12","cd_write":"48/24"},{"name":"LG GH24NSB0","price":43.99,"bd":null,"dvd":16,"cd":48,"bd_write":null,"dvd_write":"24/8/8/24/6/8/5","cd_write":"48/24"},{"name":"Supermicro DVM-TEAC-824B","price":99.99,"bd":null,"dvd":8,"cd":24,"bd_write":null,"dvd_write":null,"cd_write":null},{"name":"Asus BW-12B1ST/BLK/G/AS","price":null,"bd":8,"dvd":16,"cd":48,"bd_write":"12/4/2/2","dvd_write":"16/8/8/16/6/8/12","cd_write":"48/24"},{"name":"Plextor PX-891SAF","price":26.99,"bd":null,"dvd":16,"cd":48,"bd_write":null,"dvd_write":"24/8/12/24/6/12/12","cd_write":"48/32"},{"name":"Asus DVDE818A7T/BLK/B/GEN","price":null,"bd":null,"dvd":18,"cd":48,"bd_write":null,"dvd_write":"16/10/8/16/10/8/5","cd_write":null},{"name":"LG BH10LS30","price":null,"bd":6,"dvd":16,"cd":48,"bd_write":"10/8/8/6","dvd_write":"16/8/8/16/8/8/12","cd_write":"48/24"},{"name":"LG UH12NS30","price":null,"bd":12,"dvd":16,"cd":null,"bd_write":null,"dvd_write":"16/8/8/16/6/8/5","cd_write":"48/24"},{"name":"Sony BD-5300S","price":null,"bd":8,"dvd":16,"cd":48,"bd_write":"12/8/2/2","dvd_write":"16/8/8/16/6/8/12","cd_write":"48/24"},{"name":"LG GH24NS90","price":null,"bd":null,"dvd":16,"cd":48,"bd_write":null,"dvd_write":"24/8/8/24/6/8/12","cd_write":"48/32"},{"name":"Lite-On IHAS324-98","price":39.75,"bd":null,"dvd":16,"cd":48,"bd_write":null,"dvd_write":"24/8/-/24/6/-/-","cd_write":"48/32"},{"name":"Silverstone SOB03","price":null,"bd":6,"dvd":8,"cd":24,"bd_write":"6/6/2/2","dvd_write":"8/8/4/8/6/4/5","cd_write":"24/10"},{"name":"Gear Head 24XDVDINTLS","price":null,"bd":null,"dvd":null,"cd":null,"bd_write":null,"dvd_write":"24/8/12/24/-/12/12","cd_write":null},{"name":"Lenovo 0A65618","price":null,"bd":null,"dvd":null,"cd":null,"bd_write":null,"dvd_write":"16/12/12/16/12/12/12","cd_write":"48/40"},{"name":"LG GH22NP21","price":null,"bd":null,"dvd":16,"cd":48,"bd_write":null,"dvd_write":"22/8/16/22/6/12/12","cd_write":"48/32"},{"name":"LG BH12LS38","price":null,"bd":12,"dvd":16,"cd":48,"bd_write":"12/12/2/2","dvd_write":"16/8/8/16/6/8/12","cd_write":"48/24"},{"name":"LG GS40N","price":null,"bd":null,"dvd":8,"cd":24,"bd_write":null,"dvd_write":"8/8/6/8/6/6/5","cd_write":"24/16"},{"name":"Sony AD-7280S-0B","price":null,"bd":null,"dvd":16,"cd":48,"bd_write":null,"dvd_write":"24/8/12/24/6/12/12","cd_write":"48/32"},{"name":"LG GH24NSB0B","price":46.89,"bd":null,"dvd":16,"cd":48,"bd_write":null,"dvd_write":"24/8/8/24/6/8/5","cd_write":"48/24"},{"name":"HP QS208AA","price":66,"bd":null,"dvd":16,"cd":48,"bd_write":null,"dvd_write":"16/8/8/-/6/8/-","cd_write":"48/32"},{"name":"Lite-On iHAS124-04","price":null,"bd":null,"dvd":16,"cd":48,"bd_write":null,"dvd_write":"24/8/8/24/6/-/12","cd_write":"48/32"},{"name":"LG BH14NS40","price":null,"bd":12,"dvd":16,"cd":48,"bd_write":"14/12/2/2","dvd_write":"16/8/8/16/6/8/5","cd_write":"48/24"},{"name":"Lite-On DH-16AFSH","price":null,"bd":null,"dvd":null,"cd":null,"bd_write":null,"dvd_write":"16/8/8/16/6/8/-","cd_write":"48/24"},{"name":"LG GTB0N","price":43.81,"bd":null,"dvd":8,"cd":24,"bd_write":null,"dvd_write":"8/6/6/8/6/6/5","cd_write":"24/24"},{"name":"Samsung SN-208FB/BEBE","price":44.46,"bd":null,"dvd":8,"cd":24,"bd_write":null,"dvd_write":"8/8/6/8/6/6/5","cd_write":"24/-"},{"name":"HP 624192-B21","price":null,"bd":null,"dvd":null,"cd":null,"bd_write":null,"dvd_write":"16/8/8/16/6/8/5","cd_write":"40/24"},{"name":"HP DVD1265I","price":null,"bd":null,"dvd":16,"cd":48,"bd_write":null,"dvd_write":"24/8/12/24/6/12/-","cd_write":"48/32"},{"name":"LG GH22NS50 Bulk","price":null,"bd":null,"dvd":16,"cd":48,"bd_write":null,"dvd_write":"22/8/-/22/8/-/12","cd_write":"48/32"},{"name":"LG CH12LS28","price":null,"bd":10,"dvd":16,"cd":48,"bd_write":null,"dvd_write":"16/8/8/16/6/8/12","cd_write":"48/24"},{"name":"LG UH12NS29","price":null,"bd":10,"dvd":16,"cd":48,"bd_write":null,"dvd_write":"16/8/8/16/6/8/12","cd_write":"48/24"},{"name":"MSI DH-24AS U88","price":null,"bd":null,"dvd":16,"cd":48,"bd_write":null,"dvd_write":"24/8/-/24/8/-/-","cd_write":"48/32"},{"name":"Asus DVD-E818AAT/BLK/B/GEN","price":null,"bd":null,"dvd":18,"cd":48,"bd_write":null,"dvd_write":null,"cd_write":null},{"name":"Samsung SH-224DB/RSBS","price":null,"bd":null,"dvd":16,"cd":48,"bd_write":null,"dvd_write":"24/8/8/24/6/8/5","cd_write":"48/24"},{"name":"LG GGC-H20L","price":null,"bd":6,"dvd":16,"cd":40,"bd_write":null,"dvd_write":null,"cd_write":null},{"name":"Lite-On IHBS112-04","price":null,"bd":8,"dvd":16,"cd":48,"bd_write":"12/8/2/2","dvd_write":"16/8/8/16/6/8/12","cd_write":"48/48"},{"name":"Pioneer DVR-118LBK","price":null,"bd":null,"dvd":22,"cd":40,"bd_write":null,"dvd_write":"22/8/12/22/6/12/12","cd_write":"40/32"},{"name":"HP 481041-B21","price":null,"bd":null,"dvd":8,"cd":24,"bd_write":null,"dvd_write":null,"cd_write":null},{"name":"Samsung SH-B123L/RSBP","price":null,"bd":12,"dvd":16,"cd":48,"bd_write":null,"dvd_write":"16/8/8/16/16/8/12","cd_write":"48/24"},{"name":"Samsung SH-222BB/BEBE","price":null,"bd":null,"dvd":16,"cd":48,"bd_write":null,"dvd_write":"22/8/8/22/6/8/12","cd_write":"48/24"},{"name":"Pioneer BDC-207DBK","price":null,"bd":8,"dvd":16,"cd":40,"bd_write":null,"dvd_write":"16/8/8/16/6/8/5","cd_write":"40/24"},{"name":"LG BH12LS35","price":null,"bd":null,"dvd":null,"cd":null,"bd_write":"12/12/2/2","dvd_write":"16/12/12/16/12/12/12","cd_write":"48/24"},{"name":"Samsung SH-S223C","price":null,"bd":null,"dvd":16,"cd":48,"bd_write":null,"dvd_write":"22/8/16/22/6/12/12","cd_write":"48/32"},{"name":"Sony BD-5300S-0B","price":null,"bd":8,"dvd":16,"cd":48,"bd_write":"12/8/2/2","dvd_write":"8/8/6/8/6/6/5","cd_write":"24/16"},{"name":"Lite-On iHDS118-04","price":null,"bd":null,"dvd":18,"cd":48,"bd_write":null,"dvd_write":null,"cd_write":null},{"name":"Samsung TS-HB43L/HPBHF","price":null,"bd":null,"dvd":16,"cd":40,"bd_write":null,"dvd_write":"16/8/8/16/8/8/12","cd_write":"40/-"},{"name":"Asus BW-14D1XT","price":null,"bd":12,"dvd":16,"cd":48,"bd_write":"14/12/2/2","dvd_write":"16/8/8/16/6/8/5","cd_write":"48/24"},{"name":"LG GH24NS95","price":null,"bd":null,"dvd":16,"cd":48,"bd_write":null,"dvd_write":"24/8/8/24/6/8/5","cd_write":"48/24"},{"name":"Pioneer BDR-208DBK","price":null,"bd":12,"dvd":16,"cd":40,"bd_write":"15/14/2/2","dvd_write":"16/8/8/16/6/8/-","cd_write":"40/24"},{"name":"I/O Magic IDVD22DL","price":null,"bd":null,"dvd":16,"cd":48,"bd_write":null,"dvd_write":"22/8/16/22/6/16/12","cd_write":"48/32"},{"name":"Sony AD-7260S-0B","price":null,"bd":null,"dvd":16,"cd":48,"bd_write":null,"dvd_write":"24/8/12/24/6/12/12","cd_write":"48/32"},{"name":"Lite-On iHOS104-06","price":null,"bd":4,"dvd":8,"cd":32,"bd_write":null,"dvd_write":null,"cd_write":null},{"name":"Lite-On iHAS224-06","price":null,"bd":null,"dvd":16,"cd":48,"bd_write":null,"dvd_write":"24/8/12/24/6/12/12","cd_write":"48/32"},{"name":"Lite-On iHAS424-98","price":null,"bd":null,"dvd":16,"cd":48,"bd_write":null,"dvd_write":"24/8/12/24/6/12/12","cd_write":"48/32"},{"name":"Asus DRW-24B3LT","price":null,"bd":null,"dvd":16,"cd":48,"bd_write":null,"dvd_write":"24/8/12/24/6/12/12","cd_write":"48/24"},{"name":"Memorex MRX-550L","price":null,"bd":null,"dvd":16,"cd":48,"bd_write":null,"dvd_write":"24/8/-/24/6/-/-","cd_write":"48/32"},{"name":"Plextor PX-LB950SA","price":null,"bd":8,"dvd":16,"cd":48,"bd_write":"12/8/2/2","dvd_write":"16/8/8/16/6/8/12","cd_write":"48/24"},{"name":"Samsung SH-222AL/BSBS","price":null,"bd":null,"dvd":22,"cd":48,"bd_write":null,"dvd_write":"22/8/16/22/6/12/12","cd_write":"48/24"},{"name":"Lite-On iHAS524-06","price":null,"bd":null,"dvd":16,"cd":48,"bd_write":null,"dvd_write":"24/8/12/24/6/12/12","cd_write":"48/32"},{"name":"Samsung SH-224BB","price":null,"bd":null,"dvd":16,"cd":48,"bd_write":null,"dvd_write":"24/8/8/24/6/8/12","cd_write":"48/24"},{"name":"Samsung SH-118BB","price":null,"bd":null,"dvd":18,"cd":48,"bd_write":null,"dvd_write":null,"cd_write":null},{"name":"HP 652238-B21","price":null,"bd":null,"dvd":8,"cd":24,"bd_write":null,"dvd_write":null,"cd_write":null},{"name":"Pioneer BDR-S09XLT","price":null,"bd":null,"dvd":5,"cd":40,"bd_write":"12/8/10/6","dvd_write":"16/12/12/16/12/12/5","cd_write":"40/24"},{"name":"OcUK CD-004-OK","price":null,"bd":8,"dvd":null,"cd":null,"bd_write":null,"dvd_write":"16/16/8/16/16/8/-","cd_write":"48/24"},{"name":"Asus DVD-E818AAT/BLK/B/GE","price":null,"bd":null,"dvd":18,"cd":48,"bd_write":null,"dvd_write":null,"cd_write":null},{"name":"Lite-On DS-8ABSH-01","price":null,"bd":null,"dvd":8,"cd":24,"bd_write":null,"dvd_write":"8/8/6/8/6/6/5","cd_write":"24/24"},{"name":"Asus DRW-24F1MT","price":null,"bd":null,"dvd":null,"cd":null,"bd_write":null,"dvd_write":"24/8/8/24/6/8/5","cd_write":"48/24"},{"name":"LG GUD0N","price":41.57,"bd":null,"dvd":null,"cd":null,"bd_write":null,"dvd_write":"8/6/6/8/6/6/5","cd_write":"24/24"},{"name":"Lite-On IHAS324-07","price":null,"bd":null,"dvd":16,"cd":48,"bd_write":null,"dvd_write":"24/8/12/24/6/-/-","cd_write":"48/32"},{"name":"I/O Magic IDVD24S","price":30.68,"bd":null,"dvd":null,"cd":null,"bd_write":null,"dvd_write":"24/8/16/24/1/16/12","cd_write":"48/32"},{"name":"HP bd340i","price":null,"bd":8,"dvd":16,"cd":48,"bd_write":"12/8/2/2","dvd_write":"16/8/8/16/6/8/12","cd_write":"48/24"},{"name":"HP 447328-B21","price":null,"bd":null,"dvd":16,"cd":50,"bd_write":null,"dvd_write":"16/8/-/16/8/-/-","cd_write":"40/32"},{"name":"Sony BWU-500S","price":null,"bd":8,"dvd":16,"cd":48,"bd_write":"12/8/2/2","dvd_write":"8/8/6/8/6/6/5","cd_write":"24/16"},{"name":"Sony BD-5750H","price":null,"bd":6,"dvd":8,"cd":24,"bd_write":"6/6/2/2","dvd_write":"8/8/6/8/6/6/5","cd_write":"24/16"},{"name":"Teac DV516E/S","price":null,"bd":null,"dvd":16,"cd":48,"bd_write":null,"dvd_write":null,"cd_write":null},{"name":"Memorex 98240","price":35.99,"bd":null,"dvd":16,"cd":48,"bd_write":null,"dvd_write":"24/6/8/24/6/8/-","cd_write":"48/32"},{"name":"Pioneer BDR-207DBKS","price":null,"bd":10,"dvd":16,"cd":40,"bd_write":"12/12/2/2","dvd_write":"16/8/8/16/6/8/-","cd_write":"40/24"},{"name":"Samsung SH-S223Q","price":null,"bd":null,"dvd":16,"cd":48,"bd_write":null,"dvd_write":"22/8/16/22/6/12/12","cd_write":"48/32"},{"name":"Lite-On DL-8A4SH-01","price":null,"bd":null,"dvd":8,"cd":24,"bd_write":null,"dvd_write":"8/8/6/8/6/6/5","cd_write":"24/24"},{"name":"Samsung SH-224FB/RSMS","price":null,"bd":null,"dvd":null,"cd":null,"bd_write":null,"dvd_write":"24/8/8/24/8/8/5","cd_write":"48/24"},{"name":"Samsung SH-216DB","price":null,"bd":null,"dvd":null,"cd":null,"bd_write":null,"dvd_write":"16/8/8/16/6/8/5","cd_write":"48/24"},{"name":"Samsung SH-224FB/RSBS","price":null,"bd":null,"dvd":16,"cd":48,"bd_write":null,"dvd_write":"24/8/8/24/6/8/5","cd_write":"48/24"},{"name":"Asus BC-12B1ST","price":null,"bd":null,"dvd":null,"cd":null,"bd_write":null,"dvd_write":"16/8/8/16/6/8/12","cd_write":"48/24"},{"name":"Pioneer BDR-211EBK","price":null,"bd":null,"dvd":null,"cd":null,"bd_write":"16/-/-/-","dvd_write":"-/16/-/-/16/-/-","cd_write":"-/40"},{"name":"Pioneer DVR-216D","price":null,"bd":null,"dvd":16,"cd":40,"bd_write":null,"dvd_write":"20/8/12/20/32/12/-","cd_write":"40/32"},{"name":"HP 1270i","price":85,"bd":null,"dvd":16,"cd":48,"bd_write":null,"dvd_write":"24/8/12/24/6/12/12","cd_write":"48/32"},{"name":"LG GH22NS70 OEM","price":null,"bd":null,"dvd":16,"cd":48,"bd_write":null,"dvd_write":"22/8/8/22/6/8/12","cd_write":"48/32"},{"name":"LG GH24LS70","price":null,"bd":null,"dvd":16,"cd":48,"bd_write":null,"dvd_write":"24/8/8/24/6/8/12","cd_write":"48/32"},{"name":"Lite-On IHBS112-29","price":null,"bd":8,"dvd":16,"cd":48,"bd_write":"12/8/2/2","dvd_write":"16/8/8/16/6/8/12","cd_write":"48/24"},{"name":"Lite-On iHBS212-08","price":null,"bd":8,"dvd":16,"cd":48,"bd_write":"12/8/2/2","dvd_write":"16/8/8/16/6/8/12","cd_write":"48/24"},{"name":"Pioneer BDR-206DBKS","price":null,"bd":8,"dvd":16,"cd":40,"bd_write":"12/12/2/2","dvd_write":"16/8/8/16/6/8/-","cd_write":"40/24"},{"name":"Pioneer BDR-206MBK","price":null,"bd":6,"dvd":8,"cd":24,"bd_write":"6/6/2/2","dvd_write":"8/8/8/8/6/8/-","cd_write":"24/24"},{"name":"Samsung SH-222AB","price":null,"bd":null,"dvd":16,"cd":48,"bd_write":null,"dvd_write":"22/8/16/22/6/12/12","cd_write":"48/24"},{"name":"Sony AD-7690H-01","price":null,"bd":null,"dvd":8,"cd":24,"bd_write":null,"dvd_write":"8/8/6/8/6/6/5","cd_write":"24/24"},{"name":"Sony BD-5740H-01","price":null,"bd":6,"dvd":8,"cd":24,"bd_write":"6/6/2/2","dvd_write":"8/8/6/8/6/6/5","cd_write":"24/16"},{"name":"LG UH12LS28 OEM","price":null,"bd":12,"dvd":16,"cd":48,"bd_write":null,"dvd_write":"16/8/8/16/6/8/12","cd_write":"48/24"},{"name":"Samsung SH-B123L","price":null,"bd":12,"dvd":16,"cd":48,"bd_write":null,"dvd_write":"16/8/8/16/6/8/12","cd_write":"48/4"},{"name":"Lite-On iHOS104-08","price":null,"bd":4,"dvd":8,"cd":32,"bd_write":null,"dvd_write":null,"cd_write":null},{"name":"Lite-On iHAS-324-98B","price":null,"bd":null,"dvd":16,"cd":48,"bd_write":null,"dvd_write":"24/8/8/24/6/8/12","cd_write":"48/32"},{"name":"Lite-On DC-8A2SH","price":null,"bd":null,"dvd":8,"cd":24,"bd_write":null,"dvd_write":"8/8/6/8/6/6/5","cd_write":"24/24"},{"name":"MSI DH-18D5S","price":null,"bd":null,"dvd":18,"cd":48,"bd_write":null,"dvd_write":null,"cd_write":null},{"name":"Lite-On iHES112-29","price":null,"bd":12,"dvd":16,"cd":48,"bd_write":null,"dvd_write":"16/8/8/16/6/8/12","cd_write":"48/24"},{"name":"Lite-On DS-8A8SH","price":null,"bd":null,"dvd":8,"cd":24,"bd_write":null,"dvd_write":"8/8/6/8/6/6/5","cd_write":"24/24"},{"name":"LG WH12LS30","price":null,"bd":10,"dvd":16,"cd":48,"bd_write":"12/12/2/2","dvd_write":"16/8/8/16/6/8/12","cd_write":"48/24"},{"name":"LG GH22NS90B","price":null,"bd":null,"dvd":16,"cd":48,"bd_write":null,"dvd_write":"22/8/8/22/6/8/12","cd_write":"48/32"},{"name":"LG WH12LS38","price":null,"bd":10,"dvd":16,"cd":48,"bd_write":"12/12/2/2","dvd_write":"16/8/8/16/6/8/12","cd_write":"48/24"},{"name":"Samsung TS-H353C","price":null,"bd":null,"dvd":16,"cd":40,"bd_write":null,"dvd_write":null,"cd_write":null},{"name":"Lite-On iHES212-08","price":null,"bd":12,"dvd":16,"cd":48,"bd_write":null,"dvd_write":"16/8/8/16/6/8/12","cd_write":"48/24"},{"name":"LG CH10LS28","price":null,"bd":10,"dvd":16,"cd":48,"bd_write":null,"dvd_write":"16/8/8/16/6/8/12","cd_write":"48/24"},{"name":"Sony AD-7280S-02","price":null,"bd":null,"dvd":16,"cd":48,"bd_write":null,"dvd_write":"24/8/12/24/6/12/12","cd_write":"48/32"},{"name":"Pioneer BDR-207MBK","price":null,"bd":10,"dvd":16,"cd":40,"bd_write":"12/12/2/2","dvd_write":"16/8/8/16/6/8/5","cd_write":"40/24"},{"name":"LG GH24NS72","price":null,"bd":null,"dvd":16,"cd":48,"bd_write":null,"dvd_write":"24/6/8/24/8/24/-","cd_write":"48/32"},{"name":"LG CH10LS20 OEM","price":null,"bd":10,"dvd":16,"cd":48,"bd_write":null,"dvd_write":"16/8/-/16/6/-/-","cd_write":"48/24"},{"name":"Lite-On DS-8A9SH-01","price":null,"bd":null,"dvd":8,"cd":24,"bd_write":null,"dvd_write":"8/8/6/8/6/6/5","cd_write":"24/24"},{"name":"Plextor PX-891SA-26","price":null,"bd":null,"dvd":16,"cd":48,"bd_write":null,"dvd_write":"24/8/12/24/6/12/12","cd_write":"48/32"},{"name":"HP AR629AA","price":null,"bd":null,"dvd":16,"cd":48,"bd_write":null,"dvd_write":null,"cd_write":null},{"name":"Archgon CB-5021-GB","price":null,"bd":6,"dvd":8,"cd":24,"bd_write":"6/2/2/2","dvd_write":"8/8/6/8/6/6/5","cd_write":"24/4"},{"name":"Pioneer BDR-S08XLT","price":null,"bd":null,"dvd":null,"cd":null,"bd_write":null,"dvd_write":null,"cd_write":null},{"name":"Silverstone SOD02B","price":null,"bd":null,"dvd":8,"cd":24,"bd_write":null,"dvd_write":"8/8/6/8/6/6/5","cd_write":"24/4"},{"name":"Samsung SH-118CB/BEBE","price":null,"bd":null,"dvd":18,"cd":48,"bd_write":null,"dvd_write":null,"cd_write":null},{"name":"Lenovo 41N5618","price":null,"bd":null,"dvd":16,"cd":40,"bd_write":null,"dvd_write":null,"cd_write":null},{"name":"Asus DRW-24D3ST","price":null,"bd":null,"dvd":16,"cd":48,"bd_write":null,"dvd_write":"16/13/12/16/8/12/5","cd_write":"48/40"},{"name":"LG UH12NS40","price":null,"bd":12,"dvd":16,"cd":48,"bd_write":null,"dvd_write":"16/8/8/16/6/8/5","cd_write":"48/24"},{"name":"LG GUB0N","price":null,"bd":null,"dvd":8,"cd":24,"bd_write":null,"dvd_write":"8/6/6/8/6/6/5","cd_write":"24/24"},{"name":"LG GH22LP21","price":null,"bd":null,"dvd":16,"cd":48,"bd_write":null,"dvd_write":"22/8/16/22/6/12/12","cd_write":"48/32"},{"name":"LG GH24NS70 OEM","price":null,"bd":null,"dvd":16,"cd":48,"bd_write":null,"dvd_write":"24/8/8/24/6/8/12","cd_write":"48/32"},{"name":"Lite-On iHAP122-04","price":null,"bd":null,"dvd":16,"cd":48,"bd_write":null,"dvd_write":"22/8/8/22/6/8/12","cd_write":"48/32"},{"name":"Lite-On iHAP222-06","price":null,"bd":null,"dvd":16,"cd":48,"bd_write":null,"dvd_write":"22/8/8/22/6/8/12","cd_write":"48/32"},{"name":"Plextor PX-B940SA-11","price":null,"bd":8,"dvd":16,"cd":40,"bd_write":"12/12/2/2","dvd_write":"16/8/8/16/6/8/5","cd_write":"40/24"},{"name":"Samsung SH-222AL","price":null,"bd":null,"dvd":16,"cd":48,"bd_write":null,"dvd_write":"22/8/16/22/6/12/12","cd_write":"48/24"},{"name":"Sony AD-7261S-0B","price":null,"bd":null,"dvd":16,"cd":48,"bd_write":null,"dvd_write":"24/8/12/24/6/12/12","cd_write":"48/32"},{"name":"Sony AD-7710H-01","price":null,"bd":null,"dvd":8,"cd":24,"bd_write":null,"dvd_write":"8/8/6/8/6/6/5","cd_write":"24/24"},{"name":"Plextor PX-L871A","price":null,"bd":null,"dvd":16,"cd":48,"bd_write":null,"dvd_write":"22/8/12/22/6/12/12","cd_write":"48/24"},{"name":"Plextor PX-L890SA","price":null,"bd":null,"dvd":16,"cd":48,"bd_write":null,"dvd_write":"24/8/12/24/6/12/12","cd_write":"48/24"},{"name":"Sony BC-5640H-01","price":null,"bd":6,"dvd":8,"cd":24,"bd_write":null,"dvd_write":"8/8/6/8/6/6/5","cd_write":"24/16"},{"name":"Plextor PX-B320SA SW","price":null,"bd":8,"dvd":16,"cd":48,"bd_write":null,"dvd_write":"16/8/8/16/6/8/12","cd_write":"48/32"},{"name":"Sony BC-5500H-01","price":null,"bd":4,"dvd":8,"cd":24,"bd_write":null,"dvd_write":"8/4/4/8/4/4/5","cd_write":"16/10"},{"name":"Asus DRW-24B3LT/BLK/G/AS","price":null,"bd":null,"dvd":16,"cd":48,"bd_write":null,"dvd_write":"24/8/-/24/8/-/-","cd_write":"48/24"},{"name":"Lite-On Ihap322-98","price":null,"bd":null,"dvd":16,"cd":48,"bd_write":null,"dvd_write":"22/8/-/22/6/-/12","cd_write":"48/32"},{"name":"Lite-On iHAP422-98","price":null,"bd":null,"dvd":16,"cd":48,"bd_write":null,"dvd_write":"22/8/8/22/6/8/12","cd_write":"48/32"},{"name":"Plextor PX-L890SA R","price":null,"bd":null,"dvd":16,"cd":48,"bd_write":null,"dvd_write":"24/8/12/24/6/12/12","cd_write":"48/24"},{"name":"Samsung SH-S222A","price":null,"bd":null,"dvd":16,"cd":48,"bd_write":null,"dvd_write":"22/8/16/22/6/12/12","cd_write":"48/32"},{"name":"Sony AD-7260S-01","price":null,"bd":null,"dvd":16,"cd":48,"bd_write":null,"dvd_write":"24/8/12/24/6/12/12","cd_write":"48/32"},{"name":"Lite-On iHDP118-04","price":null,"bd":null,"dvd":18,"cd":48,"bd_write":null,"dvd_write":null,"cd_write":null},{"name":"Lite-On iHDP118-08","price":null,"bd":null,"dvd":18,"cd":48,"bd_write":null,"dvd_write":null,"cd_write":null},{"name":"Buslink DBW-1647","price":null,"bd":null,"dvd":16,"cd":48,"bd_write":null,"dvd_write":"16/4/4/16/4/-/-","cd_write":"48/32"},{"name":"Asus DRW-22B3S/BLK/G/AS","price":null,"bd":null,"dvd":16,"cd":48,"bd_write":null,"dvd_write":"22/8/12/22/6/12/12","cd_write":"48/24"},{"name":"Asus DRW-22B2Sb/BLK/B/AS","price":null,"bd":null,"dvd":16,"cd":48,"bd_write":null,"dvd_write":"22/8/12/22/6/12/12","cd_write":"48/32"},{"name":"Lite-On iHAS524-T98A","price":null,"bd":null,"dvd":16,"cd":48,"bd_write":null,"dvd_write":"24/8/12/24/6/12/12","cd_write":"48/32"},{"name":"MSI DH-18D4P","price":null,"bd":null,"dvd":18,"cd":48,"bd_write":null,"dvd_write":null,"cd_write":null},{"name":"Lite-On DS-8A5S","price":null,"bd":null,"dvd":8,"cd":24,"bd_write":null,"dvd_write":"8/8/6/8/6/6/5","cd_write":"24/24"},{"name":"MSI DH-24AAS-17 R","price":null,"bd":null,"dvd":16,"cd":48,"bd_write":null,"dvd_write":"24/8/12/24/6/12/12","cd_write":"48/32"},{"name":"Lite-On ihes112-04","price":null,"bd":12,"dvd":16,"cd":48,"bd_write":null,"dvd_write":"16/8/8/16/6/8/12","cd_write":"48/24"},{"name":"Lite-On iHES208-08","price":null,"bd":8,"dvd":16,"cd":48,"bd_write":null,"dvd_write":"16/8/8/16/6/8/12","cd_write":"48/48"},{"name":"Teac DV516E/B/S","price":null,"bd":null,"dvd":16,"cd":48,"bd_write":null,"dvd_write":null,"cd_write":null},{"name":"Memorex 98240-KIT","price":null,"bd":null,"dvd":16,"cd":48,"bd_write":null,"dvd_write":"24/8/8/24/6/8/-","cd_write":"48/32"},{"name":"Sony AD-7740H-01","price":null,"bd":null,"dvd":8,"cd":null,"bd_write":null,"dvd_write":"8/-/-/8/-/-/-","cd_write":null},{"name":"Sony BC5640H-03","price":null,"bd":6,"dvd":8,"cd":24,"bd_write":null,"dvd_write":"8/8/6/8/6/6/5","cd_write":"24/16"},{"name":"MSI DH-22AP","price":null,"bd":null,"dvd":16,"cd":48,"bd_write":null,"dvd_write":"22/8/-/22/6/-/12","cd_write":"48/32"},{"name":"I/O Magic IBD1","price":null,"bd":10,"dvd":16,"cd":48,"bd_write":"10/8/2/-","dvd_write":"16/8/4/16/6/4/-","cd_write":"48/24"},{"name":"Samsung SH-222AL/RSBS","price":null,"bd":null,"dvd":16,"cd":48,"bd_write":null,"dvd_write":"22/8/16/22/6/12/12","cd_write":"48/24"},{"name":"Samsung SN-208BB","price":null,"bd":null,"dvd":8,"cd":24,"bd_write":null,"dvd_write":"8/8/8/8/6/8/5","cd_write":"24/4"},{"name":"Samsung SH-222AL/BSBE","price":null,"bd":null,"dvd":16,"cd":48,"bd_write":null,"dvd_write":"22/8/16/22/6/12/12","cd_write":"48/24"},{"name":"HP 447326-B21","price":null,"bd":null,"dvd":16,"cd":40,"bd_write":null,"dvd_write":null,"cd_write":null},{"name":"Lite-On ihes108-29","price":null,"bd":8,"dvd":16,"cd":48,"bd_write":"8/4/8/4","dvd_write":"16/8/16/16/6/16/12","cd_write":"48/32"},{"name":"Lite-On iHAS324-99","price":null,"bd":null,"dvd":16,"cd":48,"bd_write":null,"dvd_write":"24/8/12/24/6/12/12","cd_write":"48/32"},{"name":"LG WH12LS39","price":null,"bd":10,"dvd":16,"cd":48,"bd_write":"12/12/2/2","dvd_write":"16/8/8/16/6/8/12","cd_write":"48/24"},{"name":"Sony 5280S-CB-PLUS","price":null,"bd":null,"dvd":16,"cd":48,"bd_write":null,"dvd_write":"24/8/12/24/6/12/-","cd_write":"48/32"},{"name":"Pioneer BDR-2208","price":null,"bd":12,"dvd":16,"cd":40,"bd_write":"15/14/2/2","dvd_write":"16/8/8/16/6/8/5","cd_write":"40/24"},{"name":"Pioneer BDR-207","price":null,"bd":10,"dvd":16,"cd":40,"bd_write":"12/12/2/2","dvd_write":"16/8/8/16/6/8/-","cd_write":"40/24"},{"name":"Pioneer BDR-2206","price":null,"bd":8,"dvd":12,"cd":40,"bd_write":"12/12/2/2","dvd_write":"16/8/8/16/6/8/-","cd_write":"40/24"},{"name":"Pioneer BDR-2207","price":null,"bd":10,"dvd":16,"cd":40,"bd_write":"12/12/2/2","dvd_write":"16/8/8/16/6/8/5","cd_write":"40/24"},{"name":"Lite-On ihas524-T06","price":null,"bd":null,"dvd":16,"cd":48,"bd_write":null,"dvd_write":"24/8/12/24/6/12/12","cd_write":"48/32"},{"name":"LG UH12LS29","price":null,"bd":10,"dvd":16,"cd":48,"bd_write":null,"dvd_write":"16/8/8/16/6/8/12","cd_write":"48/24"},{"name":"Lite-On IHES312-98","price":null,"bd":12,"dvd":16,"cd":48,"bd_write":null,"dvd_write":"16/8/8/16/6/8/12","cd_write":"48/24"},{"name":"MSI DH-24AS","price":null,"bd":null,"dvd":16,"cd":48,"bd_write":null,"dvd_write":"24/8/12/24/6/12/12","cd_write":"48/32"},{"name":"Samsung SH-222BB/RSBS","price":null,"bd":null,"dvd":16,"cd":48,"bd_write":null,"dvd_write":"22/8/8/22/6/8/12","cd_write":"48/24"},{"name":"Samsung SH-224BB/RSBS","price":null,"bd":null,"dvd":16,"cd":48,"bd_write":null,"dvd_write":"24/8/8/24/6/8/12","cd_write":"48/24"},{"name":"Plextor PX-891SA-28","price":null,"bd":null,"dvd":16,"cd":48,"bd_write":null,"dvd_write":"24/8/12/24/6/12/12","cd_write":"48/32"},{"name":"LG BT30N","price":null,"bd":6,"dvd":8,"cd":24,"bd_write":"6/6/2/-","dvd_write":"8/8/6/8/6/6/5","cd_write":"24/24"},{"name":"LG GT80N","price":null,"bd":null,"dvd":8,"cd":24,"bd_write":null,"dvd_write":"8/8/6/8/6/6/5","cd_write":"24/24"},{"name":"Samsung SN-208DB/BEBET","price":null,"bd":null,"dvd":8,"cd":24,"bd_write":null,"dvd_write":"8/8/6/8/6/6/5","cd_write":"24/24"},{"name":"Asus DRW-2014L1T","price":null,"bd":null,"dvd":16,"cd":48,"bd_write":null,"dvd_write":"20/8/8/20/6/8/14","cd_write":"48/32"},{"name":"Archgon CB-5021-GD","price":null,"bd":null,"dvd":8,"cd":24,"bd_write":null,"dvd_write":"8/8/6/8/6/6/5","cd_write":"24/24"},{"name":"EVGA 100-OD-S101-BR","price":null,"bd":null,"dvd":null,"cd":null,"bd_write":null,"dvd_write":"8/8/6/8/6/6/5","cd_write":"24/24"},{"name":"Silverstone SST-SOB02","price":null,"bd":null,"dvd":null,"cd":24,"bd_write":"6/6/6/6","dvd_write":"8/8/8/8/8/8/4","cd_write":"24/24"},{"name":"OcUK iHAS124-14","price":null,"bd":null,"dvd":16,"cd":48,"bd_write":null,"dvd_write":"24/8/8/24/6/8/5","cd_write":"48/24"},{"name":"OcUK CD-005-OK","price":null,"bd":10,"dvd":16,"cd":40,"bd_write":"6/-/8/-","dvd_write":"16/8/8/12/8/8/12","cd_write":"48/40"},{"name":"OcUK OcUKSATADVDRW","price":null,"bd":null,"dvd":16,"cd":40,"bd_write":null,"dvd_write":"16/12/12/16/12/12/-","cd_write":"48/40"},{"name":"Lite-On SOHW-832S","price":null,"bd":null,"dvd":12,"cd":40,"bd_write":null,"dvd_write":"8/4/2/8/4/2/-","cd_write":"40/24"},{"name":"LG CU20N","price":null,"bd":6,"dvd":8,"cd":24,"bd_write":null,"dvd_write":"8/8/6/8/6/6/5","cd_write":"24/16"},{"name":"Lite-On DH-4O1S-11","price":null,"bd":4,"dvd":12,"cd":32,"bd_write":null,"dvd_write":null,"cd_write":null},{"name":"Asus BC-06B1ST","price":null,"bd":6,"dvd":16,"cd":48,"bd_write":"6/4/6/4","dvd_write":"16/8/8/16/8/8/-","cd_write":"48/32"},{"name":"Sony AD-7200S-0B","price":null,"bd":null,"dvd":null,"cd":null,"bd_write":null,"dvd_write":"20/8/8/20/6/12/12","cd_write":"48/32"},{"name":"Teac BD-W512GSA","price":null,"bd":null,"dvd":null,"cd":null,"bd_write":"12/8/2/2","dvd_write":"16/8/8/16/6/8/-","cd_write":"48/24"},{"name":"LG GH10N","price":null,"bd":null,"dvd":null,"cd":null,"bd_write":null,"dvd_write":null,"cd_write":null},{"name":"Samsung SH-224FB","price":null,"bd":null,"dvd":16,"cd":48,"bd_write":null,"dvd_write":"24/8/8/24/6/8/5","cd_write":"48/24"},{"name":"Samsung SH-224GB/BSBE","price":null,"bd":null,"dvd":16,"cd":48,"bd_write":null,"dvd_write":"24/8/8/24/6/8/5","cd_write":"48/24"},{"name":"Pioneer BDR-212EBK","price":null,"bd":16,"dvd":null,"cd":null,"bd_write":null,"dvd_write":"16/-/-/16/-/-/-","cd_write":"40/-"},{"name":"Samsung SH-S203B","price":null,"bd":null,"dvd":20,"cd":48,"bd_write":null,"dvd_write":"20/8/12/20/6/12/12","cd_write":"32/48"}]