[{"name":"Microsoft Windows 11 Home (64-bit)","price":119.99,"mode":64,"max_memory":128},{"name":"Microsoft Windows 10 Home (64-bit)","price":null,"mode":64,"max_memory":128},{"name":"Microsoft Windows 11 Pro (64-bit)","price":139.99,"mode":64,"max_memory":2048},{"name":"Microsoft Windows 11 Home (64-bit)","price":119.99,"mode":64,"max_memory":128},{"name":"Microsoft Windows 10 Pro (64-bit)","price":null,"mode":64,"max_memory":2048},{"name":"Microsoft Windows 11 Pro (64-bit)","price":199,"mode":64,"max_memory":2048},{"name":"Microsoft Windows 11 Home (64-bit)","price":138.98,"mode":64,"max_memory":128},{"name":"Microsoft Windows 11 Pro (64-bit)","price":198.99,"mode":64,"max_memory":2048},{"name":"Microsoft Windows 10 Pro (32/64-bit)","price":null,"mode":[32,64],"max_memory":2048},{"name":"Microsoft Windows 10 Pro (64-bit)","price":null,"mode":64,"max_memory":2048},{"name":"Microsoft Windows 10 Home (64-bit)","price":null,"mode":64,"max_memory":128},{"name":"Microsoft Windows 10 Pro (32/64-bit)","price":null,"mode":[32,64],"max_memory":2048},{"name":"Microsoft Windows 10 Pro (32/64-bit)","price":null,"mode":[32,64],"max_memory":2048},{"name":"Microsoft Windows 10 Home (32/64-bit)","price":149.94,"mode":[32,64],"max_memory":128},{"name":"Microsoft Windows 7 Home Premium (32/64-bit)","price":253.15,"mode":[32,64],"max_memory":16},{"name":"Microsoft Windows 10 Home (64-bit)","price":null,"mode":64,"max_memory":128},{"name":"Microsoft Windows 10 Home (32/64-bit)","price":null,"mode":[32,64],"max_memory":128},{"name":"Microsoft Windows 7 Professional (32/64-bit)","price":254.16,"mode":[32,64],"max_memory":192},{"name":"Microsoft Windows 10 Home (32/64-bit)","price":null,"mode":[32,64],"max_memory":128},{"name":"Microsoft Windows 10 Pro (32/64-bit)","price":null,"mode":[32,64],"max_memory":2048},{"name":"Microsoft Windows 10 Home (32/64-bit)","price":null,"mode":[32,64],"max_memory":128},{"name":"Microsoft Windows 8.1 Pro DE (64-bit)","price":188.07,"mode":64,"max_memory":512},{"name":"Microsoft Windows 10 Home (32-bit)","price":null,"mode":32,"max_memory":4},{"name":"Microsoft Windows 10 Pro (32-bit)","price":null,"mode":32,"max_memory":4},{"name":"Microsoft Windows 8.1 Pro (64-bit)","price":173.01,"mode":64,"max_memory":512},{"name":"Microsoft Windows 7 Ultimate SP1 (64-bit)","price":null,"mode":64,"max_memory":192},{"name":"Microsoft Windows 7 Home Premium SP1 (32-bit)","price":null,"mode":32,"max_memory":4},{"name":"Microsoft Windows 8 Pro (32-bit)","price":null,"mode":32,"max_memory":4},{"name":"Microsoft Windows 8 (32-bit)","price":null,"mode":32,"max_memory":4},{"name":"Microsoft Windows 7 Professional SP1 (64-bit)","price":null,"mode":64,"max_memory":192},{"name":"Microsoft Windows 7 Home Premium SP1 (64-bit)","price":null,"mode":64,"max_memory":16},{"name":"Microsoft Windows 7 Home Premium SP1 (32-bit)","price":null,"mode":32,"max_memory":4},{"name":"Microsoft Windows 7 Pro SP1 DE (64-bit)","price":null,"mode":64,"max_memory":192},{"name":"Microsoft Windows 8.1 (64-bit)","price":null,"mode":64,"max_memory":128},{"name":"Microsoft Windows 7 Home Premium SP1 (64-bit)","price":null,"mode":64,"max_memory":16},{"name":"Microsoft Windows 7 Ultimate (32/64-bit)","price":null,"mode":[32,64],"max_memory":192},{"name":"Microsoft Windows 8 (64-bit)","price":null,"mode":64,"max_memory":128},{"name":"Microsoft Windows 7 Ultimate SP1 (32-bit)","price":null,"mode":32,"max_memory":4},{"name":"Microsoft Windows 7 Pro SP1 DE (64-bit)","price":null,"mode":64,"max_memory":192},{"name":"Microsoft Windows 7 Professional SP1 (32-bit)","price":null,"mode":32,"max_memory":4},{"name":"Microsoft Windows 7 Ultimate SP1 (32-bit)","price":null,"mode":32,"max_memory":4},{"name":"Microsoft Windows 7 Ultimate SP1 (64-bit)","price":null,"mode":64,"max_memory":192},{"name":"Microsoft Windows 7 Ultimate (64-bit)","price":null,"mode":64,"max_memory":192},{"name":"Microsoft Windows 7 Professional SP1 (32-bit)","price":null,"mode":32,"max_memory":4},{"name":"Microsoft Windows 8 (32-bit)","price":null,"mode":32,"max_memory":4},{"name":"Microsoft Windows 7 Home Premium SP1 (64-bit)","price":null,"mode":64,"max_memory":16},{"name":"Microsoft Windows 7 Professional SP1 (64-bit)","price":null,"mode":64,"max_memory":192},{"name":"Microsoft Windows 7 Professional SP1 (32-bit)","price":null,"mode":32,"max_memory":4},{"name":"Microsoft Windows 8.1 (64-bit)","price":null,"mode":64,"max_memory":128},{"name":"Microsoft Windows 8.1 Pro (32/64-bit)","price":null,"mode":[32,64],"max_memory":512},{"name":"Microsoft Windows 8.1 (32-bit)","price":null,"mode":32,"max_memory":4},{"name":"Microsoft Windows 8.1 (32/64-bit)","price":null,"mode":[32,64],"max_memory":128},{"name":"Microsoft Windows 8.1 Pro (64-bit)","price":null,"mode":64,"max_memory":512},{"name":"Microsoft Windows 8 (64-bit)","price":null,"mode":64,"max_memory":128},{"name":"Microsoft Windows 8 Pro (32-bit)","price":null,"mode":32,"max_memory":4},{"name":"Microsoft Windows 8.1 Pro (32-bit)","price":null,"mode":32,"max_memory":4},{"name":"Microsoft Windows 8.1 Pro (32-bit)","price":null,"mode":32,"max_memory":4},{"name":"Microsoft Windows 8.1 (32-bit)","price":null,"mode":32,"max_memory":4},{"name":"Microsoft Windows 8 Pro DE (64-bit)","price":null,"mode":64,"max_memory":512},{"name":"Microsoft Windows 8.1 DE (64-bit)","price":null,"mode":64,"max_memory":128},{"name":"Microsoft Windows 8 Pro (64-bit)","price":null,"mode":64,"max_memory":512},{"name":"Microsoft Windows 8 Pro (64-bit)","price":null,"mode":64,"max_memory":512}]