[{"name":"KEF LSXBL","price":1678.3,"configuration":2,"wattage":200,"frequency_response":[49,47],"color":"Black"},{"name":"Creative Labs Pebble 2.0","price":18.99,"configuration":2,"wattage":4.4,"frequency_response":[100,17],"color":"Black"},{"name":"Logitech Z200","price":39.99,"configuration":2,"wattage":10,"frequency_response":[20,20],"color":null},{"name":"Kanto TUK","price":699.99,"configuration":2,"wattage":260,"frequency_response":[50,20],"color":"Black"},{"name":"Creative Labs Pebble 2.0","price":18.99,"configuration":2,"wattage":4.4,"frequency_response":[100,17],"color":"White"},{"name":"Logitech Z906","price":399.99,"configuration":5.1,"wattage":500,"frequency_response":[35,20],"color":null},{"name":"Razer Leviathan V2 X","price":99,"configuration":2,"wattage":65,"frequency_response":[85,20],"color":"Black"},{"name":"Logitech G560","price":189.99,"configuration":2.1,"wattage":120,"frequency_response":[40,18],"color":"Black"},{"name":"Logitech Z623","price":169.99,"configuration":2.1,"wattage":200,"frequency_response":[35,20],"color":null},{"name":"Edifier MR4","price":130.24,"configuration":2,"wattage":42,"frequency_response":[60,20],"color":"White"},{"name":"Yamaha HS8","price":398.99,"configuration":2,"wattage":120,"frequency_response":[38,30],"color":null},{"name":"Logitech Z207 (Black)","price":49.99,"configuration":2,"wattage":0.01,"frequency_response":null,"color":"Black"},{"name":"Razer Leviathan V2 Pro","price":499.99,"configuration":5.1,"wattage":null,"frequency_response":[40,20],"color":"Black"},{"name":"Kanto TUK","price":699.99,"configuration":2,"wattage":260,"frequency_response":[50,20],"color":"White / Black"},{"name":"Logitech S-150","price":13.16,"configuration":2,"wattage":1.2,"frequency_response":[90,20],"color":null},{"name":"Klipsch R-51PM","price":297,"configuration":2,"wattage":120,"frequency_response":[68,21],"color":"Black"},{"name":"Klipsch ProMedia 2.1","price":115.98,"configuration":2.1,"wattage":120,"frequency_response":[31,20],"color":null},{"name":"Creative Labs Pebble Pro","price":56.99,"configuration":2,"wattage":30,"frequency_response":[80,20],"color":"Black / Copper"},{"name":"Cyber Acoustics CA-2016WB","price":13.5,"configuration":2,"wattage":3,"frequency_response":[260,20],"color":null},{"name":"SteelSeries Arena 9 US","price":459.99,"configuration":5.1,"wattage":null,"frequency_response":[35,20],"color":"Black"},{"name":"Edifier MR4","price":129.97,"configuration":2,"wattage":42,"frequency_response":[60,20],"color":"Black"},{"name":"Logitech Z213","price":44.94,"configuration":2.1,"wattage":7,"frequency_response":[65,20],"color":null},{"name":"Logitech X-540","price":495,"configuration":5.1,"wattage":70,"frequency_response":[40,20],"color":null},{"name":"Logitech Z333","price":79.98,"configuration":2.1,"wattage":40,"frequency_response":[55,20],"color":null},{"name":"Razer Leviathan V2","price":231.8,"configuration":2.1,"wattage":65,"frequency_response":[45,20],"color":"Black"},{"name":"Bose Companion 2 Series III","price":79,"configuration":2,"wattage":null,"frequency_response":null,"color":null},{"name":"NZXT Relay","price":179.99,"configuration":2,"wattage":80,"frequency_response":[70,20],"color":"White / Black"},{"name":"Audioengine A5+ Black","price":399,"configuration":2,"wattage":100,"frequency_response":[50,22],"color":null},{"name":"Logitech Z313","price":57.99,"configuration":2.1,"wattage":25,"frequency_response":[48,20],"color":null},{"name":"Logitech Z407","price":114.99,"configuration":2.1,"wattage":40,"frequency_response":[40,20],"color":"Black"},{"name":"Creative Labs Pebble Plus","price":44.84,"configuration":2.1,"wattage":8,"frequency_response":[50,20],"color":"Black"},{"name":"KEF LSXGRN","price":null,"configuration":2,"wattage":200,"frequency_response":[49,47],"color":"Green / Black"},{"name":"Logitech Z150","price":29.99,"configuration":2,"wattage":null,"frequency_response":null,"color":null},{"name":"Kanto YU2MW","price":179.99,"configuration":2,"wattage":50,"frequency_response":[80,20],"color":"White / Black"},{"name":"Creative Labs Pebble V2","price":28.49,"configuration":2,"wattage":8,"frequency_response":[100,17],"color":"Black / Copper"},{"name":"Edifier S350DB","price":399.99,"configuration":2.1,"wattage":150,"frequency_response":[40,20],"color":"Black / Brown"},{"name":"Razer NOMMO CHROMA","price":146.27,"configuration":2,"wattage":null,"frequency_response":[20,20],"color":"Black"},{"name":"NZXT Relay","price":179.99,"configuration":2,"wattage":80,"frequency_response":[70,20],"color":"Black"},{"name":"Logitech Z625","price":197.99,"configuration":2.1,"wattage":200,"frequency_response":null,"color":null},{"name":"Creative Labs Pebble V3","price":37.99,"configuration":2,"wattage":8,"frequency_response":[100,17],"color":"Black / Copper"},{"name":"Creative Labs Stage Air V2","price":37.84,"configuration":2,"wattage":10,"frequency_response":[80,20],"color":"Black"},{"name":"Edifier R1280DB-Brown","price":149.99,"configuration":2,"wattage":42,"frequency_response":[55,20],"color":"Brown / Black"},{"name":"Cyber Acoustics CA-3090","price":32.99,"configuration":2.1,"wattage":10,"frequency_response":[160,20],"color":null},{"name":"Logitech Z323","price":79.99,"configuration":2.1,"wattage":30,"frequency_response":[55,20],"color":null},{"name":"SteelSeries Arena 9 EU","price":null,"configuration":5.1,"wattage":null,"frequency_response":[35,20],"color":"Black"},{"name":"NZXT Relay","price":99.99,"configuration":1,"wattage":140,"frequency_response":[45,150],"color":"Black"},{"name":"PreSonus Eris E3.5 BT","price":149.99,"configuration":2,"wattage":50,"frequency_response":[80,20],"color":"Black"},{"name":"Creative Labs Inspire T10","price":49.99,"configuration":2,"wattage":10,"frequency_response":[80,20],"color":null},{"name":"Edifier R1700BT","price":179.99,"configuration":2,"wattage":66,"frequency_response":[60,20],"color":"Black / Brown"},{"name":"Logitech Z533","price":126.99,"configuration":2.1,"wattage":60,"frequency_response":[55,20],"color":null},{"name":"Audioengine A5+ White","price":399,"configuration":2,"wattage":100,"frequency_response":[50,22],"color":null},{"name":"Yamaha NS-SP1800","price":null,"configuration":5.1,"wattage":550,"frequency_response":[28,50],"color":null},{"name":"Logitech Z207 (White)","price":null,"configuration":2,"wattage":0.01,"frequency_response":null,"color":"White"},{"name":"Razer Nommo V2 Pro","price":418.9,"configuration":2.1,"wattage":null,"frequency_response":[40,20],"color":"Black"},{"name":"AmazonBasics V620","price":null,"configuration":2,"wattage":2.4,"frequency_response":[80,20],"color":"Black"},{"name":"Logitech Z506","price":null,"configuration":5.1,"wattage":155,"frequency_response":[45,20],"color":null},{"name":"Razer NOMMO PRO","price":467.27,"configuration":2.1,"wattage":null,"frequency_response":[35,20],"color":"Black"},{"name":"SteelSeries Arena 7 US","price":249.99,"configuration":2.1,"wattage":null,"frequency_response":[35,20],"color":"Black"},{"name":"AmazonBasics U213","price":21.37,"configuration":2,"wattage":2.2,"frequency_response":[103,20],"color":"Black"},{"name":"Creative Labs Sound BlasterX Katana","price":195.99,"configuration":2.1,"wattage":null,"frequency_response":null,"color":null},{"name":"Cyber Acoustics CA-2014rb","price":14.99,"configuration":2,"wattage":4,"frequency_response":[85,18],"color":null},{"name":"KEF LSXWH","price":null,"configuration":2,"wattage":200,"frequency_response":[49,47],"color":"White / Black"},{"name":"Logitech Z120","price":null,"configuration":2,"wattage":null,"frequency_response":null,"color":null},{"name":"Creative Labs Sound Blaster Katana V2X","price":265.99,"configuration":2.1,"wattage":90,"frequency_response":[50,20],"color":"Black"},{"name":"Logitech S120","price":38.95,"configuration":2,"wattage":2.3,"frequency_response":[50,20],"color":null},{"name":"Edifier R980T","price":89.99,"configuration":2,"wattage":24,"frequency_response":[70,20],"color":"Black"},{"name":"Creative Labs Creative Stage V2","price":99.99,"configuration":2.1,"wattage":80,"frequency_response":[55,20],"color":"Black"},{"name":"Yamaha HS8 W","price":398.99,"configuration":1,"wattage":120,"frequency_response":[38,30],"color":null},{"name":"JBL LSR305","price":null,"configuration":2,"wattage":82,"frequency_response":[43,24],"color":null},{"name":"Audioengine HD3-CHR","price":600.52,"configuration":2,"wattage":60,"frequency_response":[65,22],"color":"Red / Black"},{"name":"Audioengine HD3-WHT","price":349,"configuration":2,"wattage":60,"frequency_response":[65,22],"color":"White / Black"},{"name":"Kanto YU2MB","price":179.99,"configuration":2,"wattage":50,"frequency_response":[80,20],"color":"Black"},{"name":"Creative Labs Sound Blaster Katana V2","price":349.99,"configuration":2.1,"wattage":126,"frequency_response":[50,20],"color":null},{"name":"Razer Nommo V2 X","price":147.94,"configuration":2,"wattage":null,"frequency_response":[75,20],"color":"Black"},{"name":"Creative Labs GigaWorks T20 Series II","price":67.98,"configuration":2,"wattage":28,"frequency_response":[50,20],"color":null},{"name":"Razer Nommo V2","price":295.06,"configuration":2.1,"wattage":null,"frequency_response":[40,20],"color":"Black"},{"name":"Creative Labs T60","price":75.98,"configuration":2,"wattage":60,"frequency_response":[50,20],"color":"Black / Gold"},{"name":"Edifier R1280DB-Black","price":149.99,"configuration":2,"wattage":42,"frequency_response":[55,20],"color":"Black"},{"name":"PreSonus Eris E4.5","price":149.99,"configuration":2,"wattage":50,"frequency_response":[70,20],"color":null},{"name":"Razer Leviathan","price":null,"configuration":5.1,"wattage":60,"frequency_response":[180,20],"color":null},{"name":"Trust Asto Soundbar","price":null,"configuration":2,"wattage":24,"frequency_response":[20,20],"color":null},{"name":"Yamaha HS5","price":null,"configuration":1,"wattage":70,"frequency_response":[54,30],"color":null},{"name":"M-Audio BX5 D2","price":499.99,"configuration":2,"wattage":140,"frequency_response":[56,22],"color":null},{"name":"Yamaha HS5 W","price":199.99,"configuration":1,"wattage":70,"frequency_response":[54,30],"color":null},{"name":"Micca MB42X","price":89.99,"configuration":2,"wattage":150,"frequency_response":[60,20],"color":null},{"name":"Audioengine A2+B","price":null,"configuration":2,"wattage":60,"frequency_response":[65,22],"color":null},{"name":"Logitech Z-2300","price":590.21,"configuration":2.1,"wattage":200,"frequency_response":null,"color":null},{"name":"Creative Labs GigaWorks T40 Series II","price":99.99,"configuration":2,"wattage":32,"frequency_response":[50,20],"color":null},{"name":"AmazonBasics V216US","price":30.59,"configuration":2,"wattage":4.6,"frequency_response":[68,20],"color":"Black"},{"name":"Pioneer DM-50D-BT","price":null,"configuration":2,"wattage":50,"frequency_response":[60,20],"color":"White"},{"name":"Harman Kardon SoundSticks Wireless","price":399,"configuration":2.1,"wattage":40,"frequency_response":[44,20],"color":null},{"name":"KRK VXT 6","price":null,"configuration":2,"wattage":180,"frequency_response":[49,22],"color":null},{"name":"AmazonBasics V620","price":null,"configuration":2,"wattage":2.4,"frequency_response":[80,20],"color":"Silver"},{"name":"Mackie CR4-XBT","price":149.99,"configuration":2,"wattage":50,"frequency_response":[60,20],"color":"Black / Green"},{"name":"Syba CL-SPK20069","price":null,"configuration":2,"wattage":3.4,"frequency_response":[280,16],"color":null},{"name":"SteelSeries Arena 3 US","price":99.99,"configuration":2,"wattage":null,"frequency_response":[50,20],"color":"Black"},{"name":"Lenovo M0520","price":16.98,"configuration":2,"wattage":2,"frequency_response":[90,20],"color":null},{"name":"Creative Labs Creative Stage","price":80.67,"configuration":2.1,"wattage":80,"frequency_response":[55,20],"color":"Black"},{"name":"JBL C2PS","price":179.99,"configuration":2,"wattage":70,"frequency_response":[80,20],"color":"Black"},{"name":"IK Multimedia IP-ILOUD-MM-IN","price":249.99,"configuration":2,"wattage":70,"frequency_response":[45,22],"color":"Black"},{"name":"Edifier S880DB","price":369.99,"configuration":2,"wattage":20,"frequency_response":[55,20],"color":"White / Brown"},{"name":"Logitech Z130","price":null,"configuration":2,"wattage":5,"frequency_response":[140,18],"color":null},{"name":"Corsair Gaming Audio Series SP2500","price":null,"configuration":2.1,"wattage":232,"frequency_response":[35,20],"color":null},{"name":"Cyber Acoustics CA-3810","price":69.98,"configuration":2.1,"wattage":40,"frequency_response":[45,20],"color":"Black"},{"name":"M-Audio BX5 D3","price":null,"configuration":1,"wattage":100,"frequency_response":[52,35],"color":"Black"},{"name":"Bose Companion 5","price":null,"configuration":2.1,"wattage":null,"frequency_response":null,"color":"Black / Gray"},{"name":"SteelSeries Arena 7 EU","price":null,"configuration":2.1,"wattage":null,"frequency_response":[35,20],"color":"Black"},{"name":"Audioengine A2+R","price":429.99,"configuration":2,"wattage":60,"frequency_response":[65,22],"color":null},{"name":"Mackie MR824","price":279.99,"configuration":1,"wattage":85,"frequency_response":[35,20],"color":"Black"},{"name":"Audioengine A2+W","price":null,"configuration":2,"wattage":60,"frequency_response":[65,22],"color":null},{"name":"Bose Companion 20","price":null,"configuration":2,"wattage":null,"frequency_response":null,"color":null},{"name":"Audioengine HD3-BLK","price":349,"configuration":2,"wattage":60,"frequency_response":[65,22],"color":"Black"},{"name":"Micca MB42","price":79.98,"configuration":2,"wattage":150,"frequency_response":[60,20],"color":null},{"name":"Yamaha HS7","price":349.99,"configuration":2,"wattage":95,"frequency_response":[43,30],"color":null},{"name":"PreSonus Eris 3.5 2nd Gen","price":null,"configuration":2,"wattage":50,"frequency_response":[80,20],"color":"Black / Blue"},{"name":"Edifier R33BT","price":79.98,"configuration":2,"wattage":10,"frequency_response":[70,20],"color":"Black"},{"name":"Micca COVO-S","price":111,"configuration":2,"wattage":100,"frequency_response":[90,20],"color":null},{"name":"Creative Labs Pebble V3","price":null,"configuration":2,"wattage":16,"frequency_response":[100,17],"color":"White / Copper"},{"name":"ADAM Audio T8V","price":299.99,"configuration":1,"wattage":180,"frequency_response":[33,25],"color":"Black"},{"name":"Mackie CR5-XBT","price":199.99,"configuration":2,"wattage":80,"frequency_response":[50,20],"color":"Green / Black"},{"name":"Audioengine A2 (Black)","price":null,"configuration":2,"wattage":60,"frequency_response":[65,22],"color":null},{"name":"Logitech Z-5500","price":null,"configuration":5.1,"wattage":505,"frequency_response":[33,20],"color":null},{"name":"Creative Labs Inspire T6300","price":null,"configuration":5.1,"wattage":57,"frequency_response":[50,20],"color":"Black"},{"name":"KRK RP5 G2","price":null,"configuration":2,"wattage":90,"frequency_response":[52,20],"color":null},{"name":"Edifier S760D","price":null,"configuration":5.1,"wattage":540,"frequency_response":[42,20],"color":"Black / Silver"},{"name":"ADAM Audio A7X","price":null,"configuration":1,"wattage":300,"frequency_response":[42,50],"color":"Black"},{"name":"Vanatoo Transparent Zero Plus","price":449.99,"configuration":2,"wattage":96,"frequency_response":[52,20],"color":"Black"},{"name":"Razer Nommo","price":null,"configuration":2,"wattage":null,"frequency_response":[50,20],"color":"Black"},{"name":"Harman Kardon SoundSticks III","price":null,"configuration":2.1,"wattage":40,"frequency_response":[44,20],"color":null},{"name":"Logitech Z337 w/BlueTooth","price":null,"configuration":2.1,"wattage":40,"frequency_response":null,"color":null},{"name":"Mackie MRS10","price":null,"configuration":1,"wattage":120,"frequency_response":[40,180],"color":"Black"},{"name":"SteelSeries Arena 7 AU","price":null,"configuration":2.1,"wattage":null,"frequency_response":[35,20],"color":"Black"},{"name":"Sony BSP10","price":64.95,"configuration":1,"wattage":20,"frequency_response":null,"color":null},{"name":"SteelSeries Arena 3 EU","price":null,"configuration":2,"wattage":null,"frequency_response":[50,20],"color":"Black"},{"name":"Yamaha HS7 W","price":349.99,"configuration":1,"wattage":95,"frequency_response":[43,30],"color":null},{"name":"Logitech THX Z-5300e","price":null,"configuration":5.1,"wattage":280,"frequency_response":[35,20],"color":null},{"name":"SteelSeries Arena 7 UK","price":null,"configuration":2.1,"wattage":null,"frequency_response":[35,20],"color":"Black"},{"name":"Micca PB42X","price":139.94,"configuration":2,"wattage":30,"frequency_response":[60,20],"color":"Black"},{"name":"Insignia NS-PCS20","price":null,"configuration":2,"wattage":null,"frequency_response":null,"color":null},{"name":"Klipsch Reference R-14PM","price":null,"configuration":2,"wattage":70,"frequency_response":[80,20],"color":"Black / Brown"},{"name":"Kanto YU2Bamboo","price":249.99,"configuration":2,"wattage":50,"frequency_response":[80,20],"color":"Brown / Black"},{"name":"Genius G2.1 2000","price":null,"configuration":2.1,"wattage":45,"frequency_response":[25,20],"color":"Black / Blue"},{"name":"Audioengine HD3-WAL","price":null,"configuration":2,"wattage":60,"frequency_response":[65,22],"color":"Brown / Black"},{"name":"Edifier S2000 PRO","price":null,"configuration":2,"wattage":124,"frequency_response":[48,20],"color":"Brown / Black"},{"name":"Yamaha Yamaha NX-50 2.0 Speaker System - 14 W RMS - Black","price":null,"configuration":2,"wattage":14,"frequency_response":[55,20],"color":"Black"},{"name":"Behringer MS16","price":109,"configuration":2,"wattage":16,"frequency_response":[80,20],"color":null},{"name":"KEF LSXBLUE","price":null,"configuration":2,"wattage":200,"frequency_response":[49,47],"color":"Blue / Black"},{"name":"Audioengine A5+ Bamboo","price":null,"configuration":2,"wattage":100,"frequency_response":[50,22],"color":null},{"name":"KRK RP6 G2","price":null,"configuration":2,"wattage":100,"frequency_response":[48,20],"color":null},{"name":"KRK VXT 8","price":null,"configuration":2,"wattage":360,"frequency_response":[37,22],"color":null},{"name":"Edifier S550","price":null,"configuration":5.1,"wattage":280,"frequency_response":[20,20],"color":null},{"name":"Fluance SX6-BK","price":149.99,"configuration":2,"wattage":100,"frequency_response":[50,20],"color":null},{"name":"Logitech X-140","price":null,"configuration":2,"wattage":4,"frequency_response":[80,18],"color":null},{"name":"Gigabyte GP-S2000","price":null,"configuration":2,"wattage":4,"frequency_response":[100,20],"color":null},{"name":"Genius SP-S110","price":null,"configuration":2,"wattage":1,"frequency_response":[200,20],"color":null},{"name":"Cyber Acoustics CA-2014WB","price":null,"configuration":2,"wattage":1.5,"frequency_response":[85,18],"color":null},{"name":"Logitech Z523","price":null,"configuration":2.1,"wattage":40,"frequency_response":[48,20],"color":null},{"name":"Mackie CR4","price":null,"configuration":2,"wattage":28,"frequency_response":[60,20],"color":null},{"name":"Logitech X-530","price":null,"configuration":5.1,"wattage":70.1,"frequency_response":[40,20],"color":null},{"name":"Edifier Luna Eclipse E25","price":null,"configuration":2,"wattage":74,"frequency_response":[30,20],"color":"Black"},{"name":"Edifier S1000DB","price":null,"configuration":2,"wattage":120,"frequency_response":[48,20],"color":"Brown / Black"},{"name":"Mackie CR3-X","price":null,"configuration":2,"wattage":50,"frequency_response":[80,20],"color":"White"},{"name":"Cyber Acoustics Curve Storm","price":97.62,"configuration":2.1,"wattage":22,"frequency_response":null,"color":null},{"name":"Creative Labs T100","price":94.99,"configuration":2,"wattage":40,"frequency_response":[50,20],"color":"Black"},{"name":"SteelSeries Arena 3 AU","price":99.99,"configuration":2,"wattage":null,"frequency_response":[50,20],"color":"Black"},{"name":"Creative Labs A220","price":null,"configuration":2.1,"wattage":9,"frequency_response":[40,20],"color":null},{"name":"Gigabyte GP-S4600","price":null,"configuration":2,"wattage":1,"frequency_response":[230,20],"color":null},{"name":"Logitech LS11","price":null,"configuration":2,"wattage":3,"frequency_response":[70,20],"color":null},{"name":"M-Audio Studiophile AV30","price":null,"configuration":2,"wattage":20,"frequency_response":[90,20],"color":null},{"name":"Mackie CR3","price":null,"configuration":2,"wattage":50,"frequency_response":[80,20],"color":null},{"name":"Logitech Z150","price":null,"configuration":2,"wattage":null,"frequency_response":null,"color":null},{"name":"Creative Labs A550","price":null,"configuration":5.1,"wattage":null,"frequency_response":null,"color":null},{"name":"Creative Labs A250","price":null,"configuration":2.1,"wattage":9,"frequency_response":[40,20],"color":null},{"name":"Kanto YU2GT","price":null,"configuration":2,"wattage":50,"frequency_response":[80,20],"color":"Blue / Black"},{"name":"Kanto YU2GR","price":null,"configuration":2,"wattage":50,"frequency_response":[80,20],"color":"Red / Black"},{"name":"Creative Labs Stage 360","price":189.99,"configuration":2.1,"wattage":180,"frequency_response":[50,20],"color":"Black"},{"name":"Kanto YU2GW","price":null,"configuration":2,"wattage":50,"frequency_response":[80,20],"color":"White / Black"},{"name":"Creative Labs Inspire T3130","price":null,"configuration":2.1,"wattage":25,"frequency_response":[40,20],"color":null},{"name":"Creative Labs A60","price":null,"configuration":2,"wattage":4,"frequency_response":[90,20],"color":null},{"name":"Creative Labs Inspire T6160","price":null,"configuration":5.1,"wattage":50,"frequency_response":[40,20],"color":null},{"name":"Cyber Acoustics CA3550RB","price":null,"configuration":2.1,"wattage":68,"frequency_response":[22,20],"color":null},{"name":"Cyber Acoustics CA-2002","price":null,"configuration":2,"wattage":6,"frequency_response":[270,18],"color":null},{"name":"Cyber Acoustics CA-2012RB","price":null,"configuration":2,"wattage":1.5,"frequency_response":[85,18],"color":null},{"name":"Cyber Acoustics CA-5402","price":null,"configuration":5.1,"wattage":40,"frequency_response":[70,20],"color":null},{"name":"Cyber Acoustics CA-3602","price":null,"configuration":2.1,"wattage":30,"frequency_response":[50,20],"color":null},{"name":"Audioengine A2 (White)","price":null,"configuration":2,"wattage":30,"frequency_response":[65,22],"color":null},{"name":"Creative Labs Inspire T3300","price":null,"configuration":2.1,"wattage":27,"frequency_response":[40,20],"color":null},{"name":"Creative Labs Inspire T3100","price":null,"configuration":2.1,"wattage":29,"frequency_response":[40,20],"color":null},{"name":"Edifier R19U","price":null,"configuration":2,"wattage":4,"frequency_response":[150,20],"color":null},{"name":"HiVi M10","price":null,"configuration":2.1,"wattage":null,"frequency_response":[100,20],"color":null},{"name":"Microlab FC 330","price":null,"configuration":2.1,"wattage":64,"frequency_response":[35,20],"color":null},{"name":"V7 SP2000-USB-1NC","price":null,"configuration":2,"wattage":1,"frequency_response":null,"color":null},{"name":"Logitech S-220","price":null,"configuration":2.1,"wattage":17,"frequency_response":[85,15],"color":"Black"},{"name":"Kanto YU2GB","price":null,"configuration":2,"wattage":50,"frequency_response":[80,20],"color":"Black"},{"name":"JBL Pebbles","price":null,"configuration":2,"wattage":null,"frequency_response":[70,20],"color":"Black / Red"},{"name":"Altec Lansing VS4621","price":null,"configuration":2.1,"wattage":28,"frequency_response":[45,18],"color":"Black"},{"name":"Fluance Ai60 Black Ash","price":null,"configuration":2,"wattage":100,"frequency_response":[35,30],"color":"Black / Beige"},{"name":"Fluance Ai60 Natural Walnut","price":null,"configuration":2,"wattage":100,"frequency_response":[35,30],"color":"Black / Brown"},{"name":"KEF LSXRED","price":null,"configuration":2,"wattage":200,"frequency_response":[49,47],"color":"Red / Black"},{"name":"SteelSeries Arena 3 UK","price":null,"configuration":2,"wattage":null,"frequency_response":[50,20],"color":"Black"},{"name":"Creative Labs SBS E2900","price":79.98,"configuration":2.1,"wattage":60,"frequency_response":[50,20],"color":"Black"},{"name":"Logitech Z553","price":349.99,"configuration":2.1,"wattage":40,"frequency_response":[55,17],"color":null},{"name":"Creative Labs T12","price":null,"configuration":2,"wattage":18,"frequency_response":[20,20],"color":null},{"name":"Genius SP-HF800A","price":null,"configuration":2,"wattage":20,"frequency_response":[80,20],"color":null},{"name":"Microlab SP-FC20BK","price":null,"configuration":2.1,"wattage":40,"frequency_response":[50,18],"color":null},{"name":"Genius SW-G2.1 1250","price":null,"configuration":2.1,"wattage":38,"frequency_response":[58,20],"color":null},{"name":"Gear Head SP2000USLV","price":null,"configuration":2,"wattage":3,"frequency_response":[200,20],"color":null},{"name":"Cyber Acoustics CA-2011WB","price":null,"configuration":2,"wattage":4,"frequency_response":[220,20],"color":null},{"name":"Logitech LS21","price":null,"configuration":2.1,"wattage":7,"frequency_response":[40,20],"color":null},{"name":"Logitech Z320","price":null,"configuration":2,"wattage":10,"frequency_response":[70,20],"color":null},{"name":"M-Audio Studiophile AV20","price":null,"configuration":2,"wattage":10,"frequency_response":[120,20],"color":null},{"name":"Harman Kardon GLA-55","price":null,"configuration":2,"wattage":112,"frequency_response":[35,20],"color":null},{"name":"KRK VXT4","price":null,"configuration":2,"wattage":90,"frequency_response":[66,22],"color":null},{"name":"Creative Labs T30","price":null,"configuration":2,"wattage":14,"frequency_response":[50,20],"color":null},{"name":"Creative Labs T50","price":null,"configuration":2,"wattage":40,"frequency_response":[50,20],"color":null},{"name":"M-Audio AV42","price":null,"configuration":2,"wattage":40,"frequency_response":[75,20],"color":null},{"name":"Logitech X-230","price":null,"configuration":2.1,"wattage":32,"frequency_response":[40,20],"color":null},{"name":"JBL LSR4328P/PAK","price":null,"configuration":2,"wattage":140,"frequency_response":[50,20],"color":null},{"name":"Creative Labs Sound BlasterX Kratos S5","price":null,"configuration":2.1,"wattage":null,"frequency_response":null,"color":null},{"name":"Creative Labs Sound BlasterX Kratos S3","price":null,"configuration":2.1,"wattage":null,"frequency_response":null,"color":null},{"name":"Genius SP-U115","price":null,"configuration":2,"wattage":null,"frequency_response":[200,18],"color":null},{"name":"Swan Speakers M200MkIII","price":null,"configuration":2,"wattage":120,"frequency_response":[53,20],"color":"Brown / Black"},{"name":"Mackie MR524","price":179.99,"configuration":1,"wattage":50,"frequency_response":[45,20],"color":"Black"},{"name":"Kanto YU2MG","price":null,"configuration":2,"wattage":50,"frequency_response":[80,20],"color":"Silver / Black"},{"name":"Fluance Ai60 White Walnut","price":null,"configuration":2,"wattage":100,"frequency_response":[35,30],"color":"White / Brown"},{"name":"HiFiMAN X100","price":null,"configuration":2.1,"wattage":11,"frequency_response":[20,20],"color":"Black"},{"name":"Pioneer DM-50D-BT","price":null,"configuration":2,"wattage":50,"frequency_response":[60,20],"color":"Black"},{"name":"M-Audio BX8 D3","price":null,"configuration":1,"wattage":150,"frequency_response":[37,22],"color":"Black"},{"name":"Cyber Acoustics CA3001WB","price":null,"configuration":2.1,"wattage":14,"frequency_response":[38,18],"color":null},{"name":"Genius 31730027102","price":null,"configuration":2,"wattage":30,"frequency_response":[50,20],"color":null},{"name":"Microlab SP-FC20WH","price":null,"configuration":2.1,"wattage":40,"frequency_response":[50,18],"color":null},{"name":"Syba CL-SPK20097","price":null,"configuration":2,"wattage":6,"frequency_response":[150,20],"color":null},{"name":"Cyber Acoustics CA3001RB","price":null,"configuration":2.1,"wattage":14,"frequency_response":[38,18],"color":null},{"name":"Creative Labs GigaWorks T3","price":null,"configuration":2.1,"wattage":80,"frequency_response":[30,20],"color":null},{"name":"Gear Head SP2000URED","price":null,"configuration":2,"wattage":3,"frequency_response":[200,20],"color":null},{"name":"Gear Head SP2000UBLU","price":null,"configuration":2,"wattage":3,"frequency_response":[200,20],"color":null},{"name":"Syba CL-SPK20115","price":null,"configuration":2,"wattage":6,"frequency_response":[150,20],"color":null},{"name":"Creative Labs Inspire S2","price":null,"configuration":2.1,"wattage":33,"frequency_response":[40,20],"color":null},{"name":"Cyber Acoustics CA-2100WB","price":null,"configuration":2,"wattage":5.8,"frequency_response":[35,18],"color":null},{"name":"M-Audio BX8 D2","price":null,"configuration":2,"wattage":260,"frequency_response":[30,22],"color":null},{"name":"M-Audio Studiophile AV40","price":null,"configuration":2,"wattage":40,"frequency_response":[85,20],"color":null},{"name":"Genius SP-HF1800A","price":null,"configuration":2,"wattage":50,"frequency_response":[20,20],"color":null},{"name":"Genius SW-G2.1","price":null,"configuration":2.1,"wattage":70,"frequency_response":[35,20],"color":null},{"name":"Audioengine A5","price":null,"configuration":2,"wattage":100,"frequency_response":[50,22],"color":null},{"name":"KRK RP8 G2","price":null,"configuration":2,"wattage":140,"frequency_response":[44,20],"color":null},{"name":"Lenovo M1730","price":null,"configuration":2.1,"wattage":12,"frequency_response":[20,20],"color":null},{"name":"Audioengine A5+N","price":null,"configuration":2,"wattage":50,"frequency_response":[50,22],"color":null},{"name":"Mackie MR5mk3","price":null,"configuration":2,"wattage":100,"frequency_response":[57,20],"color":null},{"name":"Mackie MR6mk3","price":null,"configuration":2,"wattage":130,"frequency_response":[46,20],"color":null},{"name":"Mackie MR8mk3","price":null,"configuration":2,"wattage":170,"frequency_response":[38,20],"color":null},{"name":"M-Audio AV32","price":null,"configuration":2,"wattage":20,"frequency_response":[80,20],"color":null},{"name":"Avermedia GS315","price":null,"configuration":2.1,"wattage":77,"frequency_response":[35,20],"color":null},{"name":"Rosewill SP-7260","price":null,"configuration":2,"wattage":null,"frequency_response":[60,20],"color":null},{"name":"Razer Ferox","price":null,"configuration":2,"wattage":6,"frequency_response":[150,20],"color":null},{"name":"Avermedia GS315-DM","price":null,"configuration":2.1,"wattage":77,"frequency_response":[35,20],"color":null},{"name":"Cyber Acoustics Curve Sonic","price":null,"configuration":2,"wattage":3,"frequency_response":null,"color":null},{"name":"Creative Labs T3250","price":null,"configuration":2.1,"wattage":null,"frequency_response":null,"color":null},{"name":"Cyber Acoustics CA-2014RB-ML","price":null,"configuration":2,"wattage":4,"frequency_response":null,"color":null},{"name":"Cyber Acoustics CA-2027","price":null,"configuration":2,"wattage":5,"frequency_response":null,"color":null},{"name":"Altec Lansing BX1521","price":null,"configuration":2.1,"wattage":null,"frequency_response":null,"color":null},{"name":"Altec Lansing BX1520","price":null,"configuration":2,"wattage":6,"frequency_response":null,"color":null},{"name":"Altec Lansing VS3030","price":null,"configuration":2,"wattage":null,"frequency_response":null,"color":null},{"name":"Pioneer SP-BS21-LR","price":null,"configuration":2,"wattage":80,"frequency_response":[65,20],"color":null},{"name":"Swan Speakers M50W","price":null,"configuration":2.1,"wattage":114,"frequency_response":[38,20],"color":"Brown / Black"},{"name":"Mackie MR624","price":229.99,"configuration":1,"wattage":65,"frequency_response":[38,20],"color":"Black"},{"name":"M-Audio BX8 CARBON","price":null,"configuration":1,"wattage":130,"frequency_response":[38,22],"color":"Black / Silver"},{"name":"M-Audio BX6 CARBON","price":null,"configuration":1,"wattage":100,"frequency_response":[45,22],"color":"Black / Silver"},{"name":"M-Audio M3-8 (black)","price":null,"configuration":1,"wattage":220,"frequency_response":[38,22],"color":"Black"},{"name":"M-Audio BX5 D3 Crimson","price":null,"configuration":1,"wattage":100,"frequency_response":[52,35],"color":"Black / Red"},{"name":"Fluance Ai60 Lucky Bamboo","price":null,"configuration":2,"wattage":100,"frequency_response":[35,30],"color":"White / White"},{"name":"Vanatoo Transparent Zero","price":null,"configuration":2,"wattage":96,"frequency_response":[52,20],"color":"Black"},{"name":"Vanatoo Transparent One Encore","price":null,"configuration":2,"wattage":240,"frequency_response":[48,20],"color":"Black / Brown"},{"name":"Vanatoo Transparent One Encore","price":null,"configuration":2,"wattage":240,"frequency_response":[48,20],"color":"Black"},{"name":"SteelSeries Arena 3 SK","price":null,"configuration":2,"wattage":null,"frequency_response":[50,20],"color":"Black"},{"name":"SteelSeries Arena 7 JP","price":null,"configuration":2.1,"wattage":null,"frequency_response":[35,20],"color":"Black"},{"name":"SteelSeries Arena 9 JP","price":null,"configuration":5.1,"wattage":null,"frequency_response":[35,20],"color":"Black"},{"name":"Logitech S150","price":13.16,"configuration":2,"wattage":2.4,"frequency_response":[90,20],"color":"Black"}]