[{"name":"Arctic Silver 5 High-Density Polysynthetic Silver","price":6.97,"amount":3.5},{"name":"Thermal Grizzly Kryonaut","price":8.99,"amount":1},{"name":"Prolimatech PK-Zero","price":162.24,"amount":600},{"name":"ARCTIC MX-6","price":7.99,"amount":4},{"name":"Thermal Grizzly Kryonaut Extreme","price":21.99,"amount":2},{"name":"Noctua NT-H1","price":8.94,"amount":3.5},{"name":"ARCTIC MX-4 2019 Edition","price":6.98,"amount":4},{"name":"Noctua NT-H2","price":12.95,"amount":3.5},{"name":"Arctic Silver Ceramique 2 Tri-Linear","price":9.85,"amount":2.7},{"name":"Corsair TM30","price":7.99,"amount":3},{"name":"ARCTIC MX-6","price":5.99,"amount":2},{"name":"Thermal Grizzly Kryonaut","price":23.99,"amount":5.5},{"name":"ARCTIC MX-4","price":null,"amount":4},{"name":"Prolimatech PK-3 Nano Aluminum High-Grade","price":11.99,"amount":1.5},{"name":"Thermal Grizzly Conductonaut","price":13.79,"amount":1},{"name":"KINGPINcooling KPx","price":57.82,"amount":30},{"name":"Corsair XTM70","price":19.98,"amount":3},{"name":"Gelid Solutions GC-Extreme","price":8.19,"amount":3.5},{"name":"ARCTIC MX-6","price":10.99,"amount":8},{"name":"Noctua NT-H2","price":30.91,"amount":10},{"name":"Corsair XTM50","price":14.99,"amount":5},{"name":"Prolimatech PK-Zero","price":106.98,"amount":300},{"name":"Thermal Grizzly Kryonaut","price":32.98,"amount":11.1},{"name":"Thermalright TF7","price":5.9,"amount":2},{"name":"Thermal Grizzly Hydronaut","price":14.49,"amount":3.9},{"name":"Prolimatech PK-3 Nano Aluminum High-Grade","price":24.05,"amount":5},{"name":"Arctic Silver 5 High-Density Polysynthetic Silver","price":21.99,"amount":12},{"name":"Thermalright TF9","price":5.59,"amount":2.9},{"name":"Prolimatech PK-3 Nano Aluminum High-Grade","price":47.99,"amount":30},{"name":"ARCTIC MX-4 2019","price":7.49,"amount":8},{"name":"Cooler Master HTK-002","price":11.1,"amount":0.01},{"name":"be quiet! DC1","price":45,"amount":3},{"name":"ARCTIC MX-4","price":14.26,"amount":20},{"name":"Thermalright TF4","price":null,"amount":1.5},{"name":"Thermal Grizzly Aeronaut","price":9.77,"amount":3.9},{"name":"KINGPINcooling KPx","price":10.99,"amount":1},{"name":"KINGPINcooling KPx","price":30.99,"amount":10},{"name":"NZXT High-performance","price":29.98,"amount":15},{"name":"ARCTIC MX-4","price":36.32,"amount":20},{"name":"Cooler Master IC ESSENTIAL E2","price":null,"amount":3.5},{"name":"Cooler Master CryoFuze","price":6.99,"amount":2},{"name":"NZXT High-performance","price":19.98,"amount":3},{"name":"StarTech Metal Oxide","price":9.99,"amount":1.5},{"name":"Thermalright TF9","price":4.69,"amount":1.5},{"name":"ARCTIC MX-5","price":18.88,"amount":2},{"name":"StarTech HeatGrease","price":5.48,"amount":20},{"name":"Deepcool Z5","price":null,"amount":3},{"name":"Thermaltake CL-O002-GROSGM-A","price":12.99,"amount":40},{"name":"Cooler Master IC ESSENTIAL E1","price":6.99,"amount":3.75},{"name":"Cooler Master MasterGel Pro","price":26.5,"amount":1.5},{"name":"Cooler Master MasterGel Maker","price":11.98,"amount":1.5},{"name":"Arctic Silver Ceramique 2 Tri-Linear","price":13.76,"amount":25},{"name":"EK EK-TIM Ectotherm","price":20.41,"amount":5},{"name":"Antec Formula 7 Nano Diamond","price":null,"amount":4},{"name":"Cooler Master CryoFuze Violet","price":null,"amount":2},{"name":"ARCTIC MX-2","price":null,"amount":65},{"name":"ARCTIC MX-2 2019 Edition","price":null,"amount":4},{"name":"Thermaltake CL-O004-GROSGM-A","price":9.48,"amount":4},{"name":"Innovation Cooling Diamond \"7 Carat\"","price":null,"amount":1.5},{"name":"Coollaboratory Liquid Ultra","price":12.5,"amount":0.15},{"name":"Thermalright TF8","price":25.32,"amount":2},{"name":"ARCTIC MX-5 Incl. Spatula","price":null,"amount":2},{"name":"Prolimatech PK-2 Nano Aluminum High-Grade","price":39.33,"amount":30},{"name":"Prolimatech PK-1","price":38.99,"amount":30},{"name":"Thermalright TFX","price":null,"amount":2},{"name":"EVGA Frostbite 2","price":8.56,"amount":2.5},{"name":"Coollaboratory Liquid Pro","price":13.89,"amount":0.15},{"name":"Deepcool Z3","price":null,"amount":1.5},{"name":"ARCTIC MX-5","price":null,"amount":4},{"name":"TUNIQ TX-4 Extreme Performance","price":12.99,"amount":1},{"name":"Cooler Master MasterGel Regular","price":10.98,"amount":1.5},{"name":"Gelid Solutions GC-4","price":null,"amount":3.5},{"name":"Arctic Silver Arctic Alumina Premium Ceramic Polysynthetic","price":null,"amount":1.75},{"name":"Prolimatech PK-2 Nano Aluminum High-Grade","price":16.35,"amount":5},{"name":"Masscool Stars-700","price":10.98,"amount":0.5},{"name":"ARCTIC MX-2","price":null,"amount":65},{"name":"Cooler Master MasterGel Maker","price":11.98,"amount":1.5},{"name":"Phanteks PH-NDC_02","price":12.8,"amount":2},{"name":"Cooler Master IceFusion","price":null,"amount":200},{"name":"Thermalright Silver King","price":null,"amount":1},{"name":"ARCTIC MX-5 Incl. Spatula","price":null,"amount":8},{"name":"Gelid Solutions GC-4","price":null,"amount":1},{"name":"Gelid Solutions GC-4","price":null,"amount":10},{"name":"Prolimatech PK-2 Nano Aluminum High-Grade","price":9.86,"amount":1.5},{"name":"Gelid Solutions GC-Extreme","price":24.99,"amount":10},{"name":"ARCTIC MX-2","price":null,"amount":4},{"name":"Thermaltake CLZ0022","price":null,"amount":4},{"name":"Innovation Cooling ICD24","price":null,"amount":4.8},{"name":"Thermalright Chill Factor 3","price":null,"amount":4},{"name":"Prolimatech PK-1","price":14.99,"amount":5},{"name":"Antec Formula 6 Nano Diamond","price":null,"amount":4},{"name":"Cooler Master ThermalFusion 400","price":null,"amount":4},{"name":"Zalman ZM-STG2","price":null,"amount":3.5},{"name":"Sunbeam Iceberg TS-IB","price":null,"amount":1},{"name":"Deepcool Z9","price":null,"amount":3},{"name":"Cooler Master Extreme Fusion X1","price":null,"amount":1.5},{"name":"Prolimatech PK-Zero","price":13.09,"amount":5},{"name":"NOX Thermal 880","price":null,"amount":23},{"name":"ARCTIC MX-5","price":null,"amount":8},{"name":"ARCTIC MX-5","price":null,"amount":20},{"name":"Iceberg Thermal FUZEIce","price":null,"amount":7},{"name":"Iceberg Thermal FUZEIce Plus","price":null,"amount":7},{"name":"Zalman ZM - STG1","price":null,"amount":3.5},{"name":"Cooler Master IceFusion","price":null,"amount":40},{"name":"Gelid Solutions GC-Supreme","price":null,"amount":7},{"name":"TUNIQ TX-2","price":null,"amount":3.5},{"name":"ARCTIC MX-2","price":null,"amount":30},{"name":"Thermaltake CL-O0028","price":null,"amount":4},{"name":"Antec 77064","price":null,"amount":1},{"name":"Thermaltake CL-O001-GROSGM-A","price":11.98,"amount":1.5},{"name":"Cooler Master MasterGel Maker","price":null,"amount":4},{"name":"CRYORIG CP5","price":null,"amount":4},{"name":"Thermalright TF8","price":null,"amount":5.8},{"name":"Thermalright TFX","price":null,"amount":6.2},{"name":"Akasa AK-TCW-03","price":null,"amount":5},{"name":"ARCTIC MX-5 Incl. Spatula","price":null,"amount":4},{"name":"ARCTIC MX-5 Incl. Spatula","price":null,"amount":20},{"name":"Iceberg Thermal FUZEIce Plus","price":null,"amount":3.5},{"name":"Prolimatech PK-1","price":13.53,"amount":1.5},{"name":"Arctic Silver Arctic Alumina Premium Ceramic Polysynthetic","price":null,"amount":14},{"name":"Evercool TC-25","price":null,"amount":25},{"name":"Xigmatek PTI-G4512","price":null,"amount":4},{"name":"TUNIQ TX-2 Extreme","price":null,"amount":1},{"name":"Rosewill RCX-TC001","price":8,"amount":5},{"name":"Masscool G751 Shin-Etsu","price":null,"amount":0.5},{"name":"Masscool Fanner-420","price":null,"amount":2},{"name":"Arctic Silver Arctic Alumina","price":null,"amount":5},{"name":"Rosewill RCX-TC090PRO","price":null,"amount":20},{"name":"Xigmatek PTI-G3606","price":null,"amount":3},{"name":"Biostar TC-DIAMOND","price":null,"amount":1.5},{"name":"Xigmatek Freezing Point G4718","price":null,"amount":4},{"name":"Evercool STC-01","price":null,"amount":4},{"name":"Syba CL-PTSL-COOL","price":null,"amount":1.5},{"name":"Sunbeam GI-1","price":null,"amount":3.5},{"name":"Thermene Graphene","price":null,"amount":9},{"name":"Evercool STC-02","price":null,"amount":3},{"name":"Logisys Z5","price":null,"amount":3},{"name":"Xigmatek Freezing Point G4718","price":null,"amount":4},{"name":"Prolimatech PK-Zero","price":null,"amount":1.5},{"name":"Prolimatech PK-Zero","price":null,"amount":30},{"name":"CRYORIG CP15","price":null,"amount":4},{"name":"CRYORIG CP7","price":null,"amount":4},{"name":"Graphitene GTP-5","price":null,"amount":3.5},{"name":"Gelid Solutions GC-2","price":null,"amount":7},{"name":"ARCTIC MX-2","price":null,"amount":30},{"name":"Iceberg Thermal FUZEIce","price":null,"amount":3.5},{"name":"Gelid Solutions GC-Extreme","price":null,"amount":1},{"name":"Gelid Solutions GC-Extreme","price":null,"amount":3.5},{"name":"Gelid Solutions GC-Extreme","price":null,"amount":10}]