[{"name":"Arctic Silver 5 High-Density Polysynthetic Silver","price":6.95,"amount":3.5},{"name":"Thermal Grizzly Kryonaut","price":6.99,"amount":1},{"name":"Prolimatech PK-Zero","price":163.41,"amount":600},{"name":"ARCTIC MX-6","price":6.15,"amount":4},{"name":"Thermal Grizzly Kryonaut Extreme","price":21.99,"amount":2},{"name":"Noctua NT-H1","price":8.94,"amount":3.5},{"name":"ARCTIC MX-4 (2019)","price":5.38,"amount":4},{"name":"Corsair TM30","price":7.99,"amount":3},{"name":"Noctua NT-H2","price":12.95,"amount":3.5},{"name":"Arctic Silver Ceramique 2 Tri-Linear","price":3.85,"amount":2.7},{"name":"ARCTIC MX-6","price":4.61,"amount":2},{"name":"Thermal Grizzly Conductonaut Extreme","price":70.98,"amount":5},{"name":"Corsair XTM70","price":24.99,"amount":3},{"name":"Thermal Grizzly Kryonaut","price":19,"amount":5.5},{"name":"Prolimatech PK-3 Nano Aluminum High-Grade","price":47.99,"amount":30},{"name":"Noctua NT-H2","price":30.6,"amount":10},{"name":"Gelid Solutions GC-Extreme","price":9.99,"amount":3.5},{"name":"ARCTIC MX-4","price":null,"amount":4},{"name":"Corsair XTM50","price":14.99,"amount":5},{"name":"Thermal Grizzly Conductonaut Extreme","price":19.98,"amount":1},{"name":"Prolimatech PK-3 Nano Aluminum High-Grade","price":11.99,"amount":1.5},{"name":"Thermalright TF9","price":3.99,"amount":1.5},{"name":"Thermal Grizzly Kryonaut","price":29.95,"amount":11.1},{"name":"ARCTIC MX-6","price":17.98,"amount":8},{"name":"ARCTIC MX-4 (2019)","price":6.12,"amount":8},{"name":"KINGPINcooling KPx","price":57.99,"amount":30},{"name":"Thermal Grizzly Conductonaut","price":14.15,"amount":1},{"name":"Arctic Silver 5 High-Density Polysynthetic Silver","price":20.57,"amount":12},{"name":"Thermal Grizzly Hydronaut","price":14.49,"amount":3.9},{"name":"ARCTIC MX-4","price":40.61,"amount":20},{"name":"Cooler Master IC ESSENTIAL E1","price":6.99,"amount":3.75},{"name":"Cooler Master HTK-002","price":5.37,"amount":0.01},{"name":"Prolimatech PK-3 Nano Aluminum High-Grade","price":24.99,"amount":5},{"name":"ARCTIC MX-4","price":10.77,"amount":20},{"name":"KINGPINcooling KPx","price":11.38,"amount":1},{"name":"StarTech Metal Oxide","price":9.99,"amount":1.5},{"name":"Thermalright TF7","price":4.99,"amount":2},{"name":"Thermal Grizzly Aeronaut","price":8.15,"amount":3.9},{"name":"Cooler Master MasterGel Pro","price":14.99,"amount":1.5},{"name":"Thermalright TF9","price":5.59,"amount":2.9},{"name":"ARCTIC MX-4 (2019)","price":19.23,"amount":45},{"name":"KINGPINcooling KPx","price":27.84,"amount":10},{"name":"Cooler Master CryoFuze","price":6.99,"amount":2},{"name":"ARCTIC MX-5","price":18.79,"amount":2},{"name":"NZXT High-performance","price":null,"amount":15},{"name":"Prolimatech PK-Zero","price":106.98,"amount":300},{"name":"Deepcool Z5","price":null,"amount":3},{"name":"Thermaltake CL-O002-GROSGM-A","price":12.99,"amount":40},{"name":"NZXT High-performance","price":null,"amount":3},{"name":"Innovation Cooling Diamond \"7 Carat\"","price":19.18,"amount":1.5},{"name":"ARCTIC MX-4 (2019)","price":null,"amount":2},{"name":"Coollaboratory Liquid Pro","price":11.12,"amount":0.15},{"name":"Thermalright TF8","price":26.8,"amount":2},{"name":"EVGA Frostbite 2","price":11.98,"amount":2.5},{"name":"Cooler Master IC ESSENTIAL E2","price":null,"amount":3.5},{"name":"Deepcool DP-TIM-Z10-1","price":21.24,"amount":5},{"name":"Thermalright TF4","price":null,"amount":1.5},{"name":"Cooler Master MasterGel Maker","price":22.1,"amount":1.5},{"name":"ARCTIC MX-2 2019 Edition","price":null,"amount":4},{"name":"StarTech HeatGrease","price":7.99,"amount":20},{"name":"Arctic Silver Ceramique 2 Tri-Linear","price":18.7,"amount":25},{"name":"Thermaltake CL-O004-GROSGM-A","price":9.48,"amount":4},{"name":"ARCTIC MX-2","price":null,"amount":4},{"name":"Deepcool Z3","price":null,"amount":1.5},{"name":"Prolimatech PK-2 Nano Aluminum High-Grade","price":39.33,"amount":30},{"name":"Thermaltake TG-50","price":20.3,"amount":4},{"name":"be quiet! DC1","price":35.03,"amount":3},{"name":"Coollaboratory Liquid Ultra","price":null,"amount":0.15},{"name":"Thermalright TFX","price":null,"amount":2},{"name":"ARCTIC MX-5 Incl. Spatula","price":null,"amount":2},{"name":"Gelid Solutions GC-Extreme","price":19.98,"amount":10},{"name":"Deepcool EX750","price":11.58,"amount":5},{"name":"Prolimatech PK-2 Nano Aluminum High-Grade","price":9.83,"amount":1.5},{"name":"ARCTIC MX-2","price":null,"amount":65},{"name":"Thermaltake CL-O001-GROSGM-A","price":11.98,"amount":1.5},{"name":"Cooler Master CryoFuze Violet","price":null,"amount":2},{"name":"Prolimatech PK-Zero","price":13.99,"amount":5},{"name":"Prolimatech PK-2 Nano Aluminum High-Grade","price":16.35,"amount":5},{"name":"Zalman ZM-STG2","price":null,"amount":3.5},{"name":"ARCTIC MX-2","price":null,"amount":65},{"name":"Thermaltake CLZ0022","price":null,"amount":4},{"name":"Rosewill RCX-TC001","price":8,"amount":5},{"name":"Arctic Silver Arctic Alumina Premium Ceramic Polysynthetic","price":null,"amount":1.75},{"name":"ARCTIC MX-5","price":null,"amount":4},{"name":"ARCTIC MX-5","price":null,"amount":8},{"name":"EK EK-TIM Ectotherm","price":20.41,"amount":5},{"name":"Gelid Solutions GC-4","price":null,"amount":1},{"name":"TUNIQ TX-4 Extreme Performance","price":12.99,"amount":1},{"name":"Enermax ETC521","price":11.99,"amount":3},{"name":"Cooler Master IceFusion","price":null,"amount":40},{"name":"Thermalright Chill Factor 3","price":null,"amount":4},{"name":"Gelid Solutions GC-4","price":null,"amount":10},{"name":"Prolimatech PK-1","price":42.8,"amount":30},{"name":"Thermaltake TG-30","price":13.99,"amount":4},{"name":"Antec Formula 7 Nano Diamond","price":null,"amount":4},{"name":"Antec 77064","price":null,"amount":1},{"name":"Cooler Master MasterGel Maker","price":null,"amount":4},{"name":"Akasa AK-TCW-03","price":12.33,"amount":5},{"name":"ARCTIC MX-2","price":null,"amount":8},{"name":"Cooler Master ThermalFusion 400","price":null,"amount":4},{"name":"Masscool Stars-700","price":5.99,"amount":0.5},{"name":"Syba CL-PTSL-COOL","price":null,"amount":1.5},{"name":"Thermene Graphene","price":null,"amount":9},{"name":"CRYORIG CP15","price":null,"amount":4},{"name":"CRYORIG CP7","price":null,"amount":4},{"name":"Thermalright TFX","price":null,"amount":6.2},{"name":"ARCTIC MX-5 Incl. Spatula","price":null,"amount":8},{"name":"Iceberg Thermal FUZEIce","price":null,"amount":7},{"name":"Deepcool EX750","price":null,"amount":3},{"name":"Prolimatech PK-1","price":14.99,"amount":5},{"name":"Zalman ZM - STG1","price":null,"amount":3.5},{"name":"Cooler Master IceFusion","price":null,"amount":200},{"name":"Masscool G751 Shin-Etsu","price":null,"amount":0.5},{"name":"Thermaltake CL-O0028","price":null,"amount":4},{"name":"Cooler Master MasterGel Maker","price":null,"amount":1.5},{"name":"Cooler Master MasterGel Regular","price":null,"amount":1.5},{"name":"Thermalright TF8","price":null,"amount":5.8},{"name":"Thermalright Silver King","price":null,"amount":1},{"name":"NOX Thermal 880","price":null,"amount":23},{"name":"Iceberg Thermal FUZEIce","price":null,"amount":3.5},{"name":"Iceberg Thermal FUZEIce Plus","price":null,"amount":7},{"name":"Gelid Solutions GC-4","price":null,"amount":3.5},{"name":"Gelid Solutions GC-Extreme","price":null,"amount":1},{"name":"Gelid Solutions GC-Extreme","price":null,"amount":3.5},{"name":"Gelid Solutions GC-Extreme","price":null,"amount":10},{"name":"Prolimatech PK-1","price":12.86,"amount":1.5},{"name":"ARCTIC MX-2","price":null,"amount":30},{"name":"Antec Formula 6 Nano Diamond","price":null,"amount":4},{"name":"Arctic Silver Arctic Alumina Premium Ceramic Polysynthetic","price":null,"amount":14},{"name":"Evercool TC-25","price":null,"amount":25},{"name":"Gelid Solutions GC-Supreme","price":null,"amount":7},{"name":"TUNIQ TX-2","price":null,"amount":3.5},{"name":"Xigmatek PTI-G4512","price":null,"amount":4},{"name":"TUNIQ TX-2 Extreme","price":null,"amount":1},{"name":"Masscool Fanner-420","price":null,"amount":2},{"name":"ARCTIC MX-2","price":null,"amount":30},{"name":"Arctic Silver Arctic Alumina","price":null,"amount":5},{"name":"Rosewill RCX-TC090PRO","price":null,"amount":20},{"name":"Xigmatek PTI-G3606","price":null,"amount":3},{"name":"Biostar TC-DIAMOND","price":null,"amount":1.5},{"name":"Xigmatek Freezing Point G4718","price":null,"amount":4},{"name":"Evercool STC-01","price":null,"amount":4},{"name":"Sunbeam GI-1","price":null,"amount":3.5},{"name":"Sunbeam Iceberg TS-IB","price":null,"amount":1},{"name":"Deepcool Z9","price":null,"amount":3},{"name":"Evercool STC-02","price":null,"amount":3},{"name":"Logisys Z5","price":null,"amount":3},{"name":"Xigmatek Freezing Point G4718","price":null,"amount":4},{"name":"Cooler Master Extreme Fusion X1","price":null,"amount":1.5},{"name":"Prolimatech PK-Zero","price":null,"amount":1.5},{"name":"Prolimatech PK-Zero","price":null,"amount":30},{"name":"CRYORIG CP5","price":null,"amount":4},{"name":"Innovation Cooling ICD24","price":null,"amount":4.8},{"name":"Phanteks PH-NDC_02","price":15.99,"amount":2},{"name":"Graphitene GTP-5","price":null,"amount":3.5},{"name":"Gelid Solutions GC-2","price":null,"amount":7},{"name":"ARCTIC MX-5 Incl. Spatula","price":null,"amount":4},{"name":"ARCTIC MX-5","price":null,"amount":20},{"name":"ARCTIC MX-5 Incl. Spatula","price":null,"amount":20},{"name":"Iceberg Thermal FUZEIce Plus","price":null,"amount":3.5},{"name":"YEYIAN YCT-PHTC-01","price":null,"amount":2}]