[{"name":"Arctic Silver 5 High-Density Polysynthetic Silver","price":6.97,"amount":3.5},{"name":"Thermal Grizzly Kryonaut","price":8.99,"amount":1},{"name":"Prolimatech PK-Zero","price":157.32,"amount":600},{"name":"Thermal Grizzly Kryonaut Extreme","price":21.99,"amount":2},{"name":"ARCTIC MX-6","price":7.99,"amount":4},{"name":"ARCTIC MX-4 2019 Edition","price":6.98,"amount":4},{"name":"Noctua NT-H1","price":8.94,"amount":3.5},{"name":"Noctua NT-H2","price":12.95,"amount":3.5},{"name":"Arctic Silver Ceramique 2 Tri-Linear","price":null,"amount":2.7},{"name":"Corsair TM30","price":6.95,"amount":3},{"name":"Thermal Grizzly Kryonaut","price":23.99,"amount":5.5},{"name":"Thermal Grizzly Conductonaut","price":13.39,"amount":1},{"name":"ARCTIC MX-6","price":5.99,"amount":2},{"name":"Noctua NT-H2","price":30.91,"amount":10},{"name":"ARCTIC MX-4","price":null,"amount":4},{"name":"ARCTIC MX-6","price":10.99,"amount":8},{"name":"Gelid Solutions GC-Extreme","price":9.53,"amount":3.5},{"name":"Prolimatech PK-3 Nano Aluminum High-Grade","price":23.85,"amount":5},{"name":"KINGPINcooling KPx","price":57.82,"amount":30},{"name":"Thermal Grizzly Kryonaut","price":29.89,"amount":11.1},{"name":"Prolimatech PK-3 Nano Aluminum High-Grade","price":11.81,"amount":1.5},{"name":"Corsair XTM70","price":19.98,"amount":3},{"name":"Corsair XTM50","price":14.99,"amount":5},{"name":"Thermalright TF7","price":4.29,"amount":2},{"name":"Thermal Grizzly Hydronaut","price":10,"amount":3.9},{"name":"Prolimatech PK-Zero","price":101.48,"amount":300},{"name":"ARCTIC MX-4","price":37.77,"amount":20},{"name":"Arctic Silver 5 High-Density Polysynthetic Silver","price":21.99,"amount":12},{"name":"Cooler Master HTK-002","price":8.83,"amount":0.01},{"name":"Prolimatech PK-3 Nano Aluminum High-Grade","price":48.99,"amount":30},{"name":"KINGPINcooling KPx","price":10.99,"amount":1},{"name":"Thermaltake CL-O004-GROSGM-A","price":12.98,"amount":4},{"name":"ARCTIC MX-4 2019","price":7.49,"amount":8},{"name":"ARCTIC MX-4","price":19.85,"amount":20},{"name":"KINGPINcooling KPx","price":30.44,"amount":10},{"name":"be quiet! DC1","price":45,"amount":3},{"name":"NZXT High-performance","price":29.98,"amount":15},{"name":"Thermalright TF4","price":null,"amount":1.5},{"name":"Cooler Master IC ESSENTIAL E1","price":6.99,"amount":3.75},{"name":"Thermal Grizzly Aeronaut","price":9.98,"amount":3.9},{"name":"Thermalright TF9","price":4.59,"amount":2.9},{"name":"Cooler Master MasterGel Pro","price":20.88,"amount":1.5},{"name":"Cooler Master MasterGel Maker","price":13.97,"amount":1.5},{"name":"Cooler Master IC ESSENTIAL E2","price":null,"amount":3.5},{"name":"Thermaltake CL-O002-GROSGM-A","price":12.99,"amount":40},{"name":"Coollaboratory Liquid Pro","price":13.77,"amount":0.15},{"name":"NZXT High-performance","price":19.98,"amount":3},{"name":"ARCTIC MX-5","price":null,"amount":2},{"name":"Cooler Master CryoFuze","price":6.99,"amount":2},{"name":"Deepcool Z5","price":null,"amount":3},{"name":"Thermalright TF9","price":4.69,"amount":1.5},{"name":"ARCTIC MX-2 2019 Edition","price":null,"amount":4},{"name":"Antec Formula 7 Nano Diamond","price":20.53,"amount":4},{"name":"Innovation Cooling Diamond \"7 Carat\"","price":null,"amount":1.5},{"name":"Deepcool Z3","price":null,"amount":1.5},{"name":"Thermalright TFX","price":null,"amount":2},{"name":"StarTech Metal Oxide","price":9.99,"amount":1.5},{"name":"EVGA Frostbite 2","price":10.14,"amount":2.5},{"name":"Coollaboratory Liquid Ultra","price":12.35,"amount":0.15},{"name":"ARCTIC MX-2","price":null,"amount":65},{"name":"EK EK-TIM Ectotherm","price":42.92,"amount":5},{"name":"StarTech HeatGrease","price":5.48,"amount":20},{"name":"Gelid Solutions GC-4","price":null,"amount":3.5},{"name":"Cooler Master CryoFuze Violet","price":null,"amount":2},{"name":"TUNIQ TX-4 Extreme Performance","price":12.99,"amount":1},{"name":"Cooler Master MasterGel Regular","price":11.99,"amount":1.5},{"name":"ARCTIC MX-5 Incl. Spatula","price":null,"amount":2},{"name":"ARCTIC MX-5","price":null,"amount":4},{"name":"Prolimatech PK-1","price":38.99,"amount":30},{"name":"ARCTIC MX-5 Incl. Spatula","price":null,"amount":8},{"name":"Arctic Silver Ceramique 2 Tri-Linear","price":13.58,"amount":25},{"name":"Prolimatech PK-Zero","price":12.86,"amount":5},{"name":"Thermalright TF8","price":null,"amount":2},{"name":"Cooler Master MasterGel Maker","price":16.99,"amount":1.5},{"name":"Gelid Solutions GC-Extreme","price":24.99,"amount":10},{"name":"Cooler Master IceFusion","price":null,"amount":200},{"name":"Prolimatech PK-2 Nano Aluminum High-Grade","price":9.75,"amount":1.5},{"name":"Rosewill RCX-TC001","price":8,"amount":5},{"name":"Thermaltake CLZ0022","price":null,"amount":4},{"name":"Cooler Master MasterGel Maker","price":null,"amount":4},{"name":"Iceberg Thermal FUZEIce Plus","price":null,"amount":7},{"name":"Prolimatech PK-2 Nano Aluminum High-Grade","price":37.21,"amount":30},{"name":"Gelid Solutions GC-4","price":null,"amount":1},{"name":"Arctic Silver Arctic Alumina Premium Ceramic Polysynthetic","price":null,"amount":1.75},{"name":"ARCTIC MX-2","price":null,"amount":4},{"name":"Sunbeam Iceberg TS-IB","price":null,"amount":1},{"name":"Thermaltake CL-O001-GROSGM-A","price":11.98,"amount":1.5},{"name":"ARCTIC MX-5 Incl. Spatula","price":null,"amount":4},{"name":"ARCTIC MX-2","price":null,"amount":65},{"name":"Prolimatech PK-1","price":14.99,"amount":5},{"name":"Arctic Silver Arctic Alumina Premium Ceramic Polysynthetic","price":null,"amount":14},{"name":"Prolimatech PK-2 Nano Aluminum High-Grade","price":16.04,"amount":5},{"name":"Masscool Stars-700","price":10.98,"amount":0.5},{"name":"ARCTIC MX-2","price":null,"amount":30},{"name":"Prolimatech PK-1","price":13.45,"amount":1.5},{"name":"Thermene Graphene","price":null,"amount":9},{"name":"Antec 77064","price":null,"amount":1},{"name":"Phanteks PH-NDC_02","price":7.23,"amount":2},{"name":"Thermalright Silver King","price":null,"amount":1},{"name":"ARCTIC MX-5","price":null,"amount":8},{"name":"ARCTIC MX-5","price":null,"amount":20},{"name":"Iceberg Thermal FUZEIce","price":null,"amount":7},{"name":"Cooler Master IceFusion","price":null,"amount":40},{"name":"Cooler Master ThermalFusion 400","price":null,"amount":4},{"name":"TUNIQ TX-2","price":null,"amount":3.5},{"name":"Zalman ZM-STG2","price":null,"amount":3.5},{"name":"Arctic Silver Arctic Alumina","price":null,"amount":5},{"name":"Syba CL-PTSL-COOL","price":null,"amount":1.5},{"name":"Prolimatech PK-Zero","price":null,"amount":30},{"name":"Thermalright Chill Factor 3","price":null,"amount":4},{"name":"Thermalright TF8","price":null,"amount":5.8},{"name":"Thermalright TFX","price":null,"amount":6.2},{"name":"NOX Thermal 880","price":null,"amount":23},{"name":"Gelid Solutions GC-4","price":null,"amount":10},{"name":"Antec Formula 6 Nano Diamond","price":null,"amount":4},{"name":"Zalman ZM - STG1","price":null,"amount":3.5},{"name":"Evercool TC-25","price":null,"amount":25},{"name":"Gelid Solutions GC-Supreme","price":null,"amount":7},{"name":"Xigmatek PTI-G4512","price":null,"amount":4},{"name":"TUNIQ TX-2 Extreme","price":null,"amount":1},{"name":"Masscool G751 Shin-Etsu","price":null,"amount":0.5},{"name":"Masscool Fanner-420","price":null,"amount":2},{"name":"Rosewill RCX-TC090PRO","price":null,"amount":20},{"name":"Xigmatek PTI-G3606","price":null,"amount":3},{"name":"Biostar TC-DIAMOND","price":null,"amount":1.5},{"name":"Thermaltake CL-O0028","price":null,"amount":4},{"name":"Xigmatek Freezing Point G4718","price":null,"amount":4},{"name":"Evercool STC-01","price":null,"amount":4},{"name":"Sunbeam GI-1","price":null,"amount":3.5},{"name":"Deepcool Z9","price":null,"amount":3},{"name":"Evercool STC-02","price":null,"amount":3},{"name":"Logisys Z5","price":null,"amount":3},{"name":"Xigmatek Freezing Point G4718","price":null,"amount":4},{"name":"Cooler Master Extreme Fusion X1","price":null,"amount":1.5},{"name":"Prolimatech PK-Zero","price":null,"amount":1.5},{"name":"CRYORIG CP15","price":null,"amount":4},{"name":"CRYORIG CP5","price":null,"amount":4},{"name":"CRYORIG CP7","price":null,"amount":4},{"name":"Innovation Cooling ICD24","price":null,"amount":4.8},{"name":"Graphitene GTP-5","price":null,"amount":3.5},{"name":"Gelid Solutions GC-2","price":null,"amount":7},{"name":"ARCTIC MX-2","price":null,"amount":30},{"name":"Akasa AK-TCW-03","price":null,"amount":5},{"name":"ARCTIC MX-5 Incl. Spatula","price":null,"amount":20},{"name":"Iceberg Thermal FUZEIce","price":null,"amount":3.5},{"name":"Iceberg Thermal FUZEIce Plus","price":null,"amount":3.5},{"name":"Gelid Solutions GC-Extreme","price":null,"amount":1},{"name":"Gelid Solutions GC-Extreme","price":null,"amount":3.5},{"name":"Gelid Solutions GC-Extreme","price":null,"amount":10}]