[{"name":"Arctic Silver 5 High-Density Polysynthetic Silver","price":7.95,"amount":3.5},{"name":"Thermal Grizzly Kryonaut","price":7.75,"amount":1},{"name":"ARCTIC MX-6","price":7.99,"amount":4},{"name":"Noctua NT-H2","price":14.95,"amount":3.5},{"name":"Thermal Grizzly Kryonaut Extreme","price":21.99,"amount":2},{"name":"Prolimatech PK-Zero","price":135.24,"amount":300},{"name":"Corsair TM30","price":7.88,"amount":3},{"name":"ARCTIC MX-4 (2019)","price":8.99,"amount":4},{"name":"Arctic Silver Ceramique 2 Tri-Linear","price":3.85,"amount":2.7},{"name":"Corsair XTM70","price":24.99,"amount":3},{"name":"Noctua NT-H1","price":8.94,"amount":3.5},{"name":"ARCTIC MX-6","price":12.99,"amount":8},{"name":"Thermal Grizzly Duronaut","price":9.99,"amount":2},{"name":"Thermal Grizzly Duronaut","price":18.75,"amount":6},{"name":"Thermalright TF7","price":4.38,"amount":2},{"name":"ARCTIC MX-6","price":7.99,"amount":2},{"name":"Noctua NT-H2","price":null,"amount":10},{"name":"ARCTIC MX-4 w/ Spatula","price":7.99,"amount":8},{"name":"Thermal Grizzly Conductonaut Extreme","price":49.99,"amount":5},{"name":"Thermal Grizzly Kryonaut Extreme","price":99.99,"amount":33.84},{"name":"Prolimatech PK-Zero","price":null,"amount":600},{"name":"ARCTIC MX-4","price":null,"amount":4},{"name":"ARCTIC MX-4 w/ Spatula","price":null,"amount":4},{"name":"Thermal Hero QUANTUM","price":107.99,"amount":50},{"name":"Asus ROG RG-07 KIT","price":35.34,"amount":3},{"name":"Corsair XTM50","price":14.99,"amount":5},{"name":"Thermal Grizzly Kryonaut","price":21.99,"amount":5.5},{"name":"Cooler Master CryoFuze","price":4.34,"amount":2},{"name":"Asus ROG RG-07","price":8.99,"amount":3},{"name":"Thermal Grizzly Aeronaut","price":5.79,"amount":3.9},{"name":"Thermal Grizzly Conductonaut Extreme","price":16.75,"amount":1},{"name":"Thermal Grizzly Polartherm X-8","price":5.9,"amount":2},{"name":"Arctic Silver 5 High-Density Polysynthetic Silver","price":25.99,"amount":12},{"name":"Thermal Grizzly Kryonaut","price":27.75,"amount":11.1},{"name":"KINGPINcooling KPx","price":8.98,"amount":1},{"name":"Thermalright TF9","price":4.88,"amount":1.5},{"name":"ARCTIC MX-2","price":null,"amount":4},{"name":"ID-COOLING Frost X45","price":null,"amount":4},{"name":"Thermal Grizzly Hydronaut","price":10.75,"amount":3.9},{"name":"KINGPINcooling KPx","price":56.56,"amount":30},{"name":"KINGPINcooling KPx","price":28.55,"amount":10},{"name":"Prolimatech PK-3 Nano Aluminum High-Grade","price":39.99,"amount":30},{"name":"Thermal Grizzly Conductonaut","price":10.75,"amount":1},{"name":"Gelid Solutions GC-Extreme","price":8.99,"amount":3.5},{"name":"ARCTIC MX-4 (2019)","price":7.99,"amount":8},{"name":"Zalman STC9","price":4.95,"amount":4},{"name":"ARCTIC MX-4","price":36.5,"amount":20},{"name":"Thermalright TF9","price":6.09,"amount":2.9},{"name":"ARCTIC MX-5 Incl. Spatula","price":null,"amount":2},{"name":"Prolimatech PK-3 Nano Aluminum High-Grade","price":9.99,"amount":1.5},{"name":"Cooler Master HTK-002","price":10.35,"amount":0.01},{"name":"ARCTIC MX-4","price":13.99,"amount":20},{"name":"ARCTIC MX-4 (2019)","price":24.99,"amount":45},{"name":"be quiet! DC2","price":7.9,"amount":3},{"name":"Thermal Grizzly Polartherm X-10","price":6.29,"amount":2},{"name":"StarTech Metal Oxide","price":9.99,"amount":1.5},{"name":"Deepcool Z5","price":null,"amount":3},{"name":"Prolimatech PK-3 Nano Aluminum High-Grade","price":17.98,"amount":5},{"name":"Thermaltake CL-O004-GROSGM-A","price":12.98,"amount":4},{"name":"ID-COOLING Frost X45","price":null,"amount":2},{"name":"Cooler Master MasterGel Pro","price":17.08,"amount":1.5},{"name":"Thermalright TF4","price":null,"amount":1.5},{"name":"Innovation Cooling Diamond \"7 Carat\"","price":null,"amount":1.5},{"name":"Thermal Grizzly Polartherm X-8","price":9.99,"amount":10},{"name":"Thermalright TFX","price":null,"amount":2},{"name":"Cooler Master IC ESSENTIAL E2","price":null,"amount":3.5},{"name":"Thermal Hero ULTRA with paste gun","price":88.99,"amount":50},{"name":"be quiet! C2 Pro","price":11.9,"amount":1},{"name":"Cooler Master MasterGel Maker","price":24.23,"amount":1.5},{"name":"Thermaltake CL-O002-GROSGM-A","price":12.99,"amount":40},{"name":"Thermal Grizzly Polartherm X-10","price":7.99,"amount":5},{"name":"Thermal Grizzly Polartherm X-8","price":7.29,"amount":5},{"name":"StarTech HeatGrease","price":5.78,"amount":20},{"name":"Thermal Hero NEO with paste gun","price":61.43,"amount":50},{"name":"Thermal Hero ULTRA","price":75.98,"amount":50},{"name":"Gelid Solutions GC-Extreme","price":18.98,"amount":10},{"name":"Cooler Master CryoFuze Violet","price":24.99,"amount":2},{"name":"be quiet! DC1","price":42,"amount":3},{"name":"Thermal Grizzly Polartherm X-10","price":12.84,"amount":10},{"name":"Thermalright TF8","price":null,"amount":2},{"name":"Thermal Grizzly Polartherm X-10","price":23.19,"amount":40},{"name":"NZXT High-performance","price":null,"amount":15},{"name":"Zalman STC8","price":4.95,"amount":1.5},{"name":"Coollaboratory Liquid Pro","price":null,"amount":0.15},{"name":"EVGA Frostbite 2","price":12.99,"amount":2.5},{"name":"Thermal Hero QUANTUM","price":37.99,"amount":4},{"name":"ARCTIC MX-5","price":null,"amount":4},{"name":"ARCTIC MX-4 (2019)","price":null,"amount":2},{"name":"Thermaltake TG-50","price":null,"amount":4},{"name":"Thermal Grizzly Polartherm X-8","price":16.98,"amount":40},{"name":"Arctic Silver Ceramique 2 Tri-Linear","price":14,"amount":25},{"name":"Deepcool DM9","price":null,"amount":1.5},{"name":"Prolimatech PK-2 Nano Aluminum High-Grade","price":17.48,"amount":5},{"name":"Coollaboratory Liquid Ultra","price":null,"amount":0.15},{"name":"ARCTIC MX-2","price":null,"amount":65},{"name":"ARCTIC MX-2 2019 Edition","price":null,"amount":4},{"name":"NZXT High-performance","price":null,"amount":3},{"name":"Thermaltake TG-30","price":8.99,"amount":4},{"name":"Scythe Thermal Elixer G","price":27.01,"amount":3.5},{"name":"Thermal Hero NEO","price":62.81,"amount":50},{"name":"Thermal Hero METALLIQ","price":18.48,"amount":1},{"name":"Arctic Silver Arctic Alumina Premium Ceramic Polysynthetic","price":null,"amount":14},{"name":"TUNIQ TX-4 Extreme Performance","price":12.99,"amount":1},{"name":"Cooler Master IC ESSENTIAL E1","price":11.86,"amount":3.75},{"name":"EK EK-TIM Ectotherm","price":null,"amount":5},{"name":"Thermalright TFX","price":null,"amount":6.2},{"name":"Iceberg Thermal FUZEIce Plus","price":null,"amount":3.5},{"name":"Thermal Hero QUANTUM","price":31.09,"amount":10},{"name":"Thermal Hero METALLIQ","price":16.89,"amount":2},{"name":"Prolimatech PK-2 Nano Aluminum High-Grade","price":10.36,"amount":1.5},{"name":"Thermal Hero QUANTUM","price":11.64,"amount":1},{"name":"Prolimatech PK-1","price":14.99,"amount":5},{"name":"Antec Formula 7 Nano Diamond","price":null,"amount":4},{"name":"Prolimatech PK-2 Nano Aluminum High-Grade","price":39.33,"amount":30},{"name":"Rosewill RCX-TC001","price":8,"amount":5},{"name":"ARCTIC MX-2","price":null,"amount":65},{"name":"Prolimatech PK-1","price":38.99,"amount":30},{"name":"Antec 77064","price":null,"amount":1},{"name":"Deepcool Z3","price":null,"amount":1.5},{"name":"Prolimatech PK-Zero","price":13.99,"amount":5},{"name":"Cooler Master MasterGel Maker","price":null,"amount":4},{"name":"Phanteks PH-NDC_02","price":null,"amount":2},{"name":"ARCTIC MX-2","price":null,"amount":30},{"name":"Thermalright TF8","price":null,"amount":5.8},{"name":"Thermalright Silver King","price":null,"amount":1},{"name":"ARCTIC MX-5","price":null,"amount":8},{"name":"Gelid Solutions GC-4","price":null,"amount":3.5},{"name":"Gelid Solutions GC-Extreme","price":null,"amount":1},{"name":"Xilence ZUB-XPTP.X5","price":12.98,"amount":3},{"name":"Thermal Hero ULTRA","price":12.9,"amount":4},{"name":"Thermal Hero ULTRA","price":19.89,"amount":10},{"name":"Thermal Hero QUANTUM","price":16.89,"amount":2},{"name":"Thermal Hero METALLIQ","price":34.9,"amount":5},{"name":"Masscool Stars-700","price":5.99,"amount":0.5},{"name":"Thermal Hero NEO","price":14.49,"amount":4},{"name":"Cooler Master ThermalFusion 400","price":null,"amount":4},{"name":"Gelid Solutions GC-Supreme","price":null,"amount":7},{"name":"TUNIQ TX-2","price":null,"amount":3.5},{"name":"Zalman ZM-STG2","price":null,"amount":3.5},{"name":"Innovation Cooling ICD24","price":null,"amount":4.8},{"name":"Graphitene GTP-5","price":null,"amount":3.5},{"name":"NOX Thermal 880","price":null,"amount":23},{"name":"Akasa AK-TCW-03","price":16.43,"amount":5},{"name":"ARCTIC MX-5","price":null,"amount":2},{"name":"ARCTIC MX-5","price":null,"amount":20},{"name":"ARCTIC MX-5 Incl. Spatula","price":null,"amount":20},{"name":"Iceberg Thermal FUZEIce","price":null,"amount":3.5},{"name":"Deepcool DP-TIM-Z10-1","price":null,"amount":5},{"name":"Deepcool EX750","price":null,"amount":5},{"name":"Thermalright TF8 EX","price":null,"amount":1.5},{"name":"Zalman STC7","price":null,"amount":4},{"name":"Deepcool DM9","price":null,"amount":4},{"name":"Thermal Hero NEO","price":24.99,"amount":10},{"name":"Thermal Hero ULTRA","price":16.48,"amount":2},{"name":"Antec Formula 6 Nano Diamond","price":null,"amount":4},{"name":"Arctic Silver Arctic Alumina Premium Ceramic Polysynthetic","price":null,"amount":1.75},{"name":"Zalman ZM - STG1","price":null,"amount":3.5},{"name":"Cooler Master IceFusion","price":null,"amount":40},{"name":"Evercool TC-25","price":null,"amount":25},{"name":"Cooler Master IceFusion","price":null,"amount":200},{"name":"Xigmatek PTI-G4512","price":null,"amount":4},{"name":"TUNIQ TX-2 Extreme","price":null,"amount":1},{"name":"Masscool G751 Shin-Etsu","price":null,"amount":0.5},{"name":"Masscool Fanner-420","price":null,"amount":2},{"name":"ARCTIC MX-2","price":null,"amount":30},{"name":"Arctic Silver Arctic Alumina","price":null,"amount":5},{"name":"Rosewill RCX-TC090PRO","price":null,"amount":20},{"name":"Xigmatek PTI-G3606","price":null,"amount":3},{"name":"Biostar TC-DIAMOND","price":null,"amount":1.5},{"name":"Thermaltake CL-O0028","price":null,"amount":4},{"name":"Xigmatek Freezing Point G4718","price":null,"amount":4},{"name":"Evercool STC-01","price":null,"amount":4},{"name":"Syba CL-PTSL-COOL","price":9.32,"amount":1.5},{"name":"Prolimatech PK-1","price":null,"amount":1.5},{"name":"Sunbeam GI-1","price":null,"amount":3.5},{"name":"Sunbeam Iceberg TS-IB","price":null,"amount":1},{"name":"Thermene Graphene","price":null,"amount":9},{"name":"Deepcool Z9","price":null,"amount":3},{"name":"Evercool STC-02","price":null,"amount":3},{"name":"Logisys Z5","price":null,"amount":3},{"name":"Thermaltake CL-O001-GROSGM-A","price":11.98,"amount":1.5},{"name":"Thermaltake CLZ0022","price":null,"amount":4},{"name":"Xigmatek Freezing Point G4718","price":null,"amount":4},{"name":"Cooler Master Extreme Fusion X1","price":null,"amount":1.5},{"name":"Prolimatech PK-Zero","price":null,"amount":1.5},{"name":"Prolimatech PK-Zero","price":null,"amount":30},{"name":"CRYORIG CP15","price":null,"amount":4},{"name":"CRYORIG CP5","price":null,"amount":4},{"name":"CRYORIG CP7","price":null,"amount":4},{"name":"Thermalright Chill Factor 3","price":null,"amount":4},{"name":"Gelid Solutions GC-2","price":null,"amount":7},{"name":"Cooler Master MasterGel Maker","price":null,"amount":1.5},{"name":"Cooler Master MasterGel Regular","price":null,"amount":1.5},{"name":"ARCTIC MX-5 Incl. Spatula","price":null,"amount":4},{"name":"ARCTIC MX-5 Incl. Spatula","price":null,"amount":8},{"name":"Iceberg Thermal FUZEIce","price":null,"amount":7},{"name":"Iceberg Thermal FUZEIce Plus","price":null,"amount":7},{"name":"Gelid Solutions GC-4","price":null,"amount":1},{"name":"Gelid Solutions GC-4","price":null,"amount":10},{"name":"Gelid Solutions GC-Extreme","price":null,"amount":3.5},{"name":"Gelid Solutions GC-Extreme","price":null,"amount":10},{"name":"ARCTIC MX-2","price":null,"amount":8},{"name":"Deepcool EX750","price":null,"amount":3},{"name":"Enermax ETC521","price":null,"amount":3},{"name":"YEYIAN YCT-PHTC-01","price":null,"amount":2},{"name":"Thermalright TF8 EX","price":null,"amount":2.9},{"name":"Scythe Thermal Elixer 2","price":9.99,"amount":5},{"name":"Xilence ZUB-XPTP","price":11.14,"amount":1.5},{"name":"Thermal Hero NEO","price":null,"amount":2},{"name":"Thermal Hero QUANTUM with paste gun","price":null,"amount":50}]