[{"name":"Arctic Silver 5 High-Density Polysynthetic Silver","price":6.97,"amount":3.5},{"name":"Thermal Grizzly Kryonaut","price":11.34,"amount":1},{"name":"Prolimatech PK-Zero","price":230,"amount":600},{"name":"ARCTIC MX-4 2019 Edition","price":6.98,"amount":4},{"name":"Thermal Grizzly Kryonaut Extreme","price":21.99,"amount":2},{"name":"ARCTIC MX-6","price":7.99,"amount":4},{"name":"Noctua NT-H1","price":8.94,"amount":3.5},{"name":"Noctua NT-H2","price":12.95,"amount":3.5},{"name":"Corsair TM30","price":6.99,"amount":3},{"name":"Arctic Silver Ceramique 2 Tri-Linear","price":3.85,"amount":2.7},{"name":"Thermal Grizzly Kryonaut","price":19,"amount":5.5},{"name":"ARCTIC MX-6","price":5.99,"amount":2},{"name":"Thermal Grizzly Conductonaut","price":12.89,"amount":1},{"name":"Prolimatech PK-3 Nano Aluminum High-Grade","price":23.99,"amount":5},{"name":"Gelid Solutions GC-Extreme","price":9.99,"amount":3.5},{"name":"ARCTIC MX-4","price":null,"amount":4},{"name":"Noctua NT-H2","price":30.91,"amount":10},{"name":"Thermal Grizzly Kryonaut","price":29.89,"amount":11.1},{"name":"Corsair XTM50","price":14.99,"amount":5},{"name":"ARCTIC MX-6","price":10.54,"amount":8},{"name":"KINGPINcooling KPx","price":58.99,"amount":30},{"name":"Corsair XTM70","price":19.98,"amount":3},{"name":"Thermal Grizzly Hydronaut","price":10,"amount":3.9},{"name":"Thermalright TF7","price":4.29,"amount":2},{"name":"ARCTIC MX-4","price":37.9,"amount":20},{"name":"Prolimatech PK-3 Nano Aluminum High-Grade","price":11.75,"amount":1.5},{"name":"Cooler Master HTK-002","price":15.05,"amount":0.01},{"name":"Prolimatech PK-3 Nano Aluminum High-Grade","price":45.99,"amount":30},{"name":"Arctic Silver 5 High-Density Polysynthetic Silver","price":20.57,"amount":12},{"name":"Prolimatech PK-Zero","price":95.58,"amount":300},{"name":"Thermal Grizzly Aeronaut","price":8.15,"amount":3.9},{"name":"ARCTIC MX-4","price":19.98,"amount":20},{"name":"ARCTIC MX-4 2019","price":7.49,"amount":8},{"name":"Cooler Master MasterGel Pro","price":null,"amount":1.5},{"name":"KINGPINcooling KPx","price":11.99,"amount":1},{"name":"NZXT High-performance","price":29.98,"amount":15},{"name":"Thermalright TF4","price":null,"amount":1.5},{"name":"Innovation Cooling Diamond \"7 Carat\"","price":10.99,"amount":1.5},{"name":"KINGPINcooling KPx","price":31.99,"amount":10},{"name":"Thermalright TF9","price":4.69,"amount":1.5},{"name":"Deepcool Z5","price":null,"amount":3},{"name":"Thermaltake CL-O002-GROSGM-A","price":12.99,"amount":40},{"name":"be quiet! DC1","price":45,"amount":3},{"name":"Coollaboratory Liquid Pro","price":42.13,"amount":0.15},{"name":"ARCTIC MX-5","price":18.03,"amount":2},{"name":"Cooler Master IC ESSENTIAL E2","price":null,"amount":3.5},{"name":"Cooler Master IC ESSENTIAL E1","price":6.99,"amount":3.75},{"name":"Cooler Master CryoFuze","price":6.99,"amount":2},{"name":"NZXT High-performance","price":19.98,"amount":3},{"name":"ARCTIC MX-2 2019 Edition","price":8.97,"amount":4},{"name":"Thermalright TF9","price":5.59,"amount":2.9},{"name":"StarTech HeatGrease","price":5.49,"amount":20},{"name":"StarTech Metal Oxide","price":9.99,"amount":1.5},{"name":"Cooler Master MasterGel Maker","price":12.99,"amount":1.5},{"name":"Coollaboratory Liquid Ultra","price":12.27,"amount":0.15},{"name":"Deepcool Z3","price":null,"amount":1.5},{"name":"Cooler Master CryoFuze Violet","price":null,"amount":2},{"name":"ARCTIC MX-2","price":null,"amount":65},{"name":"EK EK-TIM Ectotherm","price":20.41,"amount":5},{"name":"Arctic Silver Ceramique 2 Tri-Linear","price":13.49,"amount":25},{"name":"ARCTIC MX-5","price":null,"amount":4},{"name":"TUNIQ TX-4 Extreme Performance","price":12.99,"amount":1},{"name":"Thermaltake CL-O004-GROSGM-A","price":7.99,"amount":4},{"name":"Thermalright TF8","price":null,"amount":2},{"name":"EVGA Frostbite 2","price":9.9,"amount":2.5},{"name":"Prolimatech PK-2 Nano Aluminum High-Grade","price":9.53,"amount":1.5},{"name":"Prolimatech PK-1","price":39.99,"amount":30},{"name":"Thermalright TFX","price":null,"amount":2},{"name":"ARCTIC MX-2","price":null,"amount":4},{"name":"Gelid Solutions GC-Extreme","price":24.99,"amount":10},{"name":"Prolimatech PK-1","price":15.13,"amount":5},{"name":"Prolimatech PK-2 Nano Aluminum High-Grade","price":37.21,"amount":30},{"name":"Cooler Master IceFusion","price":null,"amount":200},{"name":"Prolimatech PK-2 Nano Aluminum High-Grade","price":15.41,"amount":5},{"name":"Iceberg Thermal FUZEIce","price":null,"amount":7},{"name":"ARCTIC MX-2","price":null,"amount":65},{"name":"Thermaltake CLZ0022","price":null,"amount":4},{"name":"Phanteks PH-NDC_02","price":9.98,"amount":2},{"name":"Thermaltake CL-O001-GROSGM-A","price":11.98,"amount":1.5},{"name":"Arctic Silver Arctic Alumina Premium Ceramic Polysynthetic","price":null,"amount":1.75},{"name":"Gelid Solutions GC-4","price":null,"amount":3.5},{"name":"Cooler Master MasterGel Maker","price":17.98,"amount":1.5},{"name":"ARCTIC MX-5 Incl. Spatula","price":null,"amount":2},{"name":"Arctic Silver Arctic Alumina Premium Ceramic Polysynthetic","price":null,"amount":14},{"name":"Rosewill RCX-TC001","price":8,"amount":5},{"name":"Prolimatech PK-1","price":14.68,"amount":1.5},{"name":"Cooler Master MasterGel Maker","price":null,"amount":4},{"name":"Thermalright Silver King","price":null,"amount":1},{"name":"ARCTIC MX-5","price":null,"amount":20},{"name":"Gelid Solutions GC-4","price":null,"amount":1},{"name":"Antec Formula 7 Nano Diamond","price":null,"amount":4},{"name":"Masscool Stars-700","price":10.98,"amount":0.5},{"name":"Cooler Master MasterGel Regular","price":13.99,"amount":1.5},{"name":"ARCTIC MX-5 Incl. Spatula","price":null,"amount":4},{"name":"ARCTIC MX-5 Incl. Spatula","price":null,"amount":8},{"name":"Gelid Solutions GC-Extreme","price":null,"amount":3.5},{"name":"Prolimatech PK-Zero","price":12.4,"amount":5},{"name":"NOX Thermal 880","price":null,"amount":23},{"name":"Cooler Master IceFusion","price":null,"amount":40},{"name":"Cooler Master ThermalFusion 400","price":null,"amount":4},{"name":"TUNIQ TX-2","price":null,"amount":3.5},{"name":"Zalman ZM-STG2","price":null,"amount":3.5},{"name":"ARCTIC MX-2","price":null,"amount":30},{"name":"Thermaltake CL-O0028","price":null,"amount":4},{"name":"Sunbeam Iceberg TS-IB","price":null,"amount":1},{"name":"Thermene Graphene","price":null,"amount":9},{"name":"Antec 77064","price":null,"amount":1},{"name":"CRYORIG CP7","price":null,"amount":4},{"name":"Innovation Cooling ICD24","price":null,"amount":4.8},{"name":"Thermalright TF8","price":null,"amount":5.8},{"name":"Thermalright TFX","price":null,"amount":6.2},{"name":"ARCTIC MX-5","price":null,"amount":8},{"name":"Iceberg Thermal FUZEIce Plus","price":null,"amount":3.5},{"name":"Gelid Solutions GC-4","price":null,"amount":10},{"name":"Gelid Solutions GC-Extreme","price":null,"amount":1},{"name":"Antec Formula 6 Nano Diamond","price":null,"amount":4},{"name":"Zalman ZM - STG1","price":null,"amount":3.5},{"name":"Evercool TC-25","price":null,"amount":25},{"name":"Gelid Solutions GC-Supreme","price":null,"amount":7},{"name":"Xigmatek PTI-G4512","price":null,"amount":4},{"name":"TUNIQ TX-2 Extreme","price":null,"amount":1},{"name":"Masscool G751 Shin-Etsu","price":null,"amount":0.5},{"name":"Masscool Fanner-420","price":null,"amount":2},{"name":"Arctic Silver Arctic Alumina","price":null,"amount":5},{"name":"Rosewill RCX-TC090PRO","price":null,"amount":20},{"name":"Xigmatek PTI-G3606","price":null,"amount":3},{"name":"Biostar TC-DIAMOND","price":null,"amount":1.5},{"name":"Xigmatek Freezing Point G4718","price":null,"amount":4},{"name":"Evercool STC-01","price":null,"amount":4},{"name":"Syba CL-PTSL-COOL","price":null,"amount":1.5},{"name":"Sunbeam GI-1","price":null,"amount":3.5},{"name":"Deepcool Z9","price":null,"amount":3},{"name":"Evercool STC-02","price":null,"amount":3},{"name":"Logisys Z5","price":null,"amount":3},{"name":"Xigmatek Freezing Point G4718","price":null,"amount":4},{"name":"Cooler Master Extreme Fusion X1","price":null,"amount":1.5},{"name":"Prolimatech PK-Zero","price":null,"amount":1.5},{"name":"Prolimatech PK-Zero","price":null,"amount":30},{"name":"CRYORIG CP15","price":null,"amount":4},{"name":"CRYORIG CP5","price":null,"amount":4},{"name":"Thermalright Chill Factor 3","price":null,"amount":4},{"name":"Graphitene GTP-5","price":null,"amount":3.5},{"name":"Gelid Solutions GC-2","price":null,"amount":7},{"name":"ARCTIC MX-2","price":null,"amount":30},{"name":"Akasa AK-TCW-03","price":null,"amount":5},{"name":"ARCTIC MX-5 Incl. Spatula","price":null,"amount":20},{"name":"Iceberg Thermal FUZEIce","price":null,"amount":3.5},{"name":"Iceberg Thermal FUZEIce Plus","price":null,"amount":7},{"name":"Gelid Solutions GC-Extreme","price":null,"amount":10}]