[{"name":"APC SURT20KRMXLT","price":19850,"capacity_w":16000,"capacity_va":20000},{"name":"CyberPower CP1500PFCLCD","price":219.95,"capacity_w":1000,"capacity_va":1500},{"name":"APC SRT10KRMXLT","price":7700,"capacity_w":10000,"capacity_va":10000},{"name":"APC Back-UPS 1500","price":184.49,"capacity_w":900,"capacity_va":1500},{"name":"CyberPower CP1500AVRLCD","price":219.95,"capacity_w":900,"capacity_va":1500},{"name":"APC SRT10KXLI","price":null,"capacity_w":10000,"capacity_va":10000},{"name":"APC SRT10KXLT","price":8149,"capacity_w":10000,"capacity_va":10000},{"name":"APC Back-UPS Pro 1500S","price":269.99,"capacity_w":900,"capacity_va":1500},{"name":"CyberPower CP1000PFCLCD","price":164.95,"capacity_w":600,"capacity_va":1000},{"name":"CyberPower ST425","price":53.95,"capacity_w":260,"capacity_va":425},{"name":"APC SURTA3000XL","price":514,"capacity_w":2100,"capacity_va":3000},{"name":"CyberPower CP550SLG","price":69.95,"capacity_w":330,"capacity_va":550},{"name":"APC SRT10KRMXLI","price":14500,"capacity_w":10000,"capacity_va":10000},{"name":"CyberPower CP1500AVRLCD3","price":189.95,"capacity_w":900,"capacity_va":1500},{"name":"APC Back-UPS Pro 1500VA","price":207.99,"capacity_w":900,"capacity_va":1500},{"name":"CyberPower PR2200LCDSL","price":855.95,"capacity_w":1980,"capacity_va":2070},{"name":"APC Back-UPS Pro 1500","price":278.99,"capacity_w":865,"capacity_va":1500},{"name":"CyberPower AVRG750U","price":109.95,"capacity_w":450,"capacity_va":750},{"name":"CyberPower EC850LCD","price":109.95,"capacity_w":510,"capacity_va":850},{"name":"APC Back-UPS Pro 1500VA for Gaming","price":290,"capacity_w":900,"capacity_va":1500},{"name":"CyberPower PR3000LCD","price":1319.95,"capacity_w":2700,"capacity_va":3000},{"name":"APC Back-UPS Pro 1500VA for Gaming","price":361.06,"capacity_w":900,"capacity_va":1500},{"name":"APC SMT1500I","price":928.99,"capacity_w":980,"capacity_va":1500},{"name":"CyberPower PR2200LCD","price":1029.95,"capacity_w":1980,"capacity_va":2200},{"name":"PowerWalker Basic VI 2200 STL UK","price":null,"capacity_w":1320,"capacity_va":2200},{"name":"CyberPower OR2200PFCRT2U","price":669.95,"capacity_w":1320,"capacity_va":2000},{"name":"CyberPower CP1350AVRLCD","price":189.99,"capacity_w":810,"capacity_va":1350},{"name":"CyberPower OR2200LCDRTXL2U","price":822.95,"capacity_w":1650,"capacity_va":2190},{"name":"APC Easy UPS BV1000I-MS 230V","price":null,"capacity_w":600,"capacity_va":1000},{"name":"APC Back-UPS 1000","price":175.99,"capacity_w":600,"capacity_va":1000},{"name":"CyberPower CP1500EPFCLCD","price":null,"capacity_w":900,"capacity_va":1500},{"name":"APC Back-UPS Pro 1000S","price":170.99,"capacity_w":600,"capacity_va":1000},{"name":"Lenovo 55943AX","price":890,"capacity_w":2700,"capacity_va":3000},{"name":"APC BE600M1","price":79,"capacity_w":330,"capacity_va":600},{"name":"CyberPower CP1350PFCLCD","price":199.95,"capacity_w":810,"capacity_va":1350},{"name":"CyberPower PR1500LCD","price":545.95,"capacity_w":1050,"capacity_va":1500},{"name":"Tripp Lite SMX1500LCDT","price":263.8,"capacity_w":900,"capacity_va":1500},{"name":"APC SRT5KRMXLI","price":4733.01,"capacity_w":4500,"capacity_va":5000},{"name":"APC BE550G","price":89.99,"capacity_w":330,"capacity_va":550},{"name":"CyberPower OR2200LCDRT2U","price":604.95,"capacity_w":1320,"capacity_va":2000},{"name":"APC BR1500GI","price":565.92,"capacity_w":865,"capacity_va":1500},{"name":"CyberPower CP1200AVR","price":152.95,"capacity_w":720,"capacity_va":1200},{"name":"APC Back-UPS Pro 700VA","price":152.99,"capacity_w":420,"capacity_va":700},{"name":"APC SMT3000I","price":2150,"capacity_w":2700,"capacity_va":3000},{"name":"APC SRT6KXLT","price":5844.63,"capacity_w":6000,"capacity_va":6000},{"name":"CyberPower PR3000LCDSL","price":1173.95,"capacity_w":2700,"capacity_va":3000},{"name":"APC Back-UPS Pro 1350VA","price":182.99,"capacity_w":810,"capacity_va":1350},{"name":"Tripp Lite SMT1500LCDT","price":256.99,"capacity_w":900,"capacity_va":1500},{"name":"APC SRT5KXLI","price":5526.99,"capacity_w":4500,"capacity_va":5000},{"name":"APC SRT6KRMXLI","price":13193,"capacity_w":6000,"capacity_va":6000},{"name":"APC BN1100M2","price":389,"capacity_w":600,"capacity_va":1100},{"name":"APC SMX3000RMHV2UNC","price":3025.15,"capacity_w":2700,"capacity_va":3000},{"name":"CyberPower CP1000AVRLCD","price":159.94,"capacity_w":600,"capacity_va":1000},{"name":"Tripp Lite SMART3000RMXL2U","price":1386.84,"capacity_w":2880,"capacity_va":3000},{"name":"Tripp Lite SMART1500LCDT","price":234.26,"capacity_w":900,"capacity_va":1500},{"name":"APC SRT8KRMXLI","price":null,"capacity_w":8000,"capacity_va":8000},{"name":"APC BR1000G","price":229,"capacity_w":600,"capacity_va":1000},{"name":"APC SMX3000HVNC","price":3388,"capacity_w":2700,"capacity_va":3000},{"name":"CyberPower CP1300EPFCLCD","price":null,"capacity_w":780,"capacity_va":1300},{"name":"APC SMT2200I","price":1624.8,"capacity_w":1980,"capacity_va":2200},{"name":"CyberPower LE1000DG","price":129.99,"capacity_w":530,"capacity_va":1000},{"name":"APC SRT8KXLI","price":7275,"capacity_w":8000,"capacity_va":8000},{"name":"APC SMT1500US","price":null,"capacity_w":1000,"capacity_va":1440},{"name":"Tripp Lite SMART1500PSGLCD","price":285.99,"capacity_w":900,"capacity_va":1500},{"name":"CyberPower EC750G","price":98.95,"capacity_w":450,"capacity_va":750},{"name":"CyberPower AVRG900U","price":109.95,"capacity_w":480,"capacity_va":900},{"name":"APC SMT2200","price":1499.99,"capacity_w":1980,"capacity_va":2200},{"name":"CyberPower OL1500RTXL2U","price":1149.95,"capacity_w":1350,"capacity_va":1500},{"name":"CyberPower CP1500AVRT","price":194.95,"capacity_w":900,"capacity_va":1500},{"name":"APC Back-UPS 1350","price":189.99,"capacity_w":810,"capacity_va":1350},{"name":"APC SMT3000RMI2U","price":null,"capacity_w":2700,"capacity_va":3000},{"name":"APC SMX1500RMI2U","price":1314.59,"capacity_w":1200,"capacity_va":1500},{"name":"CyberPower EC650LCD","price":87.95,"capacity_w":390,"capacity_va":650},{"name":"CyberPower CP350SLG","price":74.98,"capacity_w":255,"capacity_va":350},{"name":"APC Back-UPS 850","price":149.99,"capacity_w":510,"capacity_va":850},{"name":"CyberPower CP900EPFCLCD","price":null,"capacity_w":540,"capacity_va":900},{"name":"APC BE750BB","price":149.99,"capacity_w":450,"capacity_va":750},{"name":"Tripp Lite SU12000RT4U","price":11813.44,"capacity_w":8400,"capacity_va":12000},{"name":"Tripp Lite OMNIVSINT1500XL","price":366.64,"capacity_w":940,"capacity_va":1500},{"name":"APC BK350EI","price":189.99,"capacity_w":210,"capacity_va":350},{"name":"Tripp Lite SU1500XLCD","price":990.72,"capacity_w":1350,"capacity_va":1500},{"name":"CyberPower CP1500PFCLCDTAA","price":277.95,"capacity_w":900,"capacity_va":1500},{"name":"Tripp Lite SU1500RTXLCD2U","price":1058.57,"capacity_w":1350,"capacity_va":1500},{"name":"APC BE670M1","price":79.99,"capacity_w":360,"capacity_va":675},{"name":"APC SRT5KXLT","price":3805.14,"capacity_w":4250,"capacity_va":5000},{"name":"APC SMX3000RMHV2U","price":2975,"capacity_w":2700,"capacity_va":3000},{"name":"APC SMX3000RMLV2U","price":1791.87,"capacity_w":2700,"capacity_va":3000},{"name":"Tripp Lite OMNI1500LCDT","price":188.07,"capacity_w":810,"capacity_va":1500},{"name":"APC BR1500MS","price":null,"capacity_w":900,"capacity_va":1500},{"name":"CyberPower CST1500S","price":null,"capacity_w":900,"capacity_va":1500},{"name":"Tripp Lite SMART1500LCD","price":289.99,"capacity_w":900,"capacity_va":1500},{"name":"APC Back-UPS Pro 1350S","price":224.99,"capacity_w":810,"capacity_va":1350},{"name":"APC BR500CI-AS","price":119.23,"capacity_w":300,"capacity_va":500},{"name":"APC BE400-GR","price":139.52,"capacity_w":240,"capacity_va":400},{"name":"Tripp Lite BC350","price":63.83,"capacity_w":180,"capacity_va":350},{"name":"CyberPower BRG1000AVRLCD","price":162.94,"capacity_w":600,"capacity_va":1000},{"name":"CyberPower CP750LCD","price":173.3,"capacity_w":420,"capacity_va":750},{"name":"Tripp Lite SMART2200NET","price":1084.99,"capacity_w":1700,"capacity_va":2200},{"name":"APC SMC1500I","price":839.83,"capacity_w":900,"capacity_va":1500},{"name":"Tripp Lite SMART1300LCDT","price":203.93,"capacity_w":720,"capacity_va":1300},{"name":"APC SMT1500RMI1U","price":1374.95,"capacity_w":1000,"capacity_va":1500},{"name":"APC SMT3000","price":2150,"capacity_w":2700,"capacity_va":3000},{"name":"APC SMX2000LV","price":1516.45,"capacity_w":1800,"capacity_va":1920},{"name":"APC BE850G2","price":121.91,"capacity_w":450,"capacity_va":850},{"name":"APC BK325I","price":126.99,"capacity_w":210,"capacity_va":325},{"name":"Tripp Lite SU2200XLCD","price":1337.92,"capacity_w":1800,"capacity_va":2200},{"name":"Tripp Lite SMART1000LCD","price":174.32,"capacity_w":500,"capacity_va":1000},{"name":"CyberPower CP850PFCLCD","price":154.94,"capacity_w":510,"capacity_va":850},{"name":"APC SMT2200RMI2U","price":1808.54,"capacity_w":1980,"capacity_va":2200},{"name":"Tripp Lite SMART3000NET","price":1529.16,"capacity_w":2400,"capacity_va":3000},{"name":"CyberPower GX1325U","price":219.99,"capacity_w":810,"capacity_va":1325},{"name":"APC BE650G1","price":86.91,"capacity_w":390,"capacity_va":650},{"name":"Tripp Lite SM3000RMXL2UTAA","price":1209.99,"capacity_w":2880,"capacity_va":3000},{"name":"APC SMC1000","price":514.79,"capacity_w":600,"capacity_va":1000},{"name":"APC SMX1500RM2UNC","price":null,"capacity_w":1200,"capacity_va":1500},{"name":"Tripp Lite SMART1500RM2U","price":750.09,"capacity_w":1350,"capacity_va":1500},{"name":"CyberPower CP850AVRLCD","price":149.95,"capacity_w":510,"capacity_va":850},{"name":"CyberPower CPS1500AVR","price":459.95,"capacity_w":950,"capacity_va":1500},{"name":"CyberPower EC550G","price":73.95,"capacity_w":330,"capacity_va":550},{"name":"CyberPower OL2200RTXL2U","price":1619.95,"capacity_w":1800,"capacity_va":2200},{"name":"HP AF461A","price":2945,"capacity_w":4500,"capacity_va":5000},{"name":"APC BGE90M","price":null,"capacity_w":75,"capacity_va":125},{"name":"APC SMT2200US","price":1799,"capacity_w":1980,"capacity_va":2200},{"name":"APC SMX1500RMI2UNC","price":null,"capacity_w":1200,"capacity_va":1500},{"name":"APC SMX2000RMLV2UNC","price":2195.98,"capacity_w":1800,"capacity_va":1920},{"name":"APC SRT8KRMXLT","price":5999,"capacity_w":8000,"capacity_va":8000},{"name":"Tripp Lite SMART1500LCDXL","price":379.99,"capacity_w":900,"capacity_va":1500},{"name":"Tripp Lite SMART5000XFMRXL","price":3654.42,"capacity_w":3750,"capacity_va":5000},{"name":"CyberPower OL10000RT3U","price":null,"capacity_w":9000,"capacity_va":10000},{"name":"CyberPower PR2200LCDRT2UTAA","price":null,"capacity_w":1600,"capacity_va":2170},{"name":"CyberPower LX1500GU-FC","price":null,"capacity_w":900,"capacity_va":1500},{"name":"APC BN650M1","price":143.76,"capacity_w":360,"capacity_va":650},{"name":"CyberPower CST135UC","price":null,"capacity_w":810,"capacity_va":1350},{"name":"CyberPower GX1500U","price":222.99,"capacity_w":900,"capacity_va":1500},{"name":"Tripp Lite SMART3000RM2U","price":1246.49,"capacity_w":2250,"capacity_va":3000},{"name":"Tripp Lite SU3000XLCD","price":1995.99,"capacity_w":2700,"capacity_va":3000},{"name":"APC SMX3000HV","price":2569.94,"capacity_w":2700,"capacity_va":3000},{"name":"Tripp Lite INTERNET550U","price":76.79,"capacity_w":300,"capacity_va":550},{"name":"Tripp Lite OMNIVS1500","price":261.15,"capacity_w":940,"capacity_va":1500},{"name":"CyberPower OL8000RT3U","price":3906.06,"capacity_w":7200,"capacity_va":8000},{"name":"CyberPower OR1500LCDRTXL2U","price":629.95,"capacity_w":1125,"capacity_va":1500},{"name":"CyberPower PR5000LCDRTXL5U","price":3093.95,"capacity_w":4000,"capacity_va":5000},{"name":"APC BN1080G","price":null,"capacity_w":650,"capacity_va":1080},{"name":"APC BX1000G","price":null,"capacity_w":600,"capacity_va":1000},{"name":"APC BX1500G","price":null,"capacity_w":865,"capacity_va":1500},{"name":"APC SMT1500R2X122","price":871.89,"capacity_w":1000,"capacity_va":1500},{"name":"APC SMX2200RMLV2U","price":1663.39,"capacity_w":1980,"capacity_va":2200},{"name":"APC SMX3000HVT","price":1949.69,"capacity_w":2700,"capacity_va":3000},{"name":"APC SUA2200RM2U","price":1299.99,"capacity_w":1980,"capacity_va":2200},{"name":"APC SURTA3000RMXL3U","price":2538.48,"capacity_w":2100,"capacity_va":3000},{"name":"Tripp Lite AVR550U","price":83.9,"capacity_w":300,"capacity_va":550},{"name":"Tripp Lite SMART1200LCD","price":330.29,"capacity_w":700,"capacity_va":1200},{"name":"Tripp Lite SU1500RTXL2UA","price":1025.07,"capacity_w":1200,"capacity_va":1500},{"name":"Tripp Lite SU10000RT3U2TF","price":8881.79,"capacity_w":8000,"capacity_va":10000},{"name":"Tripp Lite SU10KRT3UHV","price":6313.89,"capacity_w":7000,"capacity_va":10000},{"name":"Tripp Lite INTERNET900U","price":133.99,"capacity_w":480,"capacity_va":900},{"name":"CyberPower CP825AVRLCD","price":120.95,"capacity_w":450,"capacity_va":825},{"name":"CyberPower CS16U48V-8","price":null,"capacity_w":16,"capacity_va":null},{"name":"CyberPower OL3000RTXL2U","price":2119.94,"capacity_w":2700,"capacity_va":3000},{"name":"CyberPower PR1000LCDRT1U","price":604.95,"capacity_w":800,"capacity_va":1000},{"name":"Eaton 66942","price":null,"capacity_w":250,"capacity_va":500},{"name":"Tripp Lite INTERNET350U","price":70.2,"capacity_w":180,"capacity_va":350},{"name":"HP AF450A","price":195,"capacity_w":950,"capacity_va":1400},{"name":"APC BK500EI","price":145.99,"capacity_w":300,"capacity_va":500},{"name":"Tripp Lite SMART2200RMXL2U","price":1201.98,"capacity_w":1920,"capacity_va":2200},{"name":"CyberPower CP900AVR","price":138.95,"capacity_w":560,"capacity_va":900},{"name":"APC SMX3000LVNC","price":2281.54,"capacity_w":2700,"capacity_va":3000},{"name":"APC SUA5000RMT5U","price":4676.49,"capacity_w":4000,"capacity_va":5000},{"name":"Tripp Lite OMNIVS1000","price":191.99,"capacity_w":500,"capacity_va":1000},{"name":"Tripp Lite SMART2200SLT","price":null,"capacity_w":1600,"capacity_va":2200},{"name":"Tripp Lite SU3000RTXL3UN","price":2441.86,"capacity_w":2400,"capacity_va":3000},{"name":"Tripp Lite SMART3000RMXLN","price":1748.6,"capacity_w":2880,"capacity_va":3000},{"name":"CyberPower CP425SLG","price":null,"capacity_w":255,"capacity_va":425},{"name":"CyberPower CP600LCD","price":87.95,"capacity_w":340,"capacity_va":600},{"name":"CyberPower PR1000LCD","price":439.95,"capacity_w":700,"capacity_va":1000},{"name":"APC SMT1000","price":601.91,"capacity_w":670,"capacity_va":1000},{"name":"APC BK500BLK","price":134.99,"capacity_w":300,"capacity_va":500},{"name":"APC BK650EI","price":179.99,"capacity_w":400,"capacity_va":650},{"name":"APC SMC1500","price":597.95,"capacity_w":900,"capacity_va":1500},{"name":"APC SMT3000R2X145","price":1670.63,"capacity_w":2700,"capacity_va":3000},{"name":"APC SMX3000LV","price":1792.24,"capacity_w":2700,"capacity_va":3000},{"name":"Tripp Lite SM2200RMXL2UTAA","price":1318.28,"capacity_w":1600,"capacity_va":2200},{"name":"Tripp Lite SMART1500CRMXL","price":1285.8,"capacity_w":1440,"capacity_va":1500},{"name":"Tripp Lite SMARTINT3000VS","price":1489.43,"capacity_w":2250,"capacity_va":3000},{"name":"Tripp Lite SMX1500XLRT2U","price":959.8,"capacity_w":1350,"capacity_va":1500},{"name":"Tripp Lite SMX2200XLRT2U","price":1259.99,"capacity_w":1920,"capacity_va":2200},{"name":"APC BK350","price":131.99,"capacity_w":210,"capacity_va":350},{"name":"APC BE650R","price":117.91,"capacity_w":390,"capacity_va":650},{"name":"APC BE750G","price":null,"capacity_w":450,"capacity_va":750},{"name":"APC BH500INET","price":199.99,"capacity_w":300,"capacity_va":500},{"name":"APC BX1300G","price":null,"capacity_w":780,"capacity_va":1300},{"name":"APC SC620X565","price":null,"capacity_w":410,"capacity_va":620},{"name":"APC SMC1000I-2U","price":1216,"capacity_w":600,"capacity_va":1000},{"name":"APC SMT1500","price":799.99,"capacity_w":980,"capacity_va":1500},{"name":"APC SMT1500RMUS","price":999.99,"capacity_w":1000,"capacity_va":1500},{"name":"APC SMT3000RM2U","price":2065,"capacity_w":2700,"capacity_va":3000},{"name":"APC SMT3000RMUS","price":2238.98,"capacity_w":2700,"capacity_va":2880},{"name":"APC SMT750","price":499.99,"capacity_w":500,"capacity_va":750},{"name":"APC SMX2000RMLV2U","price":1639.41,"capacity_w":1800,"capacity_va":1920},{"name":"APC SMX2200HV","price":2999.99,"capacity_w":1980,"capacity_va":2200},{"name":"APC SMX2200RMHV2U","price":2230,"capacity_w":1980,"capacity_va":2200},{"name":"APC SMX3000RMLV2UNC","price":2424,"capacity_w":2700,"capacity_va":3000},{"name":"APC SMX750I","price":null,"capacity_w":600,"capacity_va":750},{"name":"APC SRT5KRMXLT","price":3905,"capacity_w":4250,"capacity_va":5000},{"name":"APC SUA3000XL-NETPKG","price":null,"capacity_w":2700,"capacity_va":3000},{"name":"APC SUA3000XLT","price":null,"capacity_w":2700,"capacity_va":3000},{"name":"APC SUA5000RMI5U","price":8475,"capacity_w":4000,"capacity_va":5000},{"name":"APC SUM1500RMXLI2U","price":null,"capacity_w":1425,"capacity_va":1500},{"name":"APC SUM3000RMXLI2U","price":4153.93,"capacity_w":2850,"capacity_va":3000},{"name":"APC SURTD3000XLI","price":null,"capacity_w":2100,"capacity_va":3000},{"name":"APC SURTD5000XLI","price":null,"capacity_w":3500,"capacity_va":5000},{"name":"APC SY12KEXBX120","price":null,"capacity_w":8400,"capacity_va":12000},{"name":"Tripp Lite AVR900U","price":126.99,"capacity_w":480,"capacity_va":900},{"name":"Tripp Lite INTERNET550SER","price":88.99,"capacity_w":300,"capacity_va":550},{"name":"Tripp Lite INTERNETOFFICE300","price":null,"capacity_w":150,"capacity_va":300},{"name":"Tripp Lite OMNI650LCD","price":153.77,"capacity_w":350,"capacity_va":650},{"name":"Tripp Lite OMNIVSINT800","price":223.37,"capacity_w":475,"capacity_va":800},{"name":"Tripp Lite SM2200RMNAFTA","price":1258.33,"capacity_w":1600,"capacity_va":2200},{"name":"Tripp Lite SMART1200XLHG","price":1013.67,"capacity_w":750,"capacity_va":1000},{"name":"Tripp Lite SU3000RTXL2U","price":null,"capacity_w":2500,"capacity_va":3000},{"name":"Tripp Lite SU3000RTXLCD2U","price":1781.97,"capacity_w":2700,"capacity_va":3000},{"name":"Tripp Lite SU6000RT4UTF","price":4313.76,"capacity_w":5400,"capacity_va":6000},{"name":"Tripp Lite SU6000RT4UTFHW","price":5203.97,"capacity_w":5400,"capacity_va":6000},{"name":"Tripp Lite SU1500RTXL2U","price":null,"capacity_w":1200,"capacity_va":1500},{"name":"Tripp Lite SMX750SLT","price":null,"capacity_w":500,"capacity_va":750},{"name":"Tripp Lite SMART3000SLT","price":null,"capacity_w":2250,"capacity_va":3000},{"name":"Tripp Lite SMART3000VSTAA","price":null,"capacity_w":2250,"capacity_va":3000},{"name":"Tripp Lite SMART5000RT3U","price":4763.99,"capacity_w":4000,"capacity_va":5000},{"name":"CyberPower BRG1500AVRLCDTAA","price":null,"capacity_w":900,"capacity_va":1500},{"name":"CyberPower CP685AVR","price":120.99,"capacity_w":390,"capacity_va":685},{"name":"CyberPower OR1500LCDRM1U","price":556.95,"capacity_w":900,"capacity_va":1500},{"name":"CyberPower PR1000LCDRT2U","price":null,"capacity_w":700,"capacity_va":1000},{"name":"CyberPower PR1000LCDRTXL2UA","price":null,"capacity_w":750,"capacity_va":1000},{"name":"CyberPower PR2200LCDRT2U","price":null,"capacity_w":1600,"capacity_va":2170},{"name":"CyberPower PR3000LCDRTXL2U","price":null,"capacity_w":3000,"capacity_va":3000},{"name":"CyberPower CS50U48V","price":null,"capacity_w":50,"capacity_va":null},{"name":"Tripp Lite SMART500RT1U","price":244.99,"capacity_w":300,"capacity_va":500},{"name":"Belkin F6H650-SER","price":null,"capacity_w":360,"capacity_va":650},{"name":"Fujitsu S26113-E400-L1","price":null,"capacity_w":980,"capacity_va":1500},{"name":"HP AF418A","price":null,"capacity_w":1000,"capacity_va":1500},{"name":"HP AF460A","price":null,"capacity_w":4500,"capacity_va":5000},{"name":"IBM 53959KX","price":null,"capacity_w":10000,"capacity_va":11000},{"name":"APC BX600CI-IN","price":null,"capacity_w":360,"capacity_va":600},{"name":"APC Back-UPS Pro 1375VA","price":null,"capacity_w":810,"capacity_va":1375},{"name":"APC BE350R","price":89.5,"capacity_w":200,"capacity_va":350},{"name":"APC BE650G1-CN","price":129.97,"capacity_w":390,"capacity_va":650},{"name":"Tripp Lite SMART1500RMXL2UA","price":834.1,"capacity_w":1350,"capacity_va":1500},{"name":"Tripp Lite SMART2200VS","price":1111.21,"capacity_w":1600,"capacity_va":2200},{"name":"Tripp Lite SMART2600RM2U","price":1482.12,"capacity_w":1920,"capacity_va":2600},{"name":"Tripp Lite SU6000RT4UHV","price":3726.55,"capacity_w":5400,"capacity_va":6000},{"name":"Tripp Lite SMX3000XLRT2UA","price":1596.15,"capacity_w":2700,"capacity_va":3000},{"name":"APC BE325-GR","price":305,"capacity_w":185,"capacity_va":325},{"name":"APC SMT2200R2X106","price":1440.98,"capacity_w":1980,"capacity_va":2200},{"name":"APC SMX1000","price":850,"capacity_w":800,"capacity_va":1000},{"name":"APC SMX2000LVNC","price":1655.99,"capacity_w":1800,"capacity_va":1920},{"name":"APC SUM3000RMXL2U","price":2479.52,"capacity_w":2850,"capacity_va":3000},{"name":"APC SURTD2200XLIM","price":2280.17,"capacity_w":1540,"capacity_va":2200},{"name":"Tripp Lite ECO550UPS","price":87.94,"capacity_w":300,"capacity_va":550},{"name":"Tripp Lite ECO850LCD","price":118.71,"capacity_w":425,"capacity_va":850},{"name":"Tripp Lite ECO900UPSM","price":148.99,"capacity_w":480,"capacity_va":900},{"name":"Tripp Lite INTERNET350SER","price":77.99,"capacity_w":180,"capacity_va":350},{"name":"Tripp Lite SM1500RMXL2UTAA","price":834.48,"capacity_w":1350,"capacity_va":1500},{"name":"Tripp Lite SM3000RMXLNTAA","price":1710.47,"capacity_w":2880,"capacity_va":3000},{"name":"Tripp Lite SMART1500RM2UN","price":1100.85,"capacity_w":1350,"capacity_va":1500},{"name":"Tripp Lite SMART1500RMXL2U","price":834.1,"capacity_w":940,"capacity_va":1500},{"name":"Tripp Lite SMART1500RMXLN","price":1151.26,"capacity_w":1350,"capacity_va":1500},{"name":"Tripp Lite SMART2200CRMXL","price":1496.2,"capacity_w":1900,"capacity_va":2200},{"name":"Tripp Lite SMART2200RM2U","price":1122.9,"capacity_w":1920,"capacity_va":2200},{"name":"Tripp Lite SU2200RTXL2UA","price":1390,"capacity_w":1600,"capacity_va":2200},{"name":"Tripp Lite SU3000RTXR3U","price":1830.66,"capacity_w":2400,"capacity_va":3000},{"name":"Tripp Lite SU1500XL","price":1172.59,"capacity_w":1200,"capacity_va":1500},{"name":"Tripp Lite SMARTINT2200VS","price":1086.59,"capacity_w":1600,"capacity_va":2200},{"name":"Tripp Lite SMART3000VS","price":1329.85,"capacity_w":2250,"capacity_va":3000},{"name":"CyberPower CP1000PFCLCDTAA","price":201.95,"capacity_w":600,"capacity_va":1000},{"name":"CyberPower OR1500LCDRT2U","price":495.95,"capacity_w":900,"capacity_va":1500},{"name":"CyberPower OR500LCDRM1U","price":199.95,"capacity_w":300,"capacity_va":500},{"name":"Fellowes 99067","price":130,"capacity_w":null,"capacity_va":600},{"name":"Tripp Lite SM1000RM1UTAA","price":719.03,"capacity_w":800,"capacity_va":1000},{"name":"Tripp Lite SM3000RM2UTAA","price":null,"capacity_w":2250,"capacity_va":3000},{"name":"Tripp Lite SMC15002URM","price":669.16,"capacity_w":1000,"capacity_va":1500},{"name":"Tripp Lite SMC10002URM","price":384.34,"capacity_w":700,"capacity_va":1000},{"name":"APC SMT1000J","price":null,"capacity_w":670,"capacity_va":1000},{"name":"APC BE350G","price":null,"capacity_w":200,"capacity_va":350},{"name":"APC BE350G-CN","price":null,"capacity_w":200,"capacity_va":350},{"name":"APC BE450G","price":null,"capacity_w":257,"capacity_va":450},{"name":"APC BE450G-CN","price":null,"capacity_w":257,"capacity_va":450},{"name":"APC APC3IA","price":null,"capacity_w":2250,"capacity_va":3000},{"name":"APC BE325","price":null,"capacity_w":185,"capacity_va":325},{"name":"APC BE325-LM","price":null,"capacity_w":185,"capacity_va":325},{"name":"APC BE325R","price":null,"capacity_w":185,"capacity_va":325},{"name":"APC BE350","price":null,"capacity_w":225,"capacity_va":350},{"name":"APC BE350C","price":null,"capacity_w":200,"capacity_va":350},{"name":"APC BE350G-LM","price":null,"capacity_w":200,"capacity_va":350},{"name":"APC BE350R-CN","price":null,"capacity_w":200,"capacity_va":350},{"name":"APC BE350U-CN","price":null,"capacity_w":200,"capacity_va":350},{"name":"APC BE400-CP","price":null,"capacity_w":240,"capacity_va":400},{"name":"APC BE400-FR","price":290,"capacity_w":240,"capacity_va":400},{"name":"APC BE450G-LM","price":null,"capacity_w":257,"capacity_va":450},{"name":"APC BE500R","price":null,"capacity_w":300,"capacity_va":500},{"name":"APC BE500R-CN","price":null,"capacity_w":300,"capacity_va":500},{"name":"APC BE500U-CN","price":null,"capacity_w":300,"capacity_va":500},{"name":"APC BE525-RS","price":null,"capacity_w":300,"capacity_va":525},{"name":"APC BE550-CP","price":null,"capacity_w":330,"capacity_va":550},{"name":"APC BE550-GR","price":null,"capacity_w":330,"capacity_va":550},{"name":"APC BE550-UK","price":null,"capacity_w":330,"capacity_va":700},{"name":"APC BF350U","price":null,"capacity_w":225,"capacity_va":350},{"name":"APC BE550G-CN","price":null,"capacity_w":330,"capacity_va":550},{"name":"APC BE550G-GR","price":null,"capacity_w":330,"capacity_va":550},{"name":"APC BE550G/LM","price":null,"capacity_w":330,"capacity_va":550},{"name":"APC BE550R","price":null,"capacity_w":330,"capacity_va":550},{"name":"APC BE550R-CN","price":null,"capacity_w":330,"capacity_va":550},{"name":"APC BE600-LM","price":null,"capacity_w":360,"capacity_va":600},{"name":"APC BE650BB","price":null,"capacity_w":390,"capacity_va":650},{"name":"APC BE650G","price":null,"capacity_w":390,"capacity_va":650},{"name":"APC BE650G1-LM","price":131.94,"capacity_w":390,"capacity_va":650},{"name":"APC BE650G-CN","price":null,"capacity_w":390,"capacity_va":650},{"name":"APC BE650G-LM","price":null,"capacity_w":390,"capacity_va":650},{"name":"APC BE650MC","price":null,"capacity_w":390,"capacity_va":650},{"name":"APC BE650R-CN","price":null,"capacity_w":390,"capacity_va":650},{"name":"APC BE700-AZ","price":null,"capacity_w":405,"capacity_va":700},{"name":"APC BE700-CP","price":null,"capacity_w":405,"capacity_va":700},{"name":"APC BE700G-GR","price":null,"capacity_w":405,"capacity_va":700},{"name":"APC BE700-GR","price":null,"capacity_w":405,"capacity_va":700},{"name":"APC BE700G-UK","price":null,"capacity_w":405,"capacity_va":700},{"name":"APC BE700-UK","price":null,"capacity_w":405,"capacity_va":700},{"name":"APC BE750BB-CN","price":null,"capacity_w":450,"capacity_va":750},{"name":"APC BE750BBX450","price":null,"capacity_w":450,"capacity_va":750},{"name":"APC BE750G-CN","price":null,"capacity_w":450,"capacity_va":750},{"name":"APC BE750G-LM","price":null,"capacity_w":450,"capacity_va":750},{"name":"APC BF350-FR","price":null,"capacity_w":225,"capacity_va":350},{"name":"APC BF350-GR","price":null,"capacity_w":225,"capacity_va":350},{"name":"APC BF500","price":null,"capacity_w":325,"capacity_va":500},{"name":"APC BF500-AZ","price":null,"capacity_w":325,"capacity_va":500},{"name":"APC BF500-GR","price":null,"capacity_w":325,"capacity_va":500},{"name":"APC BF500U","price":null,"capacity_w":325,"capacity_va":500},{"name":"APC BF500-UK","price":null,"capacity_w":325,"capacity_va":500},{"name":"APC BG500","price":null,"capacity_w":300,"capacity_va":500},{"name":"APC BH500NET","price":null,"capacity_w":300,"capacity_va":500},{"name":"APC BK200","price":null,"capacity_w":130,"capacity_va":200},{"name":"APC BK300C","price":null,"capacity_w":180,"capacity_va":300},{"name":"APC BK300MI","price":null,"capacity_w":180,"capacity_va":300},{"name":"APC BK400","price":null,"capacity_w":250,"capacity_va":400},{"name":"APC BK450","price":null,"capacity_w":300,"capacity_va":450},{"name":"APC BK500JP","price":null,"capacity_w":300,"capacity_va":500},{"name":"APC BK500JS","price":null,"capacity_w":300,"capacity_va":500},{"name":"APC BK500MI","price":null,"capacity_w":300,"capacity_va":500},{"name":"APC BK600","price":null,"capacity_w":400,"capacity_va":600},{"name":"APC BN4001","price":null,"capacity_w":257,"capacity_va":450},{"name":"APC BN700MC","price":null,"capacity_w":420,"capacity_va":700},{"name":"APC BR1200GI","price":null,"capacity_w":720,"capacity_va":1200},{"name":"APC BN600G","price":164.99,"capacity_w":360,"capacity_va":600},{"name":"APC BR1300G","price":null,"capacity_w":780,"capacity_va":1300},{"name":"APC BR550GI","price":null,"capacity_w":330,"capacity_va":550},{"name":"APC BR900GI","price":null,"capacity_w":540,"capacity_va":900},{"name":"APC DLT1500I","price":null,"capacity_w":1000,"capacity_va":1500},{"name":"APC DLT1500RMI2U","price":null,"capacity_w":1000,"capacity_va":1500},{"name":"APC J10BLK","price":null,"capacity_w":600,"capacity_va":1000},{"name":"APC J15BLK","price":null,"capacity_w":865,"capacity_va":1500},{"name":"APC SC1000","price":null,"capacity_w":600,"capacity_va":1000},{"name":"APC SC1000I","price":null,"capacity_w":600,"capacity_va":1000},{"name":"APC SC1500I","price":null,"capacity_w":865,"capacity_va":1500},{"name":"APC SC420","price":null,"capacity_w":260,"capacity_va":420},{"name":"APC SC420I","price":232.99,"capacity_w":260,"capacity_va":420},{"name":"APC SC450R1X542","price":null,"capacity_w":280,"capacity_va":450},{"name":"APC SC450RM1U","price":null,"capacity_w":280,"capacity_va":450},{"name":"APC SC450RMI1U","price":369.99,"capacity_w":280,"capacity_va":450},{"name":"APC SC620","price":349,"capacity_w":390,"capacity_va":620},{"name":"APC SC620I","price":null,"capacity_w":390,"capacity_va":620},{"name":"APC SMC1000-2U","price":null,"capacity_w":600,"capacity_va":1000},{"name":"APC SMC1000I","price":null,"capacity_w":600,"capacity_va":1000},{"name":"APC SMC1500-2U","price":null,"capacity_w":900,"capacity_va":1500},{"name":"APC SMC1500I-2U","price":845.3,"capacity_w":900,"capacity_va":1500},{"name":"APC SMT1000I","price":734.05,"capacity_w":670,"capacity_va":1000},{"name":"APC SMT1000RM2U","price":718.99,"capacity_w":700,"capacity_va":1000},{"name":"APC SMT1000RMI2U","price":939,"capacity_w":700,"capacity_va":1000},{"name":"APC SMT1000US","price":null,"capacity_w":700,"capacity_va":1000},{"name":"APC SMT1500J","price":null,"capacity_w":980,"capacity_va":1500},{"name":"APC SMT1500R2X180","price":null,"capacity_w":1000,"capacity_va":1500},{"name":"APC SMT1500RM1U","price":null,"capacity_w":1000,"capacity_va":1440},{"name":"APC SMT1500RM2U","price":725.99,"capacity_w":1000,"capacity_va":1440},{"name":"APC SMT1500RMI2U","price":null,"capacity_w":1000,"capacity_va":1500},{"name":"APC SMT1500X413","price":771.68,"capacity_w":980,"capacity_va":1500},{"name":"APC SMT1500X448","price":null,"capacity_w":1000,"capacity_va":1500},{"name":"APC SMT2200R2X180","price":null,"capacity_w":1980,"capacity_va":2200},{"name":"APC SMT2200RM2U","price":1799,"capacity_w":1980,"capacity_va":2200},{"name":"APC SMT2200RMUS","price":1840.41,"capacity_w":1980,"capacity_va":2200},{"name":"APC SMT3000R2X180","price":null,"capacity_w":2700,"capacity_va":3000},{"name":"APC SMT3000RMT2U","price":2139.9,"capacity_w":2700,"capacity_va":3000},{"name":"APC SMT750I","price":535.49,"capacity_w":500,"capacity_va":750},{"name":"APC SMT750R2-NMC","price":null,"capacity_w":500,"capacity_va":750},{"name":"APC SMT750RM2U","price":789.99,"capacity_w":500,"capacity_va":750},{"name":"APC SMT750RMI2U","price":801.56,"capacity_w":500,"capacity_va":750},{"name":"APC SMT750US","price":null,"capacity_w":500,"capacity_va":750},{"name":"APC SMX1000I","price":1051.68,"capacity_w":800,"capacity_va":1000},{"name":"APC SMX1500RM2U","price":null,"capacity_w":1200,"capacity_va":1500},{"name":"APC SMX750","price":749.99,"capacity_w":600,"capacity_va":750},{"name":"APC SRT5KRMXLW-HW","price":6188.05,"capacity_w":4500,"capacity_va":5000},{"name":"APC SRT6KRMXLT","price":6008.56,"capacity_w":6000,"capacity_va":6000},{"name":"APC SU1000RMI2U","price":null,"capacity_w":670,"capacity_va":1000},{"name":"APC SU1000XLNET","price":null,"capacity_w":670,"capacity_va":1000},{"name":"APC SU1400RMXLIB3U","price":null,"capacity_w":1050,"capacity_va":1400},{"name":"APC SU5000R5TBX120","price":null,"capacity_w":3750,"capacity_va":5000},{"name":"APC SU700X93","price":null,"capacity_w":450,"capacity_va":700},{"name":"APC SUA1000RMI1U","price":1148,"capacity_w":640,"capacity_va":1000},{"name":"APC SUA1500R2X122","price":null,"capacity_w":980,"capacity_va":1440},{"name":"APC SUA1500R2X138","price":null,"capacity_w":980,"capacity_va":1440},{"name":"APC SUA1500R2X93","price":null,"capacity_w":980,"capacity_va":1440},{"name":"APC SUA1500RMI2U","price":null,"capacity_w":980,"capacity_va":1500},{"name":"APC SUA1500RMJ2UB","price":null,"capacity_w":980,"capacity_va":1500},{"name":"APC SUA2200","price":null,"capacity_w":1980,"capacity_va":2200},{"name":"APC SUA2200R2X147","price":null,"capacity_w":1980,"capacity_va":2200},{"name":"APC SUA2200XL","price":null,"capacity_w":1850,"capacity_va":2200},{"name":"APC SUA2200XLI","price":null,"capacity_w":1980,"capacity_va":2200},{"name":"APC SUA3000","price":null,"capacity_w":2700,"capacity_va":3000},{"name":"APC SUA3000I","price":null,"capacity_w":2700,"capacity_va":3000},{"name":"APC SUA3000R2IX38","price":null,"capacity_w":2700,"capacity_va":3000},{"name":"APC SUA3000RM2U","price":null,"capacity_w":2700,"capacity_va":3000},{"name":"APC SUA3000RMI2U","price":null,"capacity_w":2700,"capacity_va":3000},{"name":"APC SUA3000XL","price":null,"capacity_w":2700,"capacity_va":3000},{"name":"APC SUA3000XLI","price":null,"capacity_w":2700,"capacity_va":3000},{"name":"APC SUA5000R5TXFMR","price":6325,"capacity_w":4000,"capacity_va":5000},{"name":"APC SUA500PDRI-H","price":null,"capacity_w":325,"capacity_va":500},{"name":"APC SUA500PDRI-S","price":null,"capacity_w":325,"capacity_va":500},{"name":"APC SUA750IX38","price":null,"capacity_w":500,"capacity_va":750},{"name":"APC SUA750R2IX38","price":1461,"capacity_w":480,"capacity_va":750},{"name":"APC SUA750R2X338","price":null,"capacity_w":480,"capacity_va":750},{"name":"APC SUA750RMI2U","price":null,"capacity_w":480,"capacity_va":750},{"name":"APC SUA750RMJ1UB","price":null,"capacity_w":480,"capacity_va":750},{"name":"APC SUA750XLI","price":null,"capacity_w":600,"capacity_va":750},{"name":"APC SUM1500RMXL2U","price":null,"capacity_w":1425,"capacity_va":1440},{"name":"APC SUOL2000XLI","price":null,"capacity_w":1400,"capacity_va":2000},{"name":"APC SURT1000RMXLI","price":1572.32,"capacity_w":700,"capacity_va":1000},{"name":"APC SURT1000XLI","price":null,"capacity_w":700,"capacity_va":1000},{"name":"APC SURT1000XLIM","price":null,"capacity_w":700,"capacity_va":1000},{"name":"APC SURT2000RMXLI","price":null,"capacity_w":1400,"capacity_va":2000},{"name":"APC SURT2000XLI","price":null,"capacity_w":1400,"capacity_va":2000},{"name":"APC SURT6000RMXLT3U","price":null,"capacity_w":4200,"capacity_va":6000},{"name":"APC SURT6000XLT","price":null,"capacity_w":4200,"capacity_va":6000},{"name":"APC SURTA1000RMXL2U","price":null,"capacity_w":800,"capacity_va":1000},{"name":"APC SURTA1000XL","price":null,"capacity_w":800,"capacity_va":1000},{"name":"APC SURTA1500RMXL2U","price":null,"capacity_w":1050,"capacity_va":1500},{"name":"APC SURTA1500XL","price":null,"capacity_w":1050,"capacity_va":1500},{"name":"APC SURTA2200RMXL2U","price":null,"capacity_w":1750,"capacity_va":2200},{"name":"APC SURTA2200XL","price":null,"capacity_w":1750,"capacity_va":2200},{"name":"APC SURTA3000RMXL","price":null,"capacity_w":2100,"capacity_va":3000},{"name":"APC SURTD3000RMXLI","price":null,"capacity_w":2100,"capacity_va":3000},{"name":"APC SURTD3000RMXLT3U","price":null,"capacity_w":2100,"capacity_va":3000},{"name":"APC SURTD3KRMXL3U-TF5","price":null,"capacity_w":2100,"capacity_va":3000},{"name":"APC SURTD5000RMXLI","price":null,"capacity_w":3500,"capacity_va":5000},{"name":"APC SURTD5000RMXLP3U","price":6310,"capacity_w":4000,"capacity_va":5000},{"name":"APC SURTD5000RMXLT3U","price":null,"capacity_w":3500,"capacity_va":5000},{"name":"APC SURTD6000RMXLP3U","price":7675,"capacity_w":4200,"capacity_va":6000},{"name":"Tripp Lite AVR650UM","price":null,"capacity_w":325,"capacity_va":650},{"name":"Tripp Lite AVR700U","price":104.11,"capacity_w":350,"capacity_va":700},{"name":"Tripp Lite AVR700UXRM","price":null,"capacity_w":350,"capacity_va":700},{"name":"Tripp Lite AVR750U","price":125.99,"capacity_w":450,"capacity_va":750},{"name":"Tripp Lite AVR900UTAA","price":null,"capacity_w":480,"capacity_va":900},{"name":"Tripp Lite AVRX550U","price":null,"capacity_w":300,"capacity_va":550},{"name":"Tripp Lite AVRX750U","price":218.29,"capacity_w":450,"capacity_va":750},{"name":"Tripp Lite BC600SINE","price":null,"capacity_w":375,"capacity_va":600},{"name":"Tripp Lite BCPERS300","price":null,"capacity_w":175,"capacity_va":300},{"name":"Tripp Lite BCPERS450","price":null,"capacity_w":280,"capacity_va":450},{"name":"Tripp Lite BCPERSONAL450","price":null,"capacity_w":280,"capacity_va":450},{"name":"Tripp Lite BCPRO1050","price":null,"capacity_w":705,"capacity_va":1050},{"name":"Tripp Lite BCPRO1400","price":null,"capacity_w":940,"capacity_va":1400},{"name":"Tripp Lite BCPRO600","price":null,"capacity_w":345,"capacity_va":600},{"name":"Tripp Lite ECO350UPS","price":83.99,"capacity_w":180,"capacity_va":350},{"name":"Tripp Lite ECO550UPSTAA","price":null,"capacity_w":300,"capacity_va":550},{"name":"Tripp Lite ECO650UPSM","price":112.52,"capacity_w":325,"capacity_va":650},{"name":"Tripp Lite ECO750UPS","price":109.45,"capacity_w":450,"capacity_va":750},{"name":"Tripp Lite HT850UPS","price":null,"capacity_w":450,"capacity_va":750},{"name":"Tripp Lite HTRL15UPS","price":null,"capacity_w":900,"capacity_va":1500},{"name":"Tripp Lite INTERNET600U","price":82.81,"capacity_w":300,"capacity_va":600},{"name":"Tripp Lite INTERNET750U","price":107.72,"capacity_w":450,"capacity_va":750},{"name":"Tripp Lite INTERNETOFFICE500","price":null,"capacity_w":280,"capacity_va":500},{"name":"Tripp Lite INTERNETOFFICE700","price":null,"capacity_w":425,"capacity_va":700},{"name":"Tripp Lite INTRNT OFFC700R","price":null,"capacity_w":425,"capacity_va":700},{"name":"Tripp Lite OMNI500ISO","price":null,"capacity_w":300,"capacity_va":500},{"name":"Tripp Lite OMNI700LCD","price":null,"capacity_w":420,"capacity_va":700},{"name":"Tripp Lite OMNI900LCD","price":163.37,"capacity_w":475,"capacity_va":900},{"name":"Tripp Lite OMNISMART1400","price":null,"capacity_w":940,"capacity_va":1400},{"name":"Tripp Lite OMNISMART1400PNP","price":null,"capacity_w":940,"capacity_va":1400},{"name":"Tripp Lite OMNISMART300PNP","price":null,"capacity_w":180,"capacity_va":300},{"name":"Tripp Lite OMNISMART350HG","price":467.99,"capacity_w":225,"capacity_va":330},{"name":"Tripp Lite OMNISMART500","price":241.27,"capacity_w":300,"capacity_va":500},{"name":"Tripp Lite OMNISMART700","price":null,"capacity_w":425,"capacity_va":700},{"name":"Tripp Lite OMNI SMT300PNP","price":null,"capacity_w":180,"capacity_va":300},{"name":"Tripp Lite OMNIVS1500XL","price":278.63,"capacity_w":940,"capacity_va":1500},{"name":"Tripp Lite OMNIVS1500XLTAA","price":null,"capacity_w":940,"capacity_va":1500},{"name":"Tripp Lite OMNIVS500U","price":null,"capacity_w":300,"capacity_va":500},{"name":"Tripp Lite OMNIVS800","price":198.95,"capacity_w":475,"capacity_va":800},{"name":"Tripp Lite OMNIVSINT1000","price":null,"capacity_w":500,"capacity_va":1000},{"name":"Tripp Lite OMNIX1500XLTAA","price":null,"capacity_w":940,"capacity_va":1500},{"name":"Tripp Lite OMNIX350HG","price":536.65,"capacity_w":225,"capacity_va":350},{"name":"Tripp Lite POS500","price":null,"capacity_w":300,"capacity_va":500},{"name":"Tripp Lite SM1000RM2UTAA","price":649.65,"capacity_w":700,"capacity_va":1000},{"name":"Tripp Lite SM1050NAFTA","price":null,"capacity_w":705,"capacity_va":1050},{"name":"Tripp Lite SM2200NAFTA","price":null,"capacity_w":1700,"capacity_va":2200},{"name":"Tripp Lite SM2200RMDVTAA","price":1786.12,"capacity_w":1920,"capacity_va":2200},{"name":"Tripp Lite SM3000NAFTA","price":null,"capacity_w":2400,"capacity_va":3000},{"name":"Tripp Lite SM3000RM2UNTAA","price":2312.98,"capacity_w":2250,"capacity_va":3000},{"name":"Tripp Lite SM3000RMNAFTA","price":null,"capacity_w":2250,"capacity_va":3000},{"name":"Tripp Lite SM500RMNAFTA","price":null,"capacity_w":300,"capacity_va":500},{"name":"Tripp Lite SMART1000LCDTAA","price":null,"capacity_w":500,"capacity_va":1000},{"name":"Tripp Lite SMART1000RM1U","price":698.99,"capacity_w":800,"capacity_va":1000},{"name":"Tripp Lite SMART1000RM2U","price":603.85,"capacity_w":800,"capacity_va":1000},{"name":"Tripp Lite SMART1000RMXL2U","price":549.99,"capacity_w":900,"capacity_va":1000},{"name":"Tripp Lite SMART1050","price":null,"capacity_w":705,"capacity_va":1050},{"name":"Tripp Lite SMART1050SLT","price":511.8,"capacity_w":670,"capacity_va":1050},{"name":"Tripp Lite SMART1050SLTAA","price":null,"capacity_w":650,"capacity_va":1050},{"name":"Tripp Lite SMART1500","price":574.99,"capacity_w":980,"capacity_va":1500},{"name":"Tripp Lite SMART1500SLT","price":450,"capacity_w":950,"capacity_va":1500},{"name":"Tripp Lite SMART1500XL","price":767.8,"capacity_w":980,"capacity_va":1500},{"name":"Tripp Lite SMART1500XLTAA","price":767.02,"capacity_w":980,"capacity_va":1500},{"name":"Tripp Lite SMART2200","price":null,"capacity_w":1700,"capacity_va":2200},{"name":"Tripp Lite SMART2200RM2UN","price":1409.73,"capacity_w":1920,"capacity_va":2200},{"name":"Tripp Lite ECO750UPSTAA","price":134.23,"capacity_w":450,"capacity_va":750},{"name":"Tripp Lite TE1200","price":null,"capacity_w":940,"capacity_va":1200},{"name":"Tripp Lite TE600","price":null,"capacity_w":425,"capacity_va":600},{"name":"Tripp Lite SMART2200RMXLN","price":1494.72,"capacity_w":1920,"capacity_va":2200},{"name":"Tripp Lite SMART2200SLTAA","price":null,"capacity_w":1600,"capacity_va":2200},{"name":"Tripp Lite SMART2200VSXL","price":null,"capacity_w":1600,"capacity_va":2200},{"name":"Tripp Lite SMART2500XLHG","price":2241.71,"capacity_w":1920,"capacity_va":2200},{"name":"Tripp Lite SMART3000CRMXL","price":2129.61,"capacity_w":2880,"capacity_va":3000},{"name":"Tripp Lite SMART3000RM2UN","price":1500,"capacity_w":2250,"capacity_va":3000},{"name":"Tripp Lite SU2200RTXL2UN","price":null,"capacity_w":1600,"capacity_va":2200},{"name":"Tripp Lite SU2200RTXLCD2U","price":1573.71,"capacity_w":1800,"capacity_va":2200},{"name":"Tripp Lite SU2200XL","price":null,"capacity_w":1600,"capacity_va":2200},{"name":"Tripp Lite SU2200XLA","price":null,"capacity_w":1600,"capacity_va":2200},{"name":"Tripp Lite SU3000RTXL3U","price":2331.94,"capacity_w":2400,"capacity_va":3000},{"name":"Tripp Lite SU3000RTXL3UHV","price":null,"capacity_w":2400,"capacity_va":3000},{"name":"Tripp Lite SU3000RTXLCD3U","price":2444.98,"capacity_w":2700,"capacity_va":3000},{"name":"Tripp Lite SU3000XL","price":null,"capacity_w":2400,"capacity_va":3000},{"name":"Tripp Lite SU3000XLNAFTA","price":null,"capacity_w":2400,"capacity_va":3000},{"name":"Tripp Lite SU5000RT3U","price":null,"capacity_w":3500,"capacity_va":5000},{"name":"Tripp Lite SU5000RT3UHV","price":null,"capacity_w":3500,"capacity_va":5000},{"name":"Tripp Lite SU5000RT4U","price":null,"capacity_w":3800,"capacity_va":5000},{"name":"Tripp Lite SU6000RT3U","price":null,"capacity_w":4200,"capacity_va":6000},{"name":"Tripp Lite SU6000RT3UHV","price":null,"capacity_w":4200,"capacity_va":6000},{"name":"Tripp Lite SU6000RT3UHVXL","price":null,"capacity_w":4200,"capacity_va":6000},{"name":"Tripp Lite SU6000RT4U","price":null,"capacity_w":4200,"capacity_va":6000},{"name":"Tripp Lite SU6000RT4UHVG","price":4982.83,"capacity_w":5400,"capacity_va":6000},{"name":"Tripp Lite SU6000RT4UHVHW","price":null,"capacity_w":5400,"capacity_va":6000},{"name":"Tripp Lite SU750RTXL2U","price":899.38,"capacity_w":600,"capacity_va":750},{"name":"Tripp Lite SU750RTXLCD2U","price":753.96,"capacity_w":675,"capacity_va":750},{"name":"Tripp Lite SU750XL","price":null,"capacity_w":600,"capacity_va":750},{"name":"Tripp Lite SU8000RT3U","price":null,"capacity_w":6400,"capacity_va":8000},{"name":"Tripp Lite SU8000RT3UG","price":null,"capacity_w":6400,"capacity_va":8000},{"name":"Tripp Lite SU8000RT4U","price":null,"capacity_w":5600,"capacity_va":8000},{"name":"Tripp Lite SUINT1000RTXL2UA","price":null,"capacity_w":800,"capacity_va":1000},{"name":"Tripp Lite SUINT1500RTXL2UA","price":null,"capacity_w":1200,"capacity_va":1500},{"name":"Tripp Lite SUINT2000XL","price":null,"capacity_w":1400,"capacity_va":2000},{"name":"Tripp Lite SUINT2200RTXL2UA","price":null,"capacity_w":1600,"capacity_va":2200},{"name":"Tripp Lite SUINT3000RTXL2U","price":null,"capacity_w":2500,"capacity_va":3000},{"name":"Tripp Lite SUINT3000RTXL3U","price":null,"capacity_w":2400,"capacity_va":3000},{"name":"Tripp Lite SU1500RMNAFTA","price":null,"capacity_w":1200,"capacity_va":1500},{"name":"Tripp Lite SU1500RTXL2UN","price":null,"capacity_w":1200,"capacity_va":1500},{"name":"Tripp Lite SMX5000XLRT3U","price":null,"capacity_w":3750,"capacity_va":5000},{"name":"Tripp Lite SMX500RT1U","price":289.27,"capacity_w":300,"capacity_va":500},{"name":"Tripp Lite SU1000RTXL2UA","price":815.89,"capacity_w":800,"capacity_va":1000},{"name":"Tripp Lite SU1000RTXLCD2U","price":755.27,"capacity_w":900,"capacity_va":1000},{"name":"Tripp Lite SU1000XLA","price":null,"capacity_w":800,"capacity_va":1000},{"name":"Tripp Lite SU1000XLCD","price":747,"capacity_w":900,"capacity_va":1000},{"name":"Tripp Lite SU10KRT3U","price":null,"capacity_w":7000,"capacity_va":10000},{"name":"Tripp Lite SU12000RT4UHW","price":null,"capacity_w":8400,"capacity_va":12000},{"name":"Tripp Lite SMART750","price":null,"capacity_w":450,"capacity_va":750},{"name":"Tripp Lite SMART750RM1U","price":399,"capacity_w":600,"capacity_va":750},{"name":"Tripp Lite SMART750RMXL2U","price":617.99,"capacity_w":600,"capacity_va":750},{"name":"Tripp Lite SMART750SLT","price":407.64,"capacity_w":500,"capacity_va":750},{"name":"Tripp Lite SMART750USB","price":152.5,"capacity_w":450,"capacity_va":750},{"name":"Tripp Lite SMART750USBTAA","price":205.62,"capacity_w":450,"capacity_va":750},{"name":"Tripp Lite SMART750XL","price":null,"capacity_w":450,"capacity_va":750},{"name":"Tripp Lite SMART750XLA","price":null,"capacity_w":500,"capacity_va":750},{"name":"Tripp Lite SMX1000RT2U","price":730.09,"capacity_w":700,"capacity_va":1000},{"name":"Tripp Lite SMX1050SLT","price":null,"capacity_w":650,"capacity_va":1050},{"name":"Tripp Lite SMX1200XLHG","price":995.67,"capacity_w":750,"capacity_va":1000},{"name":"Tripp Lite SMX1500LCD","price":423.06,"capacity_w":900,"capacity_va":1500},{"name":"Tripp Lite SMX1500SLT","price":665.6,"capacity_w":900,"capacity_va":1500},{"name":"Tripp Lite SMX2200RT2UTAA","price":null,"capacity_w":1600,"capacity_va":2200},{"name":"Tripp Lite SMX3000RT2UTAA","price":null,"capacity_w":2250,"capacity_va":3000},{"name":"Tripp Lite SMART500RT1UTAA","price":288.58,"capacity_w":300,"capacity_va":500},{"name":"Tripp Lite SMART550USB","price":158.13,"capacity_w":300,"capacity_va":550},{"name":"Tripp Lite SMART550USBTAA","price":null,"capacity_w":300,"capacity_va":550},{"name":"Tripp Lite SMART700","price":null,"capacity_w":450,"capacity_va":700},{"name":"Tripp Lite SMART700DVA","price":160.37,"capacity_w":450,"capacity_va":700},{"name":"Tripp Lite SMART700HG","price":894.38,"capacity_w":450,"capacity_va":700},{"name":"Tripp Lite SMART700SER","price":null,"capacity_w":450,"capacity_va":700},{"name":"Tripp Lite ECO650LCD","price":null,"capacity_w":325,"capacity_va":650},{"name":"Tripp Lite OMNI1000ISO","price":745.23,"capacity_w":700,"capacity_va":1000},{"name":"Tripp Lite SM1500XLNAFTA","price":608.89,"capacity_w":980,"capacity_va":1500},{"name":"Tripp Lite SMART3000RMOD2U","price":null,"capacity_w":2880,"capacity_va":3000},{"name":"Tripp Lite SMART5000TEL3U","price":3350.26,"capacity_w":3750,"capacity_va":5000},{"name":"Tripp Lite OMNI750ISO","price":null,"capacity_w":500,"capacity_va":750},{"name":"Tripp Lite OMNISMARTINT500PNP","price":null,"capacity_w":300,"capacity_va":500},{"name":"Tripp Lite SMART1050NET","price":null,"capacity_w":705,"capacity_va":1050},{"name":"Tripp Lite SMART5000RT3UXR","price":null,"capacity_w":4000,"capacity_va":5000},{"name":"Tripp Lite SMARTINT1400RM","price":null,"capacity_w":940,"capacity_va":1400},{"name":"Tripp Lite SMX1000LCD","price":null,"capacity_w":500,"capacity_va":1000},{"name":"APC BK500","price":166.99,"capacity_w":300,"capacity_va":500},{"name":"APC BR1500I","price":null,"capacity_w":865,"capacity_va":1500},{"name":"APC DLRT8000RMXLI6U","price":null,"capacity_w":6400,"capacity_va":8000},{"name":"APC SU2200R3X167","price":null,"capacity_w":1980,"capacity_va":2200},{"name":"APC SU700X167","price":null,"capacity_w":450,"capacity_va":700},{"name":"APC SUA1000","price":null,"capacity_w":670,"capacity_va":1000},{"name":"APC SUA1000RM1U","price":null,"capacity_w":640,"capacity_va":1000},{"name":"APC SUA1000RM2U","price":null,"capacity_w":670,"capacity_va":1000},{"name":"APC SUA1000US","price":null,"capacity_w":670,"capacity_va":1000},{"name":"APC SUA1000XL","price":null,"capacity_w":800,"capacity_va":1000},{"name":"APC SUA1500","price":null,"capacity_w":980,"capacity_va":1440},{"name":"APC SUA1500-RF","price":null,"capacity_w":980,"capacity_va":1440},{"name":"APC SUA1500RM2U","price":null,"capacity_w":980,"capacity_va":1440},{"name":"APC SUA1500X93","price":null,"capacity_w":980,"capacity_va":1440},{"name":"APC SUA2200X115","price":null,"capacity_w":1980,"capacity_va":2200},{"name":"APC SUA3000RMXLI3U","price":null,"capacity_w":2700,"capacity_va":3000},{"name":"APC SUA750RM1U","price":null,"capacity_w":480,"capacity_va":750},{"name":"APC SUA750RMI1U","price":null,"capacity_w":480,"capacity_va":750},{"name":"CyberPower BRG1350AVRLCD","price":null,"capacity_w":810,"capacity_va":1350},{"name":"CyberPower BRG1500AVRLCD","price":null,"capacity_w":900,"capacity_va":1500},{"name":"CyberPower BRG850AVRLCD","price":null,"capacity_w":510,"capacity_va":850},{"name":"CyberPower CP550SL","price":null,"capacity_w":330,"capacity_va":550},{"name":"CyberPower CP550SLGTAA","price":null,"capacity_w":330,"capacity_va":550},{"name":"CyberPower CP685AVRLCD","price":115.95,"capacity_w":390,"capacity_va":685},{"name":"CyberPower CP750LCDTAA","price":null,"capacity_w":420,"capacity_va":750},{"name":"CyberPower CP800AVR","price":119.99,"capacity_w":450,"capacity_va":800},{"name":"CyberPower CP825LCD","price":null,"capacity_w":450,"capacity_va":825},{"name":"CyberPower CS24C12V2-E","price":null,"capacity_w":24,"capacity_va":null},{"name":"CyberPower EC350G","price":null,"capacity_w":255,"capacity_va":350},{"name":"CyberPower OL1000RTXL2U","price":894.95,"capacity_w":900,"capacity_va":1000},{"name":"CyberPower OL2000RTXL2U","price":null,"capacity_w":1800,"capacity_va":2200},{"name":"CyberPower OL3000RMXL2U","price":null,"capacity_w":2100,"capacity_va":3000},{"name":"CyberPower OL6000RT3U","price":null,"capacity_w":5400,"capacity_va":6000},{"name":"CyberPower OR1000LCDRM1U","price":459.95,"capacity_w":600,"capacity_va":1000},{"name":"CyberPower OR1500PFCRT2U","price":577.95,"capacity_w":900,"capacity_va":1500},{"name":"CyberPower OR2200PFCRT2Ua","price":null,"capacity_w":1300,"capacity_va":2200},{"name":"CyberPower OR700LCDRM1U","price":299.95,"capacity_w":400,"capacity_va":700},{"name":"CyberPower PP800SW","price":null,"capacity_w":550,"capacity_va":800},{"name":"CyberPower PR1000LCDRM1U","price":null,"capacity_w":750,"capacity_va":1000},{"name":"CyberPower PR1000LCDRT2UTAA","price":null,"capacity_w":700,"capacity_va":1000},{"name":"CyberPower PR1000LCDRTXL2U","price":null,"capacity_w":900,"capacity_va":1000},{"name":"CyberPower PR1000LCDTAA","price":null,"capacity_w":700,"capacity_va":1000},{"name":"CyberPower PR1500LCDRT2U","price":null,"capacity_w":1350,"capacity_va":1500},{"name":"CyberPower PR1500LCDRT2UTAA","price":null,"capacity_w":1000,"capacity_va":1500},{"name":"CyberPower PR1500LCDRTXL2U","price":null,"capacity_w":1350,"capacity_va":1500},{"name":"CyberPower PR1500LCDRTXL2Ua","price":null,"capacity_w":1350,"capacity_va":1500},{"name":"CyberPower PR1500LCDRTXL2UTAA","price":null,"capacity_w":1125,"capacity_va":1500},{"name":"CyberPower PR1500LCDTAA","price":null,"capacity_w":1050,"capacity_va":1500},{"name":"CyberPower PR1500SWRM2U","price":null,"capacity_w":1000,"capacity_va":1500},{"name":"CyberPower PR2200LCDRTXL2U","price":null,"capacity_w":2150,"capacity_va":2150},{"name":"CyberPower PR2200LCDRTXL2UTAA","price":null,"capacity_w":1650,"capacity_va":2150},{"name":"CyberPower PR2200SWRM2U","price":null,"capacity_w":1500,"capacity_va":2200},{"name":"CyberPower PR3000LCDRT2U","price":null,"capacity_w":2700,"capacity_va":3000},{"name":"CyberPower PR3000LCDRT2UTAA","price":null,"capacity_w":2250,"capacity_va":3000},{"name":"CyberPower PR3000LCDRTXL2UTAA","price":null,"capacity_w":2400,"capacity_va":3000},{"name":"CyberPower PR5000LCDRTXL5UTAA","price":null,"capacity_w":4000,"capacity_va":5000},{"name":"CyberPower PR500LCDRT1U","price":362.95,"capacity_w":400,"capacity_va":500},{"name":"CyberPower PR6000LCDRTXL5U","price":null,"capacity_w":4500,"capacity_va":6000},{"name":"CyberPower PR750LCD","price":475.95,"capacity_w":525,"capacity_va":750},{"name":"CyberPower PR750LCDRM1U","price":null,"capacity_w":560,"capacity_va":750},{"name":"CyberPower PR750LCDRT1U","price":475.95,"capacity_w":600,"capacity_va":700},{"name":"CyberPower PR750LCDRTXL2U","price":null,"capacity_w":675,"capacity_va":750},{"name":"CyberPower PR750LCDTAA","price":null,"capacity_w":525,"capacity_va":750},{"name":"CyberPower SE425G","price":null,"capacity_w":255,"capacity_va":425},{"name":"Belkin F6C500-UNV","price":null,"capacity_w":275,"capacity_va":500},{"name":"Fellowes 99066","price":null,"capacity_w":null,"capacity_va":500},{"name":"HP AF446A","price":null,"capacity_w":500,"capacity_va":750},{"name":"HP AF447A","price":null,"capacity_w":500,"capacity_va":750},{"name":"HP AF448A","price":null,"capacity_w":670,"capacity_va":1000},{"name":"HP AF449A","price":null,"capacity_w":670,"capacity_va":1000},{"name":"HP AF451A","price":null,"capacity_w":950,"capacity_va":1400},{"name":"HP AF463A","price":null,"capacity_w":6300,"capacity_va":6300},{"name":"HP AF466A","price":null,"capacity_w":2700,"capacity_va":2880},{"name":"HP AF467A","price":null,"capacity_w":3000,"capacity_va":3300},{"name":"HP AF468A","price":null,"capacity_w":3000,"capacity_va":3300},{"name":"HP AF469A","price":null,"capacity_w":1000,"capacity_va":1500},{"name":"HP AF471A","price":null,"capacity_w":1000,"capacity_va":1500},{"name":"IBM 2130R6X","price":null,"capacity_w":1050,"capacity_va":1500},{"name":"IBM 53951AX","price":null,"capacity_w":1000,"capacity_va":1500},{"name":"IBM 53951KX","price":null,"capacity_w":1000,"capacity_va":1500},{"name":"IBM 53952KX","price":null,"capacity_w":1920,"capacity_va":2200},{"name":"IBM 53953KX","price":null,"capacity_w":2700,"capacity_va":3000},{"name":"Lenovo 33L3478","price":null,"capacity_w":null,"capacity_va":675},{"name":"APC SU3000RMTX136","price":null,"capacity_w":2250,"capacity_va":3000},{"name":"CyberPower BU800E-UK","price":null,"capacity_w":400,"capacity_va":800}]