[{"name":"OBSBOT Tiny 2","price":328.95,"resolutions":["4k","2k","1080p","720p","480p"],"connection":"USB 3.2 Gen 1 Type-A","focus_type":"Auto","os":["Windows","OS X"],"fov":85.5},{"name":"Logitech BRIO Ultra HD Pro","price":149.99,"resolutions":["4k","1080p","720p"],"connection":"USB 3.2 Gen 1 Type-A","focus_type":"Auto","os":["Windows","OS X","ChromeOS"],"fov":82},{"name":"Razer Kiyo Pro Ultra","price":299.99,"resolutions":["4k","2k","1080p","720p"],"connection":"USB 3.2 Gen 1 Type-A","focus_type":"Auto","os":["Windows"],"fov":82},{"name":"Elgato Facecam Pro","price":299.99,"resolutions":["4k","1080p","720p"],"connection":"USB 3.2 Gen 1 Type-C","focus_type":"Auto","os":["Windows","OS X"],"fov":90},{"name":"Logitech C920 HD Pro","price":69.84,"resolutions":["1080p","720p"],"connection":"USB 2.0 Type-A","focus_type":"Auto","os":["Windows","OS X","ChromeOS","Android"],"fov":78},{"name":"Logitech C270","price":24.34,"resolutions":["720p"],"connection":"USB 2.0 Type-A","focus_type":"Fixed","os":["Windows","OS X","ChromeOS","Android"],"fov":60},{"name":"Insta360 Insta360 Link","price":249.99,"resolutions":["4k","1080p","720p"],"connection":"USB 2.0 Type-C","focus_type":"Auto","os":["Windows","OS X"],"fov":79.5},{"name":"Anker PowerConf C200","price":47.99,"resolutions":["2k","1080p","720p"],"connection":"USB 3.2 Gen 1 Type-C","focus_type":"Auto","os":["Windows","OS X"],"fov":95},{"name":"Logitech C922 Pro Stream HD","price":79.99,"resolutions":["1080p","720p"],"connection":"USB 2.0 Type-A","focus_type":"Auto","os":["Windows","OS X","ChromeOS","Android"],"fov":78},{"name":"Razer Kiyo","price":49.99,"resolutions":["1080p","720p","480p"],"connection":"USB 2.0 Type-A","focus_type":"Auto","os":["Windows"],"fov":81.6},{"name":"Razer Kiyo X","price":39.9,"resolutions":["1080p","720p"],"connection":"USB 2.0 Type-A","focus_type":"Auto","os":["Windows"],"fov":82},{"name":"Logitech C920s HD Pro","price":59.99,"resolutions":["1080p","720p"],"connection":"USB 2.0 Type-A","focus_type":"Auto","os":["Windows","OS X","ChromeOS","Android"],"fov":78},{"name":"Adesso CyberTrack H3","price":12.99,"resolutions":["720p"],"connection":"USB 2.0 Type-A","focus_type":"Manual","os":["Windows","OS X"],"fov":null},{"name":"Elgato Facecam Premium","price":129.99,"resolutions":["1080p","720p"],"connection":"USB 3.2 Gen 1 Type-A","focus_type":"Manual","os":["Windows","OS X"],"fov":82},{"name":"Adesso Cybertrack H6","price":49.99,"resolutions":["4k"],"connection":"USB 2.0 Type-A","focus_type":"Fixed","os":["Windows","OS X"],"fov":80},{"name":"Razer Kiyo Pro","price":89.51,"resolutions":["1080p","720p","480p"],"connection":"USB 3.2 Gen 1 Type-A","focus_type":"Auto","os":["Windows"],"fov":103},{"name":"aoni A31","price":21.95,"resolutions":["1080p","720p","480p"],"connection":"USB 2.0 Type-A","focus_type":"Auto","os":["Windows","OS X","Linux","ChromeOS","Android"],"fov":84},{"name":"Green Extreme T200","price":14.99,"resolutions":["1080p","720p","480p"],"connection":"USB 2.0 Type-A","focus_type":"Auto","os":["Windows","OS X","Android"],"fov":65},{"name":"Logitech StreamCam","price":131.94,"resolutions":["1080p","720p"],"connection":"USB 3.2 Gen 1 Type-C","focus_type":"Auto","os":["Windows","OS X"],"fov":78},{"name":"OBSBOT Tiny 4K","price":239,"resolutions":["4k","1080p","720p"],"connection":"USB 3.2 Gen 1 Type-A","focus_type":"Auto","os":["Windows","OS X"],"fov":90},{"name":"Adesso Cybertrack H2","price":29.99,"resolutions":["480p"],"connection":"USB 2.0 Type-A","focus_type":"Fixed","os":["Windows","OS X"],"fov":62},{"name":"Logitech StreamCam","price":136,"resolutions":["1080p","720p"],"connection":"USB 3.2 Gen 1 Type-C","focus_type":"Auto","os":["Windows","OS X"],"fov":78},{"name":"Logitech C925e","price":77.98,"resolutions":["1080p","720p"],"connection":"USB 2.0 Type-A","focus_type":"Auto","os":["Windows","OS X","Linux"],"fov":78},{"name":"Adesso Cybertrack H4","price":34.06,"resolutions":["1080p"],"connection":"USB 2.0 Type-A","focus_type":"Manual","os":["Windows","OS X"],"fov":78},{"name":"Anker B600 Video Bar","price":199.99,"resolutions":["2k","1080p","720p"],"connection":"USB 3.2 Gen 1 Type-C","focus_type":"Auto","os":["Windows","OS X"],"fov":95},{"name":"Avermedia PW513","price":101.4,"resolutions":["4k","1080p"],"connection":"USB 3.2 Gen 1 Type-C","focus_type":"Fixed","os":["Windows","OS X"],"fov":94},{"name":"Logitech StreamCam Plus","price":136,"resolutions":["1080p","720p","480p"],"connection":"USB 3.2 Gen 1 Type-C","focus_type":"Auto","os":["Windows","OS X"],"fov":null},{"name":"Wansview 101JD","price":22.99,"resolutions":["1080p"],"connection":"USB 2.0 Type-A","focus_type":null,"os":["Windows","OS X","Android"],"fov":90},{"name":"Asus Webcam C3","price":49.99,"resolutions":["1080p"],"connection":"USB 2.0 Type-A","focus_type":null,"os":["Windows","OS X","ChromeOS"],"fov":null},{"name":"Logitech MX BRIO","price":199.99,"resolutions":["4k","1080p"],"connection":"USB 3.2 Gen 1 Type-C","focus_type":"Auto","os":["Windows","ChromeOS"],"fov":90},{"name":"Adesso Cybertrack H5","price":36.99,"resolutions":["1080p"],"connection":"USB 2.0 Type-A","focus_type":"Auto","os":["Windows","OS X"],"fov":80},{"name":"Logitech B525","price":45.99,"resolutions":["1080p","720p"],"connection":"USB 2.0 Type-A","focus_type":"Auto","os":["Windows","OS X"],"fov":69},{"name":"Logitech C910","price":102.47,"resolutions":["1080p","720p"],"connection":"USB 2.0 Type-A","focus_type":"Auto","os":["Windows","OS X"],"fov":78},{"name":"Asus ROG EYE","price":null,"resolutions":["1080p"],"connection":"USB 2.0 Type-A","focus_type":"Auto","os":["Windows","OS X"],"fov":null},{"name":"Logitech C930e","price":82.99,"resolutions":["1080p","720p"],"connection":"USB 2.0 Type-A","focus_type":"Auto","os":["Windows","OS X","ChromeOS"],"fov":90},{"name":"Creative Labs Live! Cam Sync 1080p","price":48.4,"resolutions":["1080p","720p"],"connection":"USB 2.0 Type-A","focus_type":"Auto","os":["Windows","OS X"],"fov":77},{"name":"Logitech C615 Portable","price":null,"resolutions":["1080p","720p"],"connection":"USB 2.0 Type-A","focus_type":"Auto","os":["Windows","OS X","ChromeOS","Android"],"fov":78},{"name":"Anker PowerConf C302","price":149.99,"resolutions":["2k","1080p","720p"],"connection":"USB 3.2 Gen 1 Type-C","focus_type":"Auto","os":["Windows","OS X"],"fov":115},{"name":"Logitech C505","price":39.96,"resolutions":["720p"],"connection":"USB 2.0 Type-A","focus_type":"Fixed","os":["Windows","OS X","ChromeOS"],"fov":60},{"name":"Microsoft LifeCam HD-3000","price":24.19,"resolutions":["720p"],"connection":"USB 2.0 Type-A","focus_type":"Fixed","os":["Windows","OS X"],"fov":null},{"name":"Avermedia Live Streamer CAM 313","price":48.99,"resolutions":["1080p"],"connection":"USB 2.0 Type-A","focus_type":"Fixed","os":["Windows","OS X"],"fov":null},{"name":"Logitech C505e","price":29.79,"resolutions":["720p"],"connection":"USB 2.0 Type-A","focus_type":"Fixed","os":["Windows","OS X","ChromeOS"],"fov":60},{"name":"Green Extreme T1000","price":129,"resolutions":["1080p"],"connection":"USB 2.0 Type-A","focus_type":"Auto","os":["Windows","OS X"],"fov":120},{"name":"Anker PowerConf C300","price":null,"resolutions":["1080p","720p"],"connection":"USB 3.2 Gen 1 Type-C","focus_type":"Auto","os":["Windows","OS X"],"fov":115},{"name":"AUKEY PC-LM1","price":null,"resolutions":["1080p","720p","480p"],"connection":"USB 2.0 Type-A","focus_type":"Manual","os":["Windows","OS X","Android"],"fov":55},{"name":"Logitech C310","price":58.99,"resolutions":["720p"],"connection":"USB 2.0 Type-A","focus_type":"Fixed","os":["Windows","OS X","ChromeOS","Android"],"fov":60},{"name":"Microsoft LifeCam Studio","price":64.27,"resolutions":["1080p","720p"],"connection":"USB 2.0 Type-A","focus_type":"Auto","os":["Windows","OS X"],"fov":75},{"name":"OBSBOT Tiny","price":149,"resolutions":["1080p","720p"],"connection":"USB 2.0 Type-A","focus_type":"Auto","os":["Windows","OS X"],"fov":86},{"name":"Logitech C525","price":89.99,"resolutions":["720p"],"connection":"USB 2.0 Type-A","focus_type":"Auto","os":["Windows","OS X","ChromeOS","Android"],"fov":69},{"name":"Logitech MX BRIO","price":null,"resolutions":["4k","1080p"],"connection":"USB 3.2 Gen 1 Type-C","focus_type":"Auto","os":["Windows","ChromeOS"],"fov":90},{"name":"Logitech MX BRIO","price":null,"resolutions":["4k","1080p"],"connection":"USB 3.2 Gen 1 Type-C","focus_type":"Auto","os":["Windows","ChromeOS"],"fov":90},{"name":"Microsoft LifeCam Studio for Business","price":null,"resolutions":["1080p","720p"],"connection":"USB 2.0 Type-A","focus_type":"Auto","os":["Windows","OS X"],"fov":75},{"name":"Avermedia PW310P","price":59.99,"resolutions":["1080p"],"connection":"USB 2.0 Type-A","focus_type":"Auto","os":["Windows","OS X","ChromeOS"],"fov":73},{"name":"Avermedia PW315","price":99.99,"resolutions":["1080p"],"connection":"USB 2.0 Type-A","focus_type":"Fixed","os":["Windows","OS X","ChromeOS"],"fov":95.8},{"name":"Avermedia 4K UHD Webcam 510","price":null,"resolutions":["4k","1080p","720p","480p"],"connection":"USB 3.2 Gen 1 Type-C","focus_type":null,"os":["Windows"],"fov":85},{"name":"Microsoft Lifecam Cinema","price":64.98,"resolutions":["720p"],"connection":"USB 2.0 Type-A","focus_type":"Auto","os":["Windows"],"fov":73},{"name":"Microsoft LifeCam HD-3000 L2","price":null,"resolutions":["720p"],"connection":"USB 2.0 Type-A","focus_type":"Fixed","os":["Windows","OS X"],"fov":null},{"name":"Creative Labs Live! Cam Sync HD","price":null,"resolutions":["720p"],"connection":"USB 2.0 Type-A","focus_type":"Fixed","os":["Windows","OS X"],"fov":null},{"name":"VDO360 2SEE","price":99.99,"resolutions":["1080p","720p"],"connection":"USB 2.0 Type-A","focus_type":null,"os":["Windows","OS X","Linux","Android"],"fov":75},{"name":"Avermedia HD Webcam 310","price":null,"resolutions":["1080p","720p","480p"],"connection":"USB 2.0 Type-A","focus_type":"Auto","os":["Windows","OS X","Android"],"fov":null},{"name":"Microsoft LifeCam CinemaaFor Business","price":72.48,"resolutions":["720p"],"connection":"USB 2.0 Type-A","focus_type":"Auto","os":["Windows","OS X"],"fov":null},{"name":"Creative Labs BlasterX Senz3D","price":null,"resolutions":["1080p","720p"],"connection":"USB 3.2 Gen 1 Type-A","focus_type":"Auto","os":["Windows"],"fov":77},{"name":"Adesso Cybertrack H4P","price":null,"resolutions":["1080p"],"connection":"USB 2.0 Type-A","focus_type":"Manual","os":["Windows","OS X"],"fov":78},{"name":"Green Extreme T300","price":null,"resolutions":["1080p","720p","480p"],"connection":"USB 2.0 Type-A","focus_type":"Auto","os":["Windows","OS X","Android"],"fov":94},{"name":"Green Extreme T200 + Live Streaming Bundle","price":null,"resolutions":["1080p"],"connection":"USB 2.0 Type-A","focus_type":"Auto","os":["Windows","OS X","Android"],"fov":null},{"name":"Wansview 105JD","price":null,"resolutions":["1080p"],"connection":"USB 2.0 Type-A","focus_type":"Manual","os":["Windows","OS X","Android"],"fov":90},{"name":"Wansview 106JD","price":null,"resolutions":["1080p"],"connection":"USB 2.0 Type-A","focus_type":"Auto","os":["Windows","OS X","Android"],"fov":60},{"name":"Wansview 102JD","price":null,"resolutions":["1080p"],"connection":"USB 2.0 Type-A","focus_type":null,"os":["Windows","OS X","Android"],"fov":90}]