[{"name":"Razer Kiyo Pro Ultra","price":299.99,"resolutions":["4k","2k","1080p","720p"],"connection":"USB 3.2 Gen 1 Type-A","focus_type":"Auto","os":["Windows"],"fov":82},{"name":"Logitech BRIO Ultra HD Pro","price":120.5,"resolutions":["4k","1080p","720p"],"connection":"USB 3.2 Gen 1 Type-A","focus_type":"Auto","os":["Windows","OS X","ChromeOS"],"fov":82},{"name":"Insta360 Insta360 Link","price":254.99,"resolutions":["4k","1080p","720p"],"connection":"USB 2.0 Type-C","focus_type":"Auto","os":["Windows","OS X"],"fov":79.5},{"name":"Logitech C920 HD Pro","price":64.18,"resolutions":["1080p","720p"],"connection":"USB 2.0 Type-A","focus_type":"Auto","os":["Windows","OS X","ChromeOS","Android"],"fov":78},{"name":"Anker PowerConf C200","price":59.99,"resolutions":["2k","1080p","720p"],"connection":"USB 3.2 Gen 1 Type-C","focus_type":"Auto","os":["Windows","OS X"],"fov":95},{"name":"Logitech C270","price":24.99,"resolutions":["720p"],"connection":"USB 2.0 Type-A","focus_type":"Fixed","os":["Windows","OS X","ChromeOS","Android"],"fov":60},{"name":"Logitech C920s HD Pro","price":59.95,"resolutions":["1080p","720p"],"connection":"USB 2.0 Type-A","focus_type":"Auto","os":["Windows","OS X","ChromeOS","Android"],"fov":78},{"name":"Green Extreme T200","price":9.99,"resolutions":["1080p","720p","480p"],"connection":"USB 2.0 Type-A","focus_type":"Auto","os":["Windows","OS X","Android"],"fov":65},{"name":"Logitech C922 Pro Stream HD","price":79.99,"resolutions":["1080p","720p"],"connection":"USB 2.0 Type-A","focus_type":"Auto","os":["Windows","OS X","ChromeOS","Android"],"fov":78},{"name":"Razer Kiyo","price":50.11,"resolutions":["1080p","720p","480p"],"connection":"USB 2.0 Type-A","focus_type":"Auto","os":["Windows"],"fov":81.6},{"name":"Elgato Facecam Premium","price":149.99,"resolutions":["1080p","720p"],"connection":"USB 3.2 Gen 1 Type-A","focus_type":"Manual","os":["Windows","OS X"],"fov":82},{"name":"Elgato Facecam Pro","price":null,"resolutions":["4k","1080p","720p"],"connection":"USB 3.2 Gen 1 Type-C","focus_type":"Auto","os":["Windows","OS X"],"fov":90},{"name":"Razer Kiyo Pro","price":99.99,"resolutions":["1080p","720p","480p"],"connection":"USB 3.2 Gen 1 Type-A","focus_type":"Auto","os":["Windows"],"fov":103},{"name":"aoni A31","price":21.95,"resolutions":["1080p","720p","480p"],"connection":"USB 2.0 Type-A","focus_type":"Auto","os":["Windows","OS X","Linux","ChromeOS","Android"],"fov":84},{"name":"Anker B600 Video Bar","price":199.99,"resolutions":["2k","1080p","720p"],"connection":"USB 3.2 Gen 1 Type-C","focus_type":"Auto","os":["Windows","OS X"],"fov":95},{"name":"Logitech C925e","price":71.48,"resolutions":["1080p","720p"],"connection":"USB 2.0 Type-A","focus_type":"Auto","os":["Windows","OS X","Linux"],"fov":78},{"name":"Avermedia PW513","price":100.99,"resolutions":["4k","1080p"],"connection":"USB 3.2 Gen 1 Type-C","focus_type":"Fixed","os":["Windows","OS X"],"fov":94},{"name":"Logitech StreamCam","price":139.99,"resolutions":["1080p","720p"],"connection":"USB 3.2 Gen 1 Type-C","focus_type":"Auto","os":["Windows","OS X"],"fov":78},{"name":"Logitech StreamCam","price":124.46,"resolutions":["1080p","720p"],"connection":"USB 3.2 Gen 1 Type-C","focus_type":"Auto","os":["Windows","OS X"],"fov":78},{"name":"Adesso Cybertrack H4","price":34.7,"resolutions":["1080p"],"connection":"USB 2.0 Type-A","focus_type":"Manual","os":["Windows","OS X"],"fov":78},{"name":"Razer Kiyo X","price":49.9,"resolutions":["1080p","720p"],"connection":"USB 2.0 Type-A","focus_type":"Auto","os":["Windows"],"fov":82},{"name":"Adesso Cybertrack H6","price":61.05,"resolutions":["4k"],"connection":"USB 2.0 Type-A","focus_type":"Fixed","os":["Windows","OS X"],"fov":80},{"name":"Asus Webcam C3","price":47.99,"resolutions":["1080p"],"connection":"USB 2.0 Type-A","focus_type":null,"os":["Windows","OS X","ChromeOS"],"fov":null},{"name":"Wansview 106JD","price":19.98,"resolutions":["1080p"],"connection":"USB 2.0 Type-A","focus_type":"Auto","os":["Windows","OS X","Android"],"fov":60},{"name":"Avermedia Live Streamer CAM 313","price":47.69,"resolutions":["1080p"],"connection":"USB 2.0 Type-A","focus_type":"Fixed","os":["Windows","OS X"],"fov":null},{"name":"Anker PowerConf C302","price":149.99,"resolutions":["2k","1080p","720p"],"connection":"USB 3.2 Gen 1 Type-C","focus_type":"Auto","os":["Windows","OS X"],"fov":115},{"name":"Logitech StreamCam Plus","price":139.99,"resolutions":["1080p","720p","480p"],"connection":"USB 3.2 Gen 1 Type-C","focus_type":"Auto","os":["Windows","OS X"],"fov":null},{"name":"Adesso CyberTrack H3","price":27.49,"resolutions":["720p"],"connection":"USB 2.0 Type-A","focus_type":"Manual","os":["Windows","OS X"],"fov":null},{"name":"Logitech C505","price":38.99,"resolutions":["720p"],"connection":"USB 2.0 Type-A","focus_type":"Fixed","os":["Windows","OS X","ChromeOS"],"fov":60},{"name":"Logitech C910","price":135.19,"resolutions":["1080p","720p"],"connection":"USB 2.0 Type-A","focus_type":"Auto","os":["Windows","OS X"],"fov":78},{"name":"Logitech C615 Portable","price":65.99,"resolutions":["1080p","720p"],"connection":"USB 2.0 Type-A","focus_type":"Auto","os":["Windows","OS X","ChromeOS","Android"],"fov":78},{"name":"Logitech B525","price":null,"resolutions":["1080p","720p"],"connection":"USB 2.0 Type-A","focus_type":"Auto","os":["Windows","OS X"],"fov":69},{"name":"Adesso Cybertrack H2","price":15.99,"resolutions":["480p"],"connection":"USB 2.0 Type-A","focus_type":"Fixed","os":["Windows","OS X"],"fov":62},{"name":"Logitech C930e","price":89.89,"resolutions":["1080p","720p"],"connection":"USB 2.0 Type-A","focus_type":"Auto","os":["Windows","OS X","ChromeOS"],"fov":90},{"name":"Wansview 101JD","price":23.99,"resolutions":["1080p"],"connection":"USB 2.0 Type-A","focus_type":null,"os":["Windows","OS X","Android"],"fov":90},{"name":"Asus ROG EYE","price":null,"resolutions":["1080p"],"connection":"USB 2.0 Type-A","focus_type":"Auto","os":["Windows","OS X"],"fov":null},{"name":"AUKEY PC-LM1","price":null,"resolutions":["1080p","720p","480p"],"connection":"USB 2.0 Type-A","focus_type":"Manual","os":["Windows","OS X","Android"],"fov":55},{"name":"Adesso Cybertrack H5","price":43.75,"resolutions":["1080p"],"connection":"USB 2.0 Type-A","focus_type":"Auto","os":["Windows","OS X"],"fov":80},{"name":"Creative Labs Live! Cam Sync 1080p","price":null,"resolutions":["1080p","720p"],"connection":"USB 2.0 Type-A","focus_type":"Auto","os":["Windows","OS X"],"fov":77},{"name":"Microsoft LifeCam HD-3000","price":25.43,"resolutions":["720p"],"connection":"USB 2.0 Type-A","focus_type":"Fixed","os":["Windows","OS X"],"fov":null},{"name":"Anker PowerConf C300","price":99.99,"resolutions":["1080p","720p"],"connection":"USB 3.2 Gen 1 Type-C","focus_type":"Auto","os":["Windows","OS X"],"fov":115},{"name":"Green Extreme T1000","price":59,"resolutions":["1080p"],"connection":"USB 2.0 Type-A","focus_type":"Auto","os":["Windows","OS X"],"fov":120},{"name":"Logitech C310","price":40.99,"resolutions":["720p"],"connection":"USB 2.0 Type-A","focus_type":"Fixed","os":["Windows","OS X","ChromeOS","Android"],"fov":60},{"name":"Microsoft LifeCam Studio","price":59.99,"resolutions":["1080p","720p"],"connection":"USB 2.0 Type-A","focus_type":"Auto","os":["Windows","OS X"],"fov":75},{"name":"Avermedia 4K UHD Webcam 510","price":null,"resolutions":["4k","1080p","720p","480p"],"connection":"USB 3.2 Gen 1 Type-C","focus_type":null,"os":["Windows"],"fov":85},{"name":"Logitech C525","price":69.98,"resolutions":["720p"],"connection":"USB 2.0 Type-A","focus_type":"Auto","os":["Windows","OS X","ChromeOS","Android"],"fov":69},{"name":"Avermedia PW310P","price":59.99,"resolutions":["1080p"],"connection":"USB 2.0 Type-A","focus_type":"Auto","os":["Windows","OS X","ChromeOS"],"fov":73},{"name":"Avermedia PW315","price":99.99,"resolutions":["1080p"],"connection":"USB 2.0 Type-A","focus_type":"Fixed","os":["Windows","OS X","ChromeOS"],"fov":95.8},{"name":"Logitech C505e","price":46.99,"resolutions":["720p"],"connection":"USB 2.0 Type-A","focus_type":"Fixed","os":["Windows","OS X","ChromeOS"],"fov":60},{"name":"Microsoft LifeCam HD-3000 L2","price":31.99,"resolutions":["720p"],"connection":"USB 2.0 Type-A","focus_type":"Fixed","os":["Windows","OS X"],"fov":null},{"name":"Microsoft LifeCam Studio for Business","price":69.4,"resolutions":["1080p","720p"],"connection":"USB 2.0 Type-A","focus_type":"Auto","os":["Windows","OS X"],"fov":75},{"name":"VDO360 2SEE","price":99.99,"resolutions":["1080p","720p"],"connection":"USB 2.0 Type-A","focus_type":null,"os":["Windows","OS X","Linux","Android"],"fov":75},{"name":"Creative Labs Live! Cam Sync HD","price":null,"resolutions":["720p"],"connection":"USB 2.0 Type-A","focus_type":"Fixed","os":["Windows","OS X"],"fov":null},{"name":"Microsoft LifeCam CinemaaFor Business","price":76.2,"resolutions":["720p"],"connection":"USB 2.0 Type-A","focus_type":"Auto","os":["Windows","OS X"],"fov":null},{"name":"Green Extreme T200 + Live Streaming Bundle","price":null,"resolutions":["1080p"],"connection":"USB 2.0 Type-A","focus_type":"Auto","os":["Windows","OS X","Android"],"fov":null},{"name":"Avermedia HD Webcam 310","price":null,"resolutions":["1080p","720p","480p"],"connection":"USB 2.0 Type-A","focus_type":"Auto","os":["Windows","OS X","Android"],"fov":null},{"name":"Microsoft Lifecam Cinema","price":60.66,"resolutions":["720p"],"connection":"USB 2.0 Type-A","focus_type":"Auto","os":["Windows"],"fov":73},{"name":"Adesso Cybertrack H4P","price":null,"resolutions":["1080p"],"connection":"USB 2.0 Type-A","focus_type":"Manual","os":["Windows","OS X"],"fov":78},{"name":"Green Extreme T300","price":null,"resolutions":["1080p","720p","480p"],"connection":"USB 2.0 Type-A","focus_type":"Auto","os":["Windows","OS X","Android"],"fov":94},{"name":"Wansview 105JD","price":null,"resolutions":["1080p"],"connection":"USB 2.0 Type-A","focus_type":"Manual","os":["Windows","OS X","Android"],"fov":90},{"name":"Creative Labs BlasterX Senz3D","price":null,"resolutions":["1080p","720p"],"connection":"USB 3.2 Gen 1 Type-A","focus_type":"Auto","os":["Windows"],"fov":77},{"name":"Wansview 102JD","price":null,"resolutions":["1080p"],"connection":"USB 2.0 Type-A","focus_type":null,"os":["Windows","OS X","Android"],"fov":90}]