[{"name":"Razer Kiyo Pro Ultra","price":299.99,"resolutions":["4k","2k","1080p","720p"],"connection":"USB 3.2 Gen 1 Type-A","focus_type":"Auto","os":["Windows"],"fov":82},{"name":"Logitech BRIO Ultra HD Pro","price":132.99,"resolutions":["4k","1080p","720p"],"connection":"USB 3.2 Gen 1 Type-A","focus_type":"Auto","os":["Windows","OS X","ChromeOS"],"fov":82},{"name":"Elgato Facecam Pro","price":299.99,"resolutions":["4k","1080p","720p"],"connection":"USB 3.2 Gen 1 Type-C","focus_type":"Auto","os":["Windows","OS X"],"fov":90},{"name":"Anker PowerConf C200","price":47.99,"resolutions":["2k","1080p","720p"],"connection":"USB 3.2 Gen 1 Type-C","focus_type":"Auto","os":["Windows","OS X"],"fov":95},{"name":"Logitech BRIO STREAM","price":264.58,"resolutions":["4k","1080p","720p"],"connection":"USB 3.2 Gen 1 Type-A","focus_type":"Auto","os":["Windows","OS X","ChromeOS"],"fov":90},{"name":"Logitech C920s HD Pro","price":58.98,"resolutions":["1080p","720p"],"connection":"USB 2.0 Type-A","focus_type":"Auto","os":["Windows","OS X","ChromeOS","Android"],"fov":78},{"name":"Logitech C270","price":23.99,"resolutions":["720p"],"connection":"USB 2.0 Type-A","focus_type":"Fixed","os":["Windows","OS X","ChromeOS","Android"],"fov":60},{"name":"OBSBOT Tiny 2","price":299,"resolutions":["4k","2k","1080p","720p","480p"],"connection":"USB 3.2 Gen 1 Type-A","focus_type":"Auto","os":["Windows","OS X"],"fov":85.5},{"name":"Logitech C920 HD Pro","price":79.9,"resolutions":["1080p","720p"],"connection":"USB 2.0 Type-A","focus_type":"Auto","os":["Windows","OS X","ChromeOS","Android"],"fov":78},{"name":"Razer Kiyo X","price":49.99,"resolutions":["1080p","720p"],"connection":"USB 2.0 Type-A","focus_type":"Auto","os":["Windows"],"fov":82},{"name":"Razer Kiyo","price":42.99,"resolutions":["1080p","720p","480p"],"connection":"USB 2.0 Type-A","focus_type":"Auto","os":["Windows"],"fov":81.6},{"name":"Insta360 Link 2","price":199.99,"resolutions":["4k","1080p","720p"],"connection":"USB 2.0 Type-C","focus_type":"Auto","os":["Windows","OS X"],"fov":79.5},{"name":"Elgato FACECAM MK.2","price":129.99,"resolutions":["1080p","720p"],"connection":"USB 3.2 Gen 1 Type-C","focus_type":"Fixed","os":["Windows","OS X"],"fov":84},{"name":"Adesso Cybertrack H2","price":13.97,"resolutions":["480p"],"connection":"USB 2.0 Type-A","focus_type":"Fixed","os":["Windows","OS X"],"fov":62},{"name":"Logitech MX BRIO","price":199.99,"resolutions":["4k","1080p"],"connection":"USB 3.2 Gen 1 Type-C","focus_type":"Auto","os":["Windows","ChromeOS"],"fov":90},{"name":"Logitech C922 Pro Stream HD","price":99.99,"resolutions":["1080p","720p"],"connection":"USB 2.0 Type-A","focus_type":"Auto","os":["Windows","OS X","ChromeOS","Android"],"fov":78},{"name":"Insta360 Insta360 Link","price":179,"resolutions":["4k","1080p","720p"],"connection":"USB 2.0 Type-C","focus_type":"Auto","os":["Windows","OS X"],"fov":79.5},{"name":"Adesso Cybertrack H4","price":28,"resolutions":["1080p"],"connection":"USB 2.0 Type-A","focus_type":"Manual","os":["Windows","OS X"],"fov":78},{"name":"Green Extreme T200","price":14.99,"resolutions":["1080p","720p","480p"],"connection":"USB 2.0 Type-A","focus_type":"Auto","os":["Windows","OS X","Android"],"fov":65},{"name":"Logitech MX BRIO","price":194.99,"resolutions":["4k","1080p"],"connection":"USB 3.2 Gen 1 Type-C","focus_type":"Auto","os":["Windows","ChromeOS"],"fov":90},{"name":"Anker AnkerWork C310","price":99.99,"resolutions":["4k","1080p"],"connection":"USB 3.2 Gen 1 Type-C","focus_type":"Auto","os":["Windows","OS X"],"fov":95},{"name":"Razer Kiyo Pro","price":164.99,"resolutions":["1080p","720p","480p"],"connection":"USB 3.2 Gen 1 Type-A","focus_type":"Auto","os":["Windows"],"fov":103},{"name":"Adesso Cybertrack H6","price":62.16,"resolutions":["4k"],"connection":"USB 2.0 Type-A","focus_type":"Fixed","os":["Windows","OS X"],"fov":80},{"name":"NexiGo N660P","price":51.99,"resolutions":["1080p","720p","480p"],"connection":"USB 2.0 Type-A","focus_type":"Auto","os":["Windows","OS X","ChromeOS"],"fov":null},{"name":"Logitech StreamCam","price":159,"resolutions":["1080p","720p"],"connection":"USB 3.2 Gen 1 Type-C","focus_type":"Auto","os":["Windows","OS X"],"fov":78},{"name":"OBSBOT MEET 2","price":129,"resolutions":["4k","1080p","720p","480p"],"connection":"USB 2.0 Type-C","focus_type":"Auto","os":["Windows","OS X"],"fov":79.4},{"name":"Logitech StreamCam","price":168.95,"resolutions":["1080p","720p"],"connection":"USB 3.2 Gen 1 Type-C","focus_type":"Auto","os":["Windows","OS X"],"fov":78},{"name":"Logitech C925e","price":74,"resolutions":["1080p","720p"],"connection":"USB 2.0 Type-A","focus_type":"Auto","os":["Windows","OS X","Linux"],"fov":78},{"name":"Asus Webcam C3","price":49.99,"resolutions":["1080p"],"connection":"USB 2.0 Type-A","focus_type":null,"os":["Windows","OS X","ChromeOS"],"fov":null},{"name":"aoni A31","price":31.9,"resolutions":["1080p","720p","480p"],"connection":"USB 2.0 Type-A","focus_type":"Auto","os":["Windows","OS X","Linux","ChromeOS","Android"],"fov":84},{"name":"Wansview 101JD","price":22.99,"resolutions":["1080p"],"connection":"USB 2.0 Type-A","focus_type":null,"os":["Windows","OS X","Android"],"fov":90},{"name":"Logitech MX BRIO","price":199.99,"resolutions":["4k","1080p"],"connection":"USB 3.2 Gen 1 Type-C","focus_type":"Auto","os":["Windows","ChromeOS"],"fov":90},{"name":"Logitech C930e","price":78.29,"resolutions":["1080p","720p"],"connection":"USB 2.0 Type-A","focus_type":"Auto","os":["Windows","OS X","ChromeOS"],"fov":90},{"name":"Avermedia PW310P","price":44.99,"resolutions":["1080p"],"connection":"USB 2.0 Type-A","focus_type":"Auto","os":["Windows","OS X","ChromeOS"],"fov":73},{"name":"Avermedia PW513","price":109.98,"resolutions":["4k","1080p"],"connection":"USB 3.2 Gen 1 Type-C","focus_type":"Fixed","os":["Windows","OS X"],"fov":94},{"name":"Adesso CyberTrack H3","price":14.99,"resolutions":["720p"],"connection":"USB 2.0 Type-A","focus_type":"Manual","os":["Windows","OS X"],"fov":null},{"name":"OBSBOT MEET 2","price":129,"resolutions":["4k","1080p","720p","480p"],"connection":"USB 2.0 Type-C","focus_type":"Auto","os":["Windows","OS X"],"fov":79.4},{"name":"OBSBOT Tiny 4K","price":null,"resolutions":["4k","1080p","720p"],"connection":"USB 3.2 Gen 1 Type-A","focus_type":"Auto","os":["Windows","OS X"],"fov":90},{"name":"Elgato Facecam Premium","price":129.99,"resolutions":["1080p","720p"],"connection":"USB 3.2 Gen 1 Type-A","focus_type":"Manual","os":["Windows","OS X"],"fov":82},{"name":"Asus ROG EYE","price":null,"resolutions":["1080p"],"connection":"USB 2.0 Type-A","focus_type":"Auto","os":["Windows","OS X"],"fov":null},{"name":"Logitech StreamCam Plus","price":159.99,"resolutions":["1080p","720p","480p"],"connection":"USB 3.2 Gen 1 Type-C","focus_type":"Auto","os":["Windows","OS X"],"fov":null},{"name":"NexiGo N660P","price":51.99,"resolutions":["1080p","720p","480p"],"connection":"USB 2.0 Type-A","focus_type":"Auto","os":["Windows","OS X","ChromeOS"],"fov":null},{"name":"NexiGo N660P","price":55.19,"resolutions":["1080p","720p","480p"],"connection":"USB 2.0 Type-A","focus_type":"Auto","os":["Windows","OS X","ChromeOS"],"fov":null},{"name":"Adesso Cybertrack H5","price":42.99,"resolutions":["1080p"],"connection":"USB 2.0 Type-A","focus_type":"Auto","os":["Windows","OS X"],"fov":80},{"name":"Anker B600 Video Bar","price":null,"resolutions":["2k","1080p","720p"],"connection":"USB 3.2 Gen 1 Type-C","focus_type":"Auto","os":["Windows","OS X"],"fov":95},{"name":"Creative Labs Live! Cam Sync 1080p","price":62,"resolutions":["1080p","720p"],"connection":"USB 2.0 Type-A","focus_type":"Auto","os":["Windows","OS X"],"fov":77},{"name":"Logitech C615 Portable","price":49.99,"resolutions":["1080p","720p"],"connection":"USB 2.0 Type-A","focus_type":"Auto","os":["Windows","OS X","ChromeOS","Android"],"fov":78},{"name":"Wansview 106JD","price":null,"resolutions":["1080p"],"connection":"USB 2.0 Type-A","focus_type":"Auto","os":["Windows","OS X","Android"],"fov":60},{"name":"Logitech C910","price":87.99,"resolutions":["1080p","720p"],"connection":"USB 2.0 Type-A","focus_type":"Auto","os":["Windows","OS X"],"fov":78},{"name":"Avermedia Live Streamer CAM 313","price":56.99,"resolutions":["1080p"],"connection":"USB 2.0 Type-A","focus_type":"Fixed","os":["Windows","OS X"],"fov":null},{"name":"Logitech C525","price":99.99,"resolutions":["720p"],"connection":"USB 2.0 Type-A","focus_type":"Auto","os":["Windows","OS X","ChromeOS","Android"],"fov":69},{"name":"Logitech C310","price":null,"resolutions":["720p"],"connection":"USB 2.0 Type-A","focus_type":"Fixed","os":["Windows","OS X","ChromeOS","Android"],"fov":60},{"name":"OBSBOT MEET 2","price":129,"resolutions":["4k","1080p","720p","480p"],"connection":"USB 2.0 Type-C","focus_type":"Auto","os":["Windows","OS X"],"fov":79.4},{"name":"Microsoft LifeCam HD-3000","price":48.99,"resolutions":["720p"],"connection":"USB 2.0 Type-A","focus_type":"Fixed","os":["Windows","OS X"],"fov":null},{"name":"Logitech C505","price":54.99,"resolutions":["720p"],"connection":"USB 2.0 Type-A","focus_type":"Fixed","os":["Windows","OS X","ChromeOS"],"fov":60},{"name":"Logitech B525","price":59.99,"resolutions":["1080p","720p"],"connection":"USB 2.0 Type-A","focus_type":"Auto","os":["Windows","OS X"],"fov":69},{"name":"Avermedia PW315","price":88.92,"resolutions":["1080p"],"connection":"USB 2.0 Type-A","focus_type":"Fixed","os":["Windows","OS X","ChromeOS"],"fov":95.8},{"name":"Anker PowerConf C302","price":null,"resolutions":["2k","1080p","720p"],"connection":"USB 3.2 Gen 1 Type-C","focus_type":"Auto","os":["Windows","OS X"],"fov":115},{"name":"AUKEY PC-LM1","price":null,"resolutions":["1080p","720p","480p"],"connection":"USB 2.0 Type-A","focus_type":"Manual","os":["Windows","OS X","Android"],"fov":55},{"name":"VDO360 2SEE","price":49.95,"resolutions":["1080p","720p"],"connection":"USB 2.0 Type-A","focus_type":null,"os":["Windows","OS X","Linux","Android"],"fov":75},{"name":"Green Extreme T1000","price":129,"resolutions":["1080p"],"connection":"USB 2.0 Type-A","focus_type":"Auto","os":["Windows","OS X"],"fov":120},{"name":"Logitech C505e","price":69.98,"resolutions":["720p"],"connection":"USB 2.0 Type-A","focus_type":"Fixed","os":["Windows","OS X","ChromeOS"],"fov":60},{"name":"Microsoft LifeCam Studio","price":64.98,"resolutions":["1080p","720p"],"connection":"USB 2.0 Type-A","focus_type":"Auto","os":["Windows","OS X"],"fov":75},{"name":"Avermedia HD Webcam 310","price":null,"resolutions":["1080p","720p","480p"],"connection":"USB 2.0 Type-A","focus_type":"Auto","os":["Windows","OS X","Android"],"fov":null},{"name":"Avermedia 4K UHD Webcam 510","price":null,"resolutions":["4k","1080p","720p","480p"],"connection":"USB 3.2 Gen 1 Type-C","focus_type":null,"os":["Windows"],"fov":85},{"name":"Microsoft LifeCam Studio for Business","price":89,"resolutions":["1080p","720p"],"connection":"USB 2.0 Type-A","focus_type":"Auto","os":["Windows","OS X"],"fov":75},{"name":"Microsoft Lifecam Cinema","price":85.99,"resolutions":["720p"],"connection":"USB 2.0 Type-A","focus_type":"Auto","os":["Windows"],"fov":73},{"name":"Microsoft LifeCam HD-3000 L2","price":null,"resolutions":["720p"],"connection":"USB 2.0 Type-A","focus_type":"Fixed","os":["Windows","OS X"],"fov":null},{"name":"Microsoft LifeCam CinemaaFor Business","price":88.99,"resolutions":["720p"],"connection":"USB 2.0 Type-A","focus_type":"Auto","os":["Windows","OS X"],"fov":null},{"name":"Creative Labs BlasterX Senz3D","price":null,"resolutions":["1080p","720p"],"connection":"USB 3.2 Gen 1 Type-A","focus_type":"Auto","os":["Windows"],"fov":77},{"name":"Creative Labs Live! Cam Sync HD","price":null,"resolutions":["720p"],"connection":"USB 2.0 Type-A","focus_type":"Fixed","os":["Windows","OS X"],"fov":null},{"name":"Wansview 105JD","price":null,"resolutions":["1080p"],"connection":"USB 2.0 Type-A","focus_type":"Manual","os":["Windows","OS X","Android"],"fov":90},{"name":"Anker PowerConf C300","price":null,"resolutions":["1080p","720p"],"connection":"USB 3.2 Gen 1 Type-C","focus_type":"Auto","os":["Windows","OS X"],"fov":115},{"name":"OBSBOT Tiny","price":null,"resolutions":["1080p","720p"],"connection":"USB 2.0 Type-A","focus_type":"Auto","os":["Windows","OS X"],"fov":86},{"name":"Green Extreme T200 + Live Streaming Bundle","price":null,"resolutions":["1080p"],"connection":"USB 2.0 Type-A","focus_type":"Auto","os":["Windows","OS X","Android"],"fov":null},{"name":"Wansview 102JD","price":null,"resolutions":["1080p"],"connection":"USB 2.0 Type-A","focus_type":null,"os":["Windows","OS X","Android"],"fov":90},{"name":"Adesso Cybertrack H4P","price":null,"resolutions":["1080p"],"connection":"USB 2.0 Type-A","focus_type":"Manual","os":["Windows","OS X"],"fov":78},{"name":"Green Extreme T300","price":null,"resolutions":["1080p","720p","480p"],"connection":"USB 2.0 Type-A","focus_type":"Auto","os":["Windows","OS X","Android"],"fov":94}]