[{"name":"TP-Link TG-3468","price":14.99,"interface":"PCIe x1","color":null},{"name":"Asus XG-C100C","price":94.99,"interface":"PCIe x4","color":null},{"name":"StarTech ST10GPEXNDPI","price":437.19,"interface":"PCIe x4","color":"Black / Silver"},{"name":"Intel E1G44ET2BLK","price":355.2,"interface":"PCIe x4","color":null},{"name":"Intel X540-T2","price":99.99,"interface":"PCIe x8","color":null},{"name":"TP-Link TX201","price":29.99,"interface":"PCIe x1","color":"Black / Gold"},{"name":"TP-Link TX401","price":89.99,"interface":"PCIe x4","color":"Red"},{"name":"Intel X550-T2","price":205,"interface":"PCIe x4","color":null},{"name":"Intel EXPI9301CTBLK","price":62,"interface":"PCIe x1","color":null},{"name":"StarTech ST1000SPEX42","price":387.97,"interface":"PCIe x4","color":null},{"name":"StarTech ST10GSPEXNDP","price":176.36,"interface":"PCIe x8","color":"Black / Silver"},{"name":"Intel X520-DA1","price":142.88,"interface":"PCIe x8","color":"Green"},{"name":"Intel E1G42ETBLK","price":51,"interface":"PCIe x4","color":null},{"name":"StarTech USB32000SPT","price":68.12,"interface":"USB Type-A 3.2 Gen 1","color":null},{"name":"Syba SY-ADA24029","price":9.99,"interface":"USB Type-A 2.0","color":null},{"name":"Gigabyte GC-AQC107","price":null,"interface":"PCIe x4","color":"Black / White"},{"name":"TRENDnet TRENDnet TEG-10GECTX 10 Gigabit PCIe Network Adapter","price":89.99,"interface":"PCIe x4","color":"Green / Silver"},{"name":"Syba SD-PEX24066","price":35.99,"interface":"PCIe x1","color":"Green / Black"},{"name":"StarTech ST2000PEXPSE","price":148.57,"interface":"PCIe x1","color":null},{"name":"SIIG LB-GE0211-S1","price":223.2,"interface":"PCIe x4","color":"Green / Black"},{"name":"Supermicro AOC-STG-i2T","price":369,"interface":"PCIe x8","color":null},{"name":"Intel E1G44HTBLK","price":80,"interface":"PCIe x4","color":null},{"name":"Monoprice 112909","price":14.11,"interface":"USB Type-C 3.2 Gen 2","color":"White"},{"name":"TRENDnet TEG-25GECTX","price":24.99,"interface":"PCIe x1","color":"Blue"},{"name":"StarTech ST10GSPEXNB2","price":173.48,"interface":"PCIe x2","color":"Silver / Black"},{"name":"QNAP QXG2G2TI225","price":79,"interface":"PCIe x2","color":"Green / Copper"},{"name":"SIIG LB-GE0311-S1","price":218.5,"interface":"PCIe x8","color":"Black / Green"},{"name":"Intel X710-T2L","price":259,"interface":"PCIe x8","color":"Green / Black"},{"name":"TP-Link UE300","price":12.99,"interface":"USB Type-A 3.2 Gen 1","color":null},{"name":"Intel EXPI9301CT","price":65,"interface":"PCIe x1","color":null},{"name":"Intel I226T1","price":83.15,"interface":"PCIe x1","color":"Green"},{"name":"StarTech ST10GSPEXNDP2","price":287.58,"interface":"PCIe x4","color":"Black / Silver"},{"name":"StarTech ST1000SPEX4","price":345.99,"interface":"PCIe x4","color":null},{"name":"Asus USB-C2500","price":29.99,"interface":"USB Type-A 3.2 Gen 1","color":"Gray"},{"name":"TP-Link UE306","price":12.98,"interface":"USB Type-A 3.2 Gen 1","color":"Black"},{"name":"Syba SD-PEX24055","price":82.28,"interface":"PCIe x4","color":"Green / Black"},{"name":"Syba SI-PEX24042","price":46.78,"interface":"PCIe x1","color":"Green / Black"},{"name":"Intel EXPI9404PTLBLK-1PK","price":null,"interface":"PCIe x4","color":null},{"name":"Intel E1G44HT","price":124.5,"interface":"PCIe x4","color":null},{"name":"Intel EXPI9404PTLBLK","price":null,"interface":"PCIe x4","color":null},{"name":"Intel EXPI9402PTG2P20","price":65,"interface":"PCIe x4","color":"Green / Black"},{"name":"Belkin F5D5000","price":8.83,"interface":"PCI","color":null},{"name":"EDUP EP-9602GS","price":null,"interface":"PCIe x1","color":"Black"},{"name":"QNAP QXG5G1T111C","price":99,"interface":"PCIe x1","color":"Blue / Silver"},{"name":"Syba SD-PEX24009","price":16.39,"interface":"PCIe x1","color":null},{"name":"QLogic QLE3242-CU-CK","price":null,"interface":"PCIe x8","color":null},{"name":"StarTech ST10GSPEXNB","price":125.55,"interface":"PCIe x4","color":"Black"},{"name":"Linksys USB3GIG","price":49.61,"interface":"USB Type-A 3.2 Gen 1","color":"Black"},{"name":"Intel X520-T2","price":null,"interface":"PCIe x8","color":"Green / Black"},{"name":"StarTech ST1000SPEX2L","price":24.99,"interface":"PCIe x1","color":null},{"name":"StarTech ST1000SPEX2","price":22.22,"interface":"PCIe x1","color":null},{"name":"QNAP QXG-10G1T","price":139,"interface":"PCIe x4","color":null},{"name":"TRENDnet TUC-ET2G","price":24.99,"interface":"USB Type-C 3.2 Gen 1","color":"Black"},{"name":"Rosewill RC-NIC416Dual","price":null,"interface":"PCIe x4","color":"Black / Silver"},{"name":"Asus PCE-C2500","price":null,"interface":"PCIe x1","color":"Red"},{"name":"StarTech ST2GPEX","price":33.99,"interface":"PCIe x1","color":"Black"},{"name":"Gigabyte GC-AQC113C 10G","price":null,"interface":"PCIe x4","color":"White / Silver"},{"name":"QNAP QXG-2G1T-I225","price":43.1,"interface":"PCIe x1","color":"Green / Silver"},{"name":"Syba SY-PEX24045","price":89.99,"interface":"PCIe x4","color":"Green / Black"},{"name":"Asus ROG AREION","price":null,"interface":"PCIe x4","color":"Black"},{"name":"TP-Link UE300C","price":16.98,"interface":"USB Type-C","color":"Black"},{"name":"Syba SY-HUB24047","price":47.99,"interface":"USB Type-A 3.2 Gen 1","color":"Black"},{"name":"Intel E10G42BT","price":null,"interface":"PCIe x8","color":null},{"name":"HP E0X95AA","price":null,"interface":"PCIe x1","color":"Green"},{"name":"StarTech PEX100S","price":19.98,"interface":"PCIe x1","color":null},{"name":"StarTech ST1000BT32","price":16.05,"interface":"PCI","color":null},{"name":"Syba SD-PEX24065","price":20.99,"interface":"PCIe x1","color":"Green"},{"name":"Syba SY-PEX24028","price":46.43,"interface":"PCIe x1","color":null},{"name":"Intel EXPI9404PTL","price":null,"interface":"PCIe x4","color":null},{"name":"Intel E1G44ET2","price":null,"interface":"PCIe x4","color":null},{"name":"D-Link DXE-820T","price":null,"interface":"PCIe x8","color":null},{"name":"Lenovo 7ZT7A00482","price":84,"interface":"PCIe x1","color":"Green / Black"},{"name":"Intel E1G42ET","price":null,"interface":"PCIe x4","color":null},{"name":"StarTech USB31000SW","price":24.14,"interface":"USB Type-A 3.2 Gen 1","color":null},{"name":"TP-Link TG-3269","price":11.79,"interface":"PCI","color":null},{"name":"Belkin B2B145-BLK","price":27.99,"interface":"USB Type-C 3.2 Gen 1","color":"Black"},{"name":"Edimax EU-4208","price":10.99,"interface":"USB Type-A 2.0","color":null},{"name":"Tripp Lite U436-06N-2P5","price":39.21,"interface":"USB Type-C 3.2 Gen 1","color":"Black"},{"name":"Syba SY-PEX24030","price":22.65,"interface":"PCIe x1","color":null},{"name":"Edimax EU-4306","price":null,"interface":"USB Type-A 3.2 Gen 1","color":null},{"name":"D-Link DUB-1312","price":54.46,"interface":"USB Type-A 3.2 Gen 1","color":"Black"},{"name":"Plugable USBC-E1000","price":18.95,"interface":"USB Type-C 3.2 Gen 1","color":null},{"name":"StarTech USB31000SPTB","price":35.97,"interface":"USB Type-A 3.2 Gen 1","color":null},{"name":"StarTech ST1000SPEXD3","price":99.99,"interface":"PCIe x1","color":null},{"name":"Syba SY-ADA24027","price":null,"interface":"USB Type-A 2.0","color":null},{"name":"VisionTek Bigfoot Killer 2100","price":null,"interface":"PCIe x1","color":null},{"name":"StarTech ST10000SPEX","price":null,"interface":"PCIe x4","color":null},{"name":"Plugable USB3-E1000","price":16.95,"interface":"USB Type-A 3.2 Gen 1","color":null},{"name":"StarTech USB31000S2","price":29.23,"interface":"USB Type-A 3.2 Gen 1","color":"Black / Silver"},{"name":"SIIG LB-GE0611-S1","price":51.52,"interface":"PCIe x1","color":"Green / Black"},{"name":"Edimax EN-9320TX-E","price":null,"interface":"PCIe x4","color":"Silver / Green"},{"name":"StarTech USB31000S","price":23,"interface":"USB Type-A 3.2 Gen 1","color":null},{"name":"StarTech USB31000NDS","price":31.99,"interface":"USB Type-A 3.2 Gen 1","color":null},{"name":"SIIG LB-GE0014-S1","price":110.59,"interface":"PCIe x4","color":"Green / Black"},{"name":"Intel EXPI9402PT","price":null,"interface":"PCIe x4","color":null},{"name":"Intel PWLA8391GTBLK","price":37,"interface":"PCI","color":null},{"name":"StarTech ST1000SPEX","price":null,"interface":"PCIe x1","color":null},{"name":"Rosewill RC-402","price":null,"interface":"PCI","color":null},{"name":"D-Link DFE530TX+","price":9,"interface":"PCI","color":null},{"name":"D-Link DUB-E100","price":null,"interface":"USB Type-A 2.0","color":null},{"name":"Rosewill RNG-407-Dual","price":null,"interface":"PCIe x1","color":null},{"name":"StarTech USB31000SPTW","price":33.21,"interface":"USB Type-A 3.2 Gen 1","color":null},{"name":"Belkin F2CU040btBLK","price":22.37,"interface":"USB Type-C 3.2 Gen 1","color":null},{"name":"Syba SY-PEX24056","price":null,"interface":"PCIe x4","color":"Green / Black"},{"name":"Intel PWLA8492MT","price":92,"interface":"PCI-X","color":null},{"name":"Lenovo 4X90E51405","price":24.59,"interface":"USB Type-A 3.2 Gen 1","color":null},{"name":"Netgear GA311","price":50,"interface":"PCI","color":null},{"name":"StarTech ST3300U3S","price":45.77,"interface":"USB Type-A 3.2 Gen 1","color":null},{"name":"Intel PWLA8391GT","price":35,"interface":"PCI","color":null},{"name":"Supermicro SGP-i4","price":null,"interface":"PCIe x4","color":"Green / Silver"},{"name":"Rosewill RC-404","price":null,"interface":"PCI","color":null},{"name":"StarTech ST100S","price":null,"interface":"PCI","color":null},{"name":"StarTech USB21000S2","price":29.99,"interface":"USB Type-A 2.0","color":null},{"name":"Intel PWLA8391GTBLK-1PK","price":null,"interface":"PCI","color":null},{"name":"Rosewill RC-400-LX","price":21.99,"interface":"PCI","color":null},{"name":"StarTech ST1000SPEXD2","price":null,"interface":"PCIe x1","color":null},{"name":"SIIG CN-GP1021-S3","price":30.59,"interface":"PCIe x1","color":null},{"name":"D-Link DGE-530T","price":25.04,"interface":"PCI","color":null},{"name":"Rosewill RC-411","price":null,"interface":"PCIe x1","color":null},{"name":"SIIG JU-NE0711-S1","price":null,"interface":"USB Type-A 3.2 Gen 1","color":"Black"},{"name":"V7 V7UCRJ45-BLK-1N","price":28.99,"interface":"USB Type-C 3.2 Gen 1","color":"Black"},{"name":"D-Link DGE-560T","price":null,"interface":"PCIe x1","color":null},{"name":"Rosewill RC-20001","price":null,"interface":"PCIe x1","color":"Black"},{"name":"Intel PWLA8391GTLBLK","price":60.6,"interface":"PCI","color":null},{"name":"TP-Link TF-3239DL","price":19.98,"interface":"PCI","color":null},{"name":"Rosewill RC-400","price":null,"interface":"PCI","color":null},{"name":"Rosewill RNF-405U","price":null,"interface":"USB Type-A 2.0","color":null},{"name":"Rosewill RNG-406U","price":null,"interface":"USB Type-A 3.2 Gen 1","color":null},{"name":"Supermicro AOC-SG-i2","price":null,"interface":"PCIe x4","color":null},{"name":"Syba SY-ADA24024","price":null,"interface":"USB Type-A 2.0","color":null},{"name":"TRENDnet TE100-PCIWN","price":null,"interface":"PCI","color":null},{"name":"Intel EXPI9402PTBLK-1PK","price":null,"interface":"PCIe x4","color":null},{"name":"Intel PWLA8490MTBLK","price":null,"interface":"PCI-X","color":null},{"name":"Intel PWLA8492MTBLK5","price":null,"interface":"PCI-X","color":null},{"name":"SIIG CN-GP1011-S3","price":null,"interface":"PCI","color":null},{"name":"Syba SY-ADA24005","price":null,"interface":"USB Type-A 2.0","color":null},{"name":"TRENDnet TEG-PCITXR","price":33.64,"interface":"PCI","color":null},{"name":"SIIG CN-GP2011-S1","price":null,"interface":"PCIe x1","color":null},{"name":"Asus NX1101","price":null,"interface":"PCI","color":null},{"name":"Belkin F4U047-RS","price":null,"interface":"USB Type-A 2.0","color":null},{"name":"Rosewill RC-401-EX","price":null,"interface":"PCIe x1","color":null},{"name":"Acer NP.OTH11.005","price":null,"interface":"USB Type-A 2.0","color":null},{"name":"SIIG CN-GP4011-S1","price":null,"interface":"PCIe x4","color":null},{"name":"Syba SD-ADA24032","price":null,"interface":"USB Type-A 3.2 Gen 1","color":null},{"name":"Cisco N2XX-ABPCI03-M3=","price":null,"interface":"PCIe x4","color":null},{"name":"SIIG JU-NE0511-S1","price":null,"interface":"USB Type-A 3.2 Gen 1","color":null},{"name":"Edimax EN-9130TXL","price":null,"interface":"PCI","color":null},{"name":"Syba SI-ADA24037","price":null,"interface":"USB Type-A 3.2 Gen 1","color":null},{"name":"SIIG CN-GP1111-S1","price":null,"interface":"PCIe x4","color":null},{"name":"SIIG CN-GP4111-S1","price":null,"interface":"PCIe x4","color":null},{"name":"Syba SY-ADA24040","price":null,"interface":"USB Type-A 3.2 Gen 1","color":null},{"name":"Rosewill RNG-408U","price":null,"interface":"USB Type-C 3.2 Gen 1","color":"Black"},{"name":"Tripp Lite U436-000-GB","price":27.3,"interface":"USB Type-C 3.2 Gen 1","color":"Black"},{"name":"SIIG JU-NE0621-S2","price":null,"interface":"USB Type-A 3.2 Gen 1","color":"White"},{"name":"TP-Link UE305","price":null,"interface":"USB Type-A 3.2 Gen 1","color":"Black"}]