[{"name":"TP-Link TG-3468","price":14.99,"interface":"PCIe x1","color":null},{"name":"Asus XG-C100C","price":86.18,"interface":"PCIe x4","color":null},{"name":"Intel E1G44ET2BLK","price":392.21,"interface":"PCIe x4","color":null},{"name":"TP-Link TX201","price":26.99,"interface":"PCIe x1","color":"Black / Gold"},{"name":"Intel X550-T2","price":263,"interface":"PCIe x4","color":null},{"name":"Intel EXPI9301CTBLK","price":62.99,"interface":"PCIe x1","color":null},{"name":"StarTech ST1000SPEX42","price":337.41,"interface":"PCIe x4","color":null},{"name":"TP-Link TX401","price":99.99,"interface":"PCIe x4","color":"Red"},{"name":"Intel X520-DA1","price":129.55,"interface":"PCIe x8","color":"Green"},{"name":"Intel X540-BT2","price":null,"interface":"PCIe x8","color":null},{"name":"Intel E1G42ETBLK","price":53,"interface":"PCIe x4","color":null},{"name":"Gigabyte GC-AQC107","price":null,"interface":"PCIe x4","color":"Black / White"},{"name":"TRENDnet TRENDnet TEG-10GECTX 10 Gigabit PCIe Network Adapter","price":89.99,"interface":"PCIe x4","color":"Green / Silver"},{"name":"Syba SY-ADA24029","price":9.99,"interface":"USB Type-A 2.0","color":null},{"name":"Intel EXPI9301CT","price":41.49,"interface":"PCIe x1","color":null},{"name":"Intel X710-T2L","price":305.99,"interface":"PCIe x8","color":"Green / Black"},{"name":"Intel E10G42BT","price":null,"interface":"PCIe x8","color":null},{"name":"Intel E1G44HTBLK","price":91,"interface":"PCIe x4","color":null},{"name":"TRENDnet TEG-25GECTX","price":26.99,"interface":"PCIe x1","color":"Blue"},{"name":"Intel EXPI9402PTG2P20","price":65.05,"interface":"PCIe x4","color":"Green / Black"},{"name":"TP-Link UE300","price":12.99,"interface":"USB Type-A 3.2 Gen 1","color":null},{"name":"QNAP QXG-10G1T","price":195.17,"interface":"PCIe x4","color":null},{"name":"Syba SI-PEX24042","price":55.99,"interface":"PCIe x1","color":"Green / Black"},{"name":"QNAP QXG5G1T111C","price":69,"interface":"PCIe x1","color":"Blue / Silver"},{"name":"Intel EXPI9404PTLBLK","price":null,"interface":"PCIe x4","color":null},{"name":"Intel X520-T2","price":null,"interface":"PCIe x8","color":"Green / Black"},{"name":"StarTech ST2000PEXPSE","price":161.27,"interface":"PCIe x1","color":null},{"name":"Syba SY-PEX24028","price":36.89,"interface":"PCIe x1","color":null},{"name":"Intel EXPI9404PTLBLK-1PK","price":null,"interface":"PCIe x4","color":null},{"name":"QNAP QXG-2G1T-I225","price":59,"interface":"PCIe x1","color":"Green / Silver"},{"name":"Intel EXPI9402PTBLK-1PK","price":null,"interface":"PCIe x4","color":null},{"name":"TRENDnet TUC-ET2G","price":26.99,"interface":"USB Type-C 3.2 Gen 1","color":"Black"},{"name":"QLogic QLE3242-CU-CK","price":null,"interface":"PCIe x8","color":null},{"name":"Supermicro AOC-STG-i2T","price":369,"interface":"PCIe x8","color":null},{"name":"Intel E1G44HT","price":95,"interface":"PCIe x4","color":null},{"name":"Linksys USB3GIG","price":99,"interface":"USB Type-A 3.2 Gen 1","color":"Black"},{"name":"EDUP EP-9602GS","price":null,"interface":"PCIe x1","color":"Black"},{"name":"StarTech ST1000SPEX2","price":17.95,"interface":"PCIe x1","color":null},{"name":"StarTech USB32000SPT","price":58.42,"interface":"USB Type-A 3.2 Gen 1","color":null},{"name":"Syba SY-HUB24047","price":39.99,"interface":"USB Type-A 3.2 Gen 1","color":"Black"},{"name":"StarTech ST10000SPEX","price":null,"interface":"PCIe x4","color":null},{"name":"Edimax EU-4208","price":10.99,"interface":"USB Type-A 2.0","color":null},{"name":"StarTech ST1000SPEX4","price":322.34,"interface":"PCIe x4","color":null},{"name":"Belkin F5D5000","price":9.28,"interface":"PCI","color":null},{"name":"Rosewill RC-NIC416Dual","price":null,"interface":"PCIe x4","color":"Black / Silver"},{"name":"Intel E1G44ET2","price":null,"interface":"PCIe x4","color":null},{"name":"D-Link DXE-820T","price":null,"interface":"PCIe x8","color":null},{"name":"Syba SD-PEX24055","price":89.99,"interface":"PCIe x4","color":"Green / Black"},{"name":"Syba SY-PEX24045","price":99.99,"interface":"PCIe x4","color":"Green / Black"},{"name":"Intel EXPI9404PTL","price":null,"interface":"PCIe x4","color":null},{"name":"Gigabyte GC-AQC113C 10G","price":null,"interface":"PCIe x4","color":"White / Silver"},{"name":"StarTech ST1000BT32","price":13.56,"interface":"PCI","color":null},{"name":"Rosewill RNG-408U","price":12.79,"interface":"USB Type-C 3.2 Gen 1","color":"Black"},{"name":"StarTech USB31000NDS","price":30.99,"interface":"USB Type-A 3.2 Gen 1","color":null},{"name":"StarTech PEX100S","price":19.18,"interface":"PCIe x1","color":null},{"name":"StarTech ST1000SPEX2L","price":22.15,"interface":"PCIe x1","color":null},{"name":"TP-Link TG-3269","price":null,"interface":"PCI","color":null},{"name":"D-Link DUB-1312","price":34.22,"interface":"USB Type-A 3.2 Gen 1","color":"Black"},{"name":"Lenovo 7ZT7A00482","price":90.3,"interface":"PCIe x1","color":"Green / Black"},{"name":"Edimax EN-9320TX-E","price":null,"interface":"PCIe x4","color":"Silver / Green"},{"name":"Syba SD-PEX24009","price":16.39,"interface":"PCIe x1","color":null},{"name":"StarTech USB21000S2","price":52.99,"interface":"USB Type-A 2.0","color":null},{"name":"Belkin B2B145-BLK","price":29.99,"interface":"USB Type-C 3.2 Gen 1","color":"Black"},{"name":"Tripp Lite U436-000-GB","price":28.78,"interface":"USB Type-C 3.2 Gen 1","color":"Black"},{"name":"Intel E1G42ET","price":null,"interface":"PCIe x4","color":null},{"name":"D-Link DFE530TX+","price":9.93,"interface":"PCI","color":null},{"name":"Intel EXPI9402PT","price":null,"interface":"PCIe x4","color":null},{"name":"Intel PWLA8391GT","price":22,"interface":"PCI","color":null},{"name":"D-Link DUB-E100","price":39.2,"interface":"USB Type-A 2.0","color":null},{"name":"VisionTek Bigfoot Killer 2100","price":null,"interface":"PCIe x1","color":null},{"name":"Rosewill RNG-407-Dual","price":null,"interface":"PCIe x1","color":null},{"name":"Syba SY-PEX24056","price":null,"interface":"PCIe x4","color":"Green / Black"},{"name":"Supermicro SGP-i4","price":217.99,"interface":"PCIe x4","color":"Green / Silver"},{"name":"StarTech USB31000SPTB","price":26.14,"interface":"USB Type-A 3.2 Gen 1","color":null},{"name":"SIIG CN-GP1021-S3","price":33.63,"interface":"PCIe x1","color":null},{"name":"Plugable USB3-E1000","price":16.95,"interface":"USB Type-A 3.2 Gen 1","color":null},{"name":"Cisco N2XX-ABPCI03-M3=","price":null,"interface":"PCIe x4","color":null},{"name":"Edimax EN-9130TXL","price":null,"interface":"PCI","color":null},{"name":"Plugable USBC-E1000","price":18.95,"interface":"USB Type-C 3.2 Gen 1","color":null},{"name":"V7 V7UCRJ45-BLK-1N","price":23.99,"interface":"USB Type-C 3.2 Gen 1","color":"Black"},{"name":"SIIG JU-NE0621-S2","price":null,"interface":"USB Type-A 3.2 Gen 1","color":"White"},{"name":"SIIG CN-GP2011-S1","price":null,"interface":"PCIe x1","color":null},{"name":"SIIG JU-NE0711-S1","price":30.22,"interface":"USB Type-A 3.2 Gen 1","color":"Black"},{"name":"Intel PWLA8391GTBLK","price":32.25,"interface":"PCI","color":null},{"name":"StarTech ST1000SPEXD2","price":null,"interface":"PCIe x1","color":null},{"name":"StarTech USB31000S","price":15.99,"interface":"USB Type-A 3.2 Gen 1","color":null},{"name":"Supermicro AOC-SG-i2","price":null,"interface":"PCIe x4","color":null},{"name":"Syba SY-ADA24024","price":null,"interface":"USB Type-A 2.0","color":null},{"name":"Syba SY-PEX24030","price":22.65,"interface":"PCIe x1","color":null},{"name":"Intel PWLA8492MTBLK5","price":null,"interface":"PCI-X","color":null},{"name":"Acer NP.OTH11.005","price":null,"interface":"USB Type-A 2.0","color":null},{"name":"StarTech ST3300U3S","price":44.58,"interface":"USB Type-A 3.2 Gen 1","color":null},{"name":"StarTech USB31000SW","price":24.14,"interface":"USB Type-A 3.2 Gen 1","color":null},{"name":"Syba SD-ADA24032","price":null,"interface":"USB Type-A 3.2 Gen 1","color":null},{"name":"StarTech USB31000SPTW","price":30.13,"interface":"USB Type-A 3.2 Gen 1","color":null},{"name":"TP-Link TF-3239DL","price":24.99,"interface":"PCI","color":null},{"name":"Rosewill RC-404","price":14.5,"interface":"PCI","color":null},{"name":"Intel PWLA8391GTLBLK","price":60.6,"interface":"PCI","color":null},{"name":"Edimax EU-4306","price":null,"interface":"USB Type-A 3.2 Gen 1","color":null},{"name":"Lenovo 4X90E51405","price":23.83,"interface":"USB Type-A 3.2 Gen 1","color":null},{"name":"Rosewill RC-400","price":null,"interface":"PCI","color":null},{"name":"Rosewill RNF-405U","price":null,"interface":"USB Type-A 2.0","color":null},{"name":"Rosewill RNG-406U","price":null,"interface":"USB Type-A 3.2 Gen 1","color":null},{"name":"StarTech ST100S","price":null,"interface":"PCI","color":null},{"name":"TRENDnet TE100-PCIWN","price":null,"interface":"PCI","color":null},{"name":"Intel PWLA8391GTBLK-1PK","price":null,"interface":"PCI","color":null},{"name":"Intel PWLA8490MTBLK","price":null,"interface":"PCI-X","color":null},{"name":"Intel PWLA8492MT","price":98.99,"interface":"PCI-X","color":null},{"name":"Rosewill RC-400-LX","price":null,"interface":"PCI","color":null},{"name":"SIIG CN-GP1011-S3","price":null,"interface":"PCI","color":null},{"name":"Syba SY-ADA24005","price":null,"interface":"USB Type-A 2.0","color":null},{"name":"Syba SY-ADA24027","price":null,"interface":"USB Type-A 2.0","color":null},{"name":"TRENDnet TEG-PCITXR","price":30,"interface":"PCI","color":null},{"name":"StarTech ST1000SPEX","price":null,"interface":"PCIe x1","color":null},{"name":"Asus NX1101","price":null,"interface":"PCI","color":null},{"name":"Belkin F4U047-RS","price":null,"interface":"USB Type-A 2.0","color":null},{"name":"Rosewill RC-401-EX","price":null,"interface":"PCIe x1","color":null},{"name":"Rosewill RC-402","price":null,"interface":"PCI","color":null},{"name":"D-Link DGE-530T","price":null,"interface":"PCI","color":null},{"name":"Netgear GA311","price":49.99,"interface":"PCI","color":null},{"name":"Rosewill RC-411","price":null,"interface":"PCIe x1","color":null},{"name":"SIIG CN-GP4011-S1","price":null,"interface":"PCIe x4","color":null},{"name":"StarTech ST1000SPEXD3","price":null,"interface":"PCIe x1","color":null},{"name":"SIIG JU-NE0511-S1","price":null,"interface":"USB Type-A 3.2 Gen 1","color":null},{"name":"Syba SI-ADA24037","price":null,"interface":"USB Type-A 3.2 Gen 1","color":null},{"name":"SIIG CN-GP1111-S1","price":null,"interface":"PCIe x4","color":null},{"name":"SIIG CN-GP4111-S1","price":null,"interface":"PCIe x4","color":null},{"name":"Syba SY-ADA24040","price":null,"interface":"USB Type-A 3.2 Gen 1","color":null},{"name":"Belkin F2CU040btBLK","price":25.36,"interface":"USB Type-C 3.2 Gen 1","color":null}]