[{"name":"Gigabyte GC-WBAX210","price":36.99,"protocol":"Wi-Fi 6E","interface":"PCIe x1","color":"Black / Silver"},{"name":"TP-Link Archer TBE550E","price":79.98,"protocol":"Wi-Fi 7","interface":"PCIe x1","color":"Black"},{"name":"TP-Link Archer TX3000E","price":31.99,"protocol":"Wi-Fi 6","interface":"PCIe x1","color":"Red / Black"},{"name":"TP-Link ARCHER T2U PLUS","price":14.85,"protocol":"Wi-Fi 5","interface":"USB Type-A 2.0","color":"Black"},{"name":"TP-Link ArcherTX20E","price":26.99,"protocol":"Wi-Fi 6","interface":"PCIe x1","color":"Black"},{"name":"Asus PCE-AX3000","price":49.99,"protocol":"Wi-Fi 6","interface":"PCIe x1","color":"Black"},{"name":"TP-Link TL-WN881ND","price":14.99,"protocol":"Wi-Fi 4","interface":"PCIe x1","color":null},{"name":"Intel AX210","price":16.48,"protocol":"Wi-Fi 6E","interface":"M.2 PCIe","color":"Green"},{"name":"Belkin AE6000","price":170.67,"protocol":"Wi-Fi 5","interface":"USB Type-A 2.0","color":null},{"name":"TP-Link Archer TX55E","price":29,"protocol":"Wi-Fi 6","interface":"PCIe x1","color":null},{"name":"MSI HERALD-BE WIFI 7 MAX","price":49.99,"protocol":"Wi-Fi 7","interface":"PCIe x1","color":"Black"},{"name":"TP-Link Archer T3U Plus","price":19.98,"protocol":"Wi-Fi 5","interface":"USB Type-A 3.2 Gen 1","color":null},{"name":"TP-Link Archer TX50E","price":null,"protocol":"Wi-Fi 6","interface":"PCIe x1","color":"Black"},{"name":"Asus PCE-AX1800","price":29.99,"protocol":"Wi-Fi 6","interface":"PCIe x1","color":"Black"},{"name":"Asus PCE-BE92BT","price":64.98,"protocol":"Wi-Fi 7","interface":"PCIe x1","color":"Black"},{"name":"Ziyituod ZYT-AX210S","price":25.5,"protocol":"Wi-Fi 6E","interface":"PCIe x1","color":"Red"},{"name":"TP-Link TL-WN725N","price":9.99,"protocol":"Wi-Fi 4","interface":"USB Type-A 2.0","color":null},{"name":"TP-Link Archer T4E","price":19.98,"protocol":"Wi-Fi 5","interface":"PCIe x1","color":null},{"name":"Asus PCE-AXE5400","price":50.48,"protocol":"Wi-Fi 6E","interface":"PCIe x1","color":"Black"},{"name":"EDUP EP-9651","price":26.95,"protocol":"Wi-Fi 6E","interface":"PCIe x1","color":"Blue / Black"},{"name":"TP-Link Archer TX20U plus","price":29.99,"protocol":"Wi-Fi 6","interface":"USB Type-A 3.2 Gen 1","color":null},{"name":"TP-Link Archer TXE72E","price":39.99,"protocol":"Wi-Fi 6E","interface":"PCIe x1","color":null},{"name":"TP-Link ARCHER T2E","price":14.99,"protocol":"Wi-Fi 5","interface":"PCIe x1","color":null},{"name":"Intel AX200","price":49.95,"protocol":"Wi-Fi 6","interface":"M.2","color":null},{"name":"Netgear WNA3100M-100ENS","price":129.99,"protocol":"Wi-Fi 4","interface":"USB Type-A 2.0","color":null},{"name":"TP-Link Archer TXE75E","price":44.99,"protocol":"Wi-Fi 6E","interface":"PCIe x1","color":null},{"name":"TP-Link TL-WDN4800","price":99.79,"protocol":"Wi-Fi 4","interface":"PCIe x1","color":null},{"name":"Intel Killer AX1675","price":44.75,"protocol":"Wi-Fi 6E","interface":"PCIe x1","color":null},{"name":"Asus PCE-AX58BT","price":55.99,"protocol":"Wi-Fi 6","interface":"PCIe x1","color":"Black"},{"name":"Netgear Nighthawk AXE3000","price":69,"protocol":"Wi-Fi 6E","interface":"USB Type-A 3.2 Gen 1","color":"Black"},{"name":"Intel AX210 w/vPro","price":23.77,"protocol":"Wi-Fi 6E","interface":"M.2 PCIe","color":"Green"},{"name":"Ziyituod ZYT-AX200","price":null,"protocol":"Wi-Fi 6","interface":"PCIe x1","color":"Green"},{"name":"StarTech USB150WN1X1","price":9.27,"protocol":"Wi-Fi 4","interface":"USB Type-A 2.0","color":null},{"name":"MSI HERALD-BE NCM865 WI-FI 7","price":49.99,"protocol":"Wi-Fi 7","interface":"PCIe x1","color":"Black"},{"name":"Asus PCE-AC56","price":27.98,"protocol":"Wi-Fi 5","interface":"PCIe x1","color":null},{"name":"Gigabyte GC-WBAX200","price":null,"protocol":"Wi-Fi 6","interface":"PCIe x1","color":"Black / Silver"},{"name":"TP-Link Archer T5E","price":23.99,"protocol":"Wi-Fi 5","interface":"PCIe x1","color":"Black"},{"name":"EDUP EP-9636GS-BL","price":28.99,"protocol":"Wi-Fi 6","interface":"PCIe x1","color":"Black"},{"name":"Asus PCE-AXE58BT","price":59.99,"protocol":"Wi-Fi 6E","interface":"PCIe x1","color":"Black / Gold"},{"name":"Asus PCE-AC68","price":null,"protocol":"Wi-Fi 5","interface":"PCIe x1","color":null},{"name":"TP-Link Archer T9UH","price":129.79,"protocol":"Wi-Fi 5","interface":"USB Type-A 3.2 Gen 1","color":"Black"},{"name":"TP-Link Archer T2UB Nano","price":19.98,"protocol":"Wi-Fi 5","interface":"USB Type-A 2.0","color":"Black"},{"name":"MSI AX905C","price":34.99,"protocol":"Wi-Fi 6","interface":"PCIe x1","color":"Black"},{"name":"Asus USB-AX55 Nano","price":34.99,"protocol":"Wi-Fi 6","interface":"USB Type-A 2.0","color":"Black"},{"name":"Cudy WE3000","price":31.99,"protocol":"Wi-Fi 6","interface":"PCIe x1","color":null},{"name":"Gigabyte GC-WB867D-I","price":70.98,"protocol":"Wi-Fi 5","interface":"PCIe x1","color":null},{"name":"Asus PCE-AC88","price":null,"protocol":"Wi-Fi 5","interface":"PCIe x1","color":null},{"name":"TP-Link TL-WN781ND","price":null,"protocol":"Wi-Fi 4","interface":"PCIe x1","color":null},{"name":"TP-Link Archer T6E AC1300","price":86.8,"protocol":"Wi-Fi 5","interface":"PCIe x1","color":null},{"name":"Gigabyte GC-WB1733D-I","price":null,"protocol":"Wi-Fi 5","interface":"PCIe x1","color":"Black"},{"name":"Intel AX200.NGWG.NV","price":54.43,"protocol":"Wi-Fi 6","interface":"M.2","color":null},{"name":"TP-Link Archer T3U","price":19.98,"protocol":"Wi-Fi 5","interface":"USB Type-A 3.2 Gen 1","color":"Black"},{"name":"Ubit AX210","price":null,"protocol":"Wi-Fi 6E","interface":"PCIe x1","color":"Black"},{"name":"TP-Link TL-WN821N","price":null,"protocol":"Wi-Fi 4","interface":"USB Type-A 2.0","color":null},{"name":"MSI AX1800","price":39.99,"protocol":"Wi-Fi 6","interface":"USB Type-A 3.2 Gen 1","color":"Black"},{"name":"TP-Link Archer T2U Nano","price":14.99,"protocol":"Wi-Fi 4","interface":"USB Type-A 2.0","color":"Black / Gold"},{"name":"TP-Link Archer T4U Plus","price":23.99,"protocol":"Wi-Fi 5","interface":"USB Type-A 3.2 Gen 1","color":null},{"name":"EDUP EP-9651GS","price":null,"protocol":"Wi-Fi 6E","interface":"PCIe x1","color":"Black"},{"name":"Intel 7260HMWDTX1","price":110,"protocol":"Wi-Fi 5","interface":"PCIe x1","color":null},{"name":"Asus USB-AC53 NANO","price":29,"protocol":"Wi-Fi 5","interface":"USB Type-A 2.0","color":null},{"name":"Asus PCE-AXE59BT","price":69.99,"protocol":"Wi-Fi 6E","interface":"PCIe x1","color":"Black"},{"name":"BrosTrend AC5","price":null,"protocol":"Wi-Fi 5","interface":"USB Type-A 2.0","color":"Black"},{"name":"D-Link DWA-582","price":null,"protocol":"Wi-Fi 5","interface":"PCIe x1","color":null},{"name":"TP-Link TL-WN823N","price":18.98,"protocol":"Wi-Fi 4","interface":"USB Type-A 2.0","color":null},{"name":"Belkin F9L1101","price":83.94,"protocol":"Wi-Fi 4","interface":"USB Type-A 2.0","color":null},{"name":"Asus PCE-AC51","price":50.04,"protocol":"Wi-Fi 5","interface":"PCIe x1","color":null},{"name":"Rosewill RNX-N250PCe","price":16.21,"protocol":"Wi-Fi 4","interface":"PCIe x1","color":null},{"name":"TP-Link Archer T9E","price":89.99,"protocol":"Wi-Fi 5","interface":"PCIe x1","color":null},{"name":"Netgear Nighthawk AC1900 A7000-10000S","price":59.09,"protocol":"Wi-Fi 5","interface":"USB Type-A 3.2 Gen 1","color":"Black"},{"name":"Ubit G10H-AX210S","price":null,"protocol":"Wi-Fi 6E","interface":"PCIe x1","color":null},{"name":"fenvi FV-T919","price":45.59,"protocol":"Wi-Fi 5","interface":"PCIe x1","color":"Black / Gold"},{"name":"fenvi FV-AX3000","price":null,"protocol":"Wi-Fi 6","interface":"PCIe x1","color":"Red / Black"},{"name":"Netgear A6100-100PAS","price":61.72,"protocol":"Wi-Fi 5","interface":"USB Type-A 2.0","color":null},{"name":"Asus PCE-AC55BT B1","price":null,"protocol":"Wi-Fi 5","interface":"PCIe x1","color":null},{"name":"Asus USB-AX56","price":66.03,"protocol":"Wi-Fi 6","interface":"USB Type-A 3.2 Gen 1","color":"Black"},{"name":"TP-Link TL-WN722N","price":null,"protocol":"Wi-Fi 4","interface":"USB Type-A 2.0","color":null},{"name":"fenvi FV-HB1200","price":34.95,"protocol":"Wi-Fi 5","interface":"PCIe x1","color":"Black / Blue"},{"name":"Asus PCE-N15","price":null,"protocol":"Wi-Fi 4","interface":"PCIe x1","color":null},{"name":"D-Link DWA-140","price":39.99,"protocol":"Wi-Fi 4","interface":"USB Type-A 2.0","color":null},{"name":"Rosewill RNX-AC1300PCEv2","price":23,"protocol":"Wi-Fi 5","interface":"PCIe x1","color":"Black"},{"name":"Netgear WNDA4100-100NAS","price":44.09,"protocol":"Wi-Fi 4","interface":"USB Type-A 2.0","color":null},{"name":"TP-Link Archer T3U Nano","price":17.98,"protocol":"Wi-Fi 5","interface":"USB Type-A 2.0","color":"Black"},{"name":"Asus PCE-AC58BT","price":null,"protocol":"Wi-Fi 5","interface":"PCIe x1","color":"Blue"},{"name":"D-Link DWA-552","price":48.87,"protocol":"Wi-Fi 4","interface":"PCI","color":null},{"name":"Edimax EW-7811UAC","price":19.98,"protocol":"Wi-Fi 5","interface":"USB Type-A 2.0","color":null},{"name":"Gigabyte GC-WB867D-I REV 4.2","price":null,"protocol":"Wi-Fi 5","interface":"PCIe x1","color":null},{"name":"Intel 8265.NGWMG.S","price":null,"protocol":"Wi-Fi 5","interface":"M.2","color":"Green"},{"name":"TP-Link Archer TX21UH","price":39.99,"protocol":"Wi-Fi 6","interface":"USB Type-A 3.2 Gen 1","color":"Silver / Black"},{"name":"TP-Link Archer T4U","price":34.99,"protocol":"Wi-Fi 5","interface":"USB Type-A 3.2 Gen 1","color":null},{"name":"Asus PCE-AC55BT","price":null,"protocol":"Wi-Fi 5","interface":"PCIe x1","color":null},{"name":"D-Link DWA-X1850","price":null,"protocol":"Wi-Fi 6","interface":"USB Type-A 3.2 Gen 1","color":null},{"name":"TP-Link Archer T2U","price":29.29,"protocol":"Wi-Fi 5","interface":"USB Type-A 2.0","color":null},{"name":"Intel 62205ANHMWDTX1","price":39.9,"protocol":"Wi-Fi 4","interface":"PCIe x1","color":null},{"name":"fenvi FV-8802","price":39.51,"protocol":"Wi-Fi 5","interface":"PCIe x1","color":"Black / Orange"},{"name":"Netgear A6210-100PAS","price":null,"protocol":"Wi-Fi 5","interface":"USB Type-A 3.2 Gen 1","color":null},{"name":"TP-Link TL-WN822N","price":25.74,"protocol":"Wi-Fi 4","interface":"USB Type-A 2.0","color":null},{"name":"fenvi FV-AXE3000","price":null,"protocol":"Wi-Fi 6","interface":"PCIe x1","color":"Red / Black"},{"name":"NEC NP05LM1","price":null,"protocol":"Wi-Fi 4","interface":"USB Type-A 2.0","color":"White"},{"name":"Wavlink WL-WN675X2","price":null,"protocol":"Wi-Fi 6","interface":"PCIe x1","color":"Red"},{"name":"BrosTrend AC3","price":29.99,"protocol":"Wi-Fi 5","interface":"USB Type-A 3.2 Gen 1","color":"Black"},{"name":"Asus PCE-N10","price":null,"protocol":"Wi-Fi 4","interface":"PCIe x1","color":null},{"name":"TP-Link Archer T8E","price":79.98,"protocol":"Wi-Fi 5","interface":"PCIe x1","color":null},{"name":"TP-Link Archer T2UH","price":109.95,"protocol":"Wi-Fi 5","interface":"USB Type-A 2.0","color":null},{"name":"D-Link DWA-548","price":39.99,"protocol":"Wi-Fi 4","interface":"PCIe x1","color":null},{"name":"MSI AC905C","price":null,"protocol":"Wi-Fi 5","interface":"PCIe x1","color":"Black"},{"name":"fenvi FV-AXE210NG","price":null,"protocol":"Wi-Fi 6E","interface":"M.2","color":null},{"name":"StarTech PEX300WN2X2","price":24.99,"protocol":"Wi-Fi 4","interface":"PCIe x1","color":null},{"name":"Intel 7260HMWDTX1","price":null,"protocol":"Wi-Fi 5","interface":"PCIe x1","color":null},{"name":"AVM FRITZ! WLAN Stick AC 430 MU-MIMO","price":null,"protocol":"Wi-Fi 5","interface":"USB Type-A 2.0","color":"White / Red"},{"name":"Intel 9560.NGWG.NVR","price":null,"protocol":"Wi-Fi 5","interface":"M.2","color":"Silver"},{"name":"Edimax EW-7612PIN V2","price":17.55,"protocol":"Wi-Fi 4","interface":"PCIe x1","color":"Green"},{"name":"TP-Link TL-WN851ND","price":null,"protocol":"Wi-Fi 4","interface":"PCI","color":null},{"name":"D-Link DWA-131","price":null,"protocol":"Wi-Fi 4","interface":"USB Type-A 2.0","color":null},{"name":"Rosewill RNX-AC1900PCE","price":63.29,"protocol":"Wi-Fi 5","interface":"PCIe x1","color":null},{"name":"Cisco AIR-PI21AG-A-K9","price":null,"protocol":"Wi-Fi 3","interface":"PCI","color":null},{"name":"Intel 6235AN.HMWWB","price":14,"protocol":"Wi-Fi 4","interface":"Half Mini-PCIe","color":null},{"name":"Netgear A6200-100NAS","price":46.17,"protocol":"Wi-Fi 5","interface":"USB Type-A 2.0","color":null},{"name":"TP-Link TL-WN951N","price":79.98,"protocol":"Wi-Fi 4","interface":"PCI","color":null},{"name":"fenvi FV-AXE3000RGB","price":null,"protocol":"Wi-Fi 6E","interface":"PCIe x1","color":"Red / Silver"},{"name":"MSI AC905C-V2","price":null,"protocol":"Wi-Fi 5","interface":"PCIe x1","color":"Black"},{"name":"BrosTrend AC1","price":20.99,"protocol":"Wi-Fi 5","interface":"USB Type-A 3.2 Gen 1","color":"Black"},{"name":"HP FH971AA","price":null,"protocol":"Wi-Fi 4","interface":"PCIe x1","color":null},{"name":"TRENDnet TEW-648UBM","price":null,"protocol":"Wi-Fi 4","interface":"USB Type-A 2.0","color":null},{"name":"Asus USB-AC56","price":null,"protocol":"Wi-Fi 5","interface":"USB Type-A 3.2 Gen 1","color":null},{"name":"Intel 7260","price":35,"protocol":"Wi-Fi 5","interface":"Mini-PCIe","color":null},{"name":"TP-Link Archer T4UH","price":74.11,"protocol":"Wi-Fi 5","interface":"USB Type-A 3.2 Gen 1","color":null},{"name":"Rosewill N900PCE","price":null,"protocol":"Wi-Fi 4","interface":"PCIe x1","color":null},{"name":"TP-Link TL-WDN3800","price":null,"protocol":"Wi-Fi 4","interface":"PCIe x1","color":null},{"name":"Feb Smart FS-N600 Basic Edition","price":null,"protocol":"Wi-Fi 5","interface":"PCIe x1","color":null},{"name":"Rosewill RNX-AC600PCEv3","price":null,"protocol":"Wi-Fi 5","interface":"PCIe x1","color":"Black"},{"name":"Rosewill RNX-AC1200PCEv2","price":null,"protocol":"Wi-Fi 5","interface":"PCIe x1","color":"Green"},{"name":"HP 9260","price":null,"protocol":"Wi-Fi 5","interface":"PCIe x1","color":"Green / Black"},{"name":"Netgear A6150-100PAS","price":34.99,"protocol":"Wi-Fi 5","interface":"USB Type-A 2.0","color":"Black"},{"name":"Ziyituod ZYT-7265","price":null,"protocol":"Wi-Fi 5","interface":"PCIe x1","color":"Green"},{"name":"fenvi Wi-Fi 7 FV-BE8800Pro","price":null,"protocol":"Wi-Fi 7","interface":"PCIe x1","color":"Red / Black"},{"name":"Rosewill RNX-N300X","price":29.98,"protocol":"Wi-Fi 4","interface":"PCI","color":null},{"name":"Intel 62205AN.HMWWB","price":null,"protocol":"Wi-Fi 4","interface":"Half Mini-PCIe","color":null},{"name":"Edimax EW-7811UTC","price":18.05,"protocol":"Wi-Fi 5","interface":"USB Type-A 2.0","color":null},{"name":"TRENDnet TBW-108UB","price":null,"protocol":"Wi-Fi 4","interface":"USB Type-A 2.0","color":"Black"},{"name":"TRENDnet TEW-643PI","price":30.66,"protocol":"Wi-Fi 4","interface":"PCI","color":null},{"name":"StarTech USB433WACDB","price":18.5,"protocol":"Wi-Fi 5","interface":"USB Type-A 2.0","color":null},{"name":"Edimax EW-7811DAC","price":null,"protocol":"Wi-Fi 5","interface":"USB Type-A 2.0","color":null},{"name":"Encore ENUWI-1XN45","price":null,"protocol":"Wi-Fi 4","interface":"USB Type-A 2.0","color":null},{"name":"3M 78-6972-0104-0","price":59.99,"protocol":"Wi-Fi 3","interface":"USB Type-A 2.0","color":null},{"name":"TP-Link TL-WN8200ND","price":null,"protocol":"Wi-Fi 4","interface":"USB Type-A 2.0","color":null},{"name":"Edimax EW-7822PIC","price":44.95,"protocol":"Wi-Fi 5","interface":"PCIe x1","color":null},{"name":"Syba SY-PEX23063","price":null,"protocol":"Wi-Fi 4","interface":"PCIe x1","color":null},{"name":"Rosewill RNX-AC1900PCEv2","price":null,"protocol":"Wi-Fi 5","interface":"PCIe x1","color":"Red / Black"},{"name":"fenvi FV-2030T","price":null,"protocol":"Wi-Fi 5","interface":"PCIe x1","color":"Red"},{"name":"Asus USB-N13 C1","price":null,"protocol":"Wi-Fi 4","interface":"USB Type-A","color":null},{"name":"Linksys WUSB6300","price":38.99,"protocol":"Wi-Fi 5","interface":"USB Type-A 3.2 Gen 1","color":null},{"name":"TP-Link Archer T1U","price":16.98,"protocol":"Wi-Fi 5","interface":"USB Type-A 2.0","color":null},{"name":"BrosTrend AC3L Linux Wi-Fi Adapter","price":37.99,"protocol":"Wi-Fi 5","interface":"USB Type-A 3.2 Gen 1","color":"Black"},{"name":"TP-Link Archer T4U V2","price":27.94,"protocol":"Wi-Fi 5","interface":"USB Type-A 3.2 Gen 1","color":"Black"},{"name":"Rosewill RNX-N150PCx","price":99.95,"protocol":"Wi-Fi 4","interface":"PCI","color":null},{"name":"TP-Link TL-WN751ND","price":57.99,"protocol":"Wi-Fi 4","interface":"PCI","color":null},{"name":"Edimax EW-7822UTC","price":20.99,"protocol":"Wi-Fi 5","interface":"USB Type-A 3.2 Gen 1","color":"Black"},{"name":"Linksys WUSB6100M","price":39.97,"protocol":"Wi-Fi 5","interface":"USB Type-A 3.2 Gen 1","color":"Black"},{"name":"Asus PCE-AC66","price":null,"protocol":"Wi-Fi 5","interface":"PCIe x1","color":null},{"name":"Asus USB-N13","price":null,"protocol":"Wi-Fi 4","interface":"USB Type-A 2.0","color":null},{"name":"Encore ENUWI-G2","price":null,"protocol":"Wi-Fi 3","interface":"USB Type-A 2.0","color":null},{"name":"Linksys WMP600N","price":null,"protocol":"Wi-Fi 4","interface":"PCI","color":null},{"name":"Rosewill RNX-G300LX","price":null,"protocol":"Wi-Fi 3","interface":"PCI","color":null},{"name":"Asus PCE-N53","price":null,"protocol":"Wi-Fi 4","interface":"PCIe x1","color":null},{"name":"Linksys AE2500","price":64.97,"protocol":"Wi-Fi 4","interface":"USB Type-A 2.0","color":null},{"name":"Intel 2200BNHMWDTX1","price":null,"protocol":"Wi-Fi 4","interface":"PCIe x1","color":null},{"name":"Rosewill RNX-N600UBE","price":null,"protocol":"Wi-Fi 4","interface":"USB Type-A 2.0","color":null},{"name":"TRENDnet TEW-424UB","price":null,"protocol":"Wi-Fi 3","interface":"USB Type-A 2.0","color":null},{"name":"Netgear WNA3100-100ENS","price":null,"protocol":"Wi-Fi 4","interface":"USB Type-A 2.0","color":null},{"name":"Netgear WNDA3100-100NAS","price":null,"protocol":"Wi-Fi 4","interface":"USB Type-A 2.0","color":null},{"name":"TP-Link TL-WDN3200","price":null,"protocol":"Wi-Fi 4","interface":"USB Type-A 2.0","color":null},{"name":"TP-Link TL-WN723N","price":null,"protocol":"Wi-Fi 4","interface":"USB Type-A 2.0","color":null},{"name":"Intel 7260HMW","price":null,"protocol":"Wi-Fi 5","interface":"Half Mini-PCIe","color":null},{"name":"TP-Link TL-WN7200ND","price":null,"protocol":"Wi-Fi 4","interface":"USB Type-A 2.0","color":null},{"name":"Asus USB-AC53","price":null,"protocol":"Wi-Fi 5","interface":"USB Type-A 2.0","color":null},{"name":"Edimax EW-7822UAC","price":44.99,"protocol":"Wi-Fi 5","interface":"USB Type-A 3.2 Gen 1","color":null},{"name":"TP-Link TL-WN721N","price":null,"protocol":"Wi-Fi 4","interface":"USB Type-A 2.0","color":null},{"name":"Belkin F9L1001","price":17.98,"protocol":"Wi-Fi 4","interface":"USB Type-A 2.0","color":null},{"name":"Rosewill AC1200UBE","price":null,"protocol":"Wi-Fi 5","interface":"USB Type-A 3.2 Gen 1","color":null},{"name":"Asus USB-AC51","price":null,"protocol":"Wi-Fi 5","interface":"USB Type-A 2.0","color":null},{"name":"StarTech USB150WN1X1W","price":19.99,"protocol":"Wi-Fi 4","interface":"USB Type-A 2.0","color":null},{"name":"Intel 7260HMW","price":null,"protocol":"Wi-Fi 5 (5 GHz only)","interface":"Mini-PCIe","color":null},{"name":"Asus USB-AC55","price":null,"protocol":"Wi-Fi 5","interface":"USB Type-A 3.2 Gen 1","color":null},{"name":"Rosewill RNX-AC1200PCE","price":null,"protocol":"Wi-Fi 5","interface":"PCIe x1","color":null},{"name":"StarTech PEX867WAC22","price":42,"protocol":"Wi-Fi 5","interface":"PCIe x1","color":null},{"name":"Rosewill RNX-N150NUB","price":null,"protocol":"Wi-Fi 4","interface":"USB Type-A 2.0","color":null},{"name":"Linksys AE3000-CA","price":76.89,"protocol":"Wi-Fi 4","interface":"USB Type-A 2.0","color":null},{"name":"Inamax 4332804407","price":null,"protocol":"Wi-Fi 5","interface":"USB Type-A 3.2 Gen 1","color":"Black"},{"name":"BrosTrend AC6","price":null,"protocol":"Wi-Fi 5","interface":"PCIe x1","color":"Red / Black"},{"name":"StarTech USB433ACD1X1","price":25.99,"protocol":"Wi-Fi 5","interface":"USB Type-A 2.0","color":"Black"},{"name":"TP-Link ARCHER T4UHP","price":null,"protocol":"Wi-Fi 5","interface":"USB Type-A 3.2 Gen 1","color":"Black"},{"name":"InFocus INA-WIFIUSB-4","price":null,"protocol":"Wi-Fi 5","interface":"USB Type-A 2.0","color":"Black"},{"name":"HP 8265","price":null,"protocol":"Wi-Fi 5","interface":"PCIe x1","color":"Green / Black"},{"name":"fenvi FV8303","price":null,"protocol":"Wi-Fi 4","interface":"PCIe x1","color":null},{"name":"Intel 8265.NGWMG.DTX1","price":null,"protocol":"Wi-Fi 5","interface":"M.2","color":null},{"name":"Intel AX210","price":null,"protocol":"Wi-Fi 6E","interface":"M.2 PCIe","color":"Green"},{"name":"Gigabyte GC-WBAX1200","price":null,"protocol":"Wi-Fi 6E","interface":"PCIe x1","color":"Black"},{"name":"SIIG JU-WR0112-S2","price":16.22,"protocol":"Wi-Fi 4","interface":"USB Type-A 2.0","color":"Black"},{"name":"Rosewill RNX-AC3000","price":null,"protocol":"Wi-Fi 6","interface":"PCIe x1","color":"Black"},{"name":"Belkin B2N002","price":61.34,"protocol":"Wi-Fi 4","interface":"USB Type-A 2.0","color":null},{"name":"D-Link DWA-121","price":null,"protocol":"Wi-Fi 4","interface":"USB Type-A 2.0","color":null},{"name":"D-Link DWA-162","price":13.99,"protocol":"Wi-Fi 4","interface":"USB Type-A 2.0","color":null},{"name":"D-Link DWA-171","price":36,"protocol":"Wi-Fi 5","interface":"USB Type-A 2.0","color":null},{"name":"StarTech USB867WAC22","price":41.23,"protocol":"Wi-Fi 5","interface":"USB Type-A 3.2 Gen 1","color":null},{"name":"TRENDnet TEW-806UBH","price":23.87,"protocol":"Wi-Fi 5","interface":"USB Type-A 2.0","color":null},{"name":"BrosTrend AC1L","price":27.99,"protocol":"Wi-Fi 5","interface":"USB Type-A 3.2 Gen 1","color":"Black"},{"name":"Netgear A6100-10000S","price":25,"protocol":"Wi-Fi 5","interface":"USB Type-A 2.0","color":"Black"},{"name":"Asus USB-N10","price":null,"protocol":"Wi-Fi 4","interface":"USB Type-A 2.0","color":null},{"name":"Belkin F7D2102","price":49.99,"protocol":"Wi-Fi 4","interface":"USB Type-A 2.0","color":null},{"name":"Encore ENEWI-1XN42","price":null,"protocol":"Wi-Fi 4","interface":"PCIe x1","color":null},{"name":"IOGEAR GWU625","price":null,"protocol":"Wi-Fi 4","interface":"USB Type-A 2.0","color":null},{"name":"Intel 2200BNHMWDTX1G","price":null,"protocol":"Wi-Fi 4","interface":"PCIe x1","color":null},{"name":"Intel 633AN.HMWWB","price":null,"protocol":"Wi-Fi 4","interface":"Half Mini-PCIe","color":null},{"name":"Rosewill RNX-MiniN2(RWLD-11002)","price":null,"protocol":"Wi-Fi 4","interface":"USB Type-A 2.0","color":null},{"name":"Rosewill RNX-N150PCe","price":null,"protocol":"Wi-Fi 4","interface":"PCIe x1","color":null},{"name":"Rosewill RNX-N150UBE","price":null,"protocol":"Wi-Fi 4","interface":"USB Type-A 2.0","color":null},{"name":"Rosewill RNX-N180UB","price":null,"protocol":"Wi-Fi 4","interface":"USB Type-A 2.0","color":null},{"name":"Rosewill RNX-N180UBE","price":null,"protocol":"Wi-Fi 4","interface":"USB Type-A 2.0","color":null},{"name":"Rosewill RNX-N250UBE","price":null,"protocol":"Wi-Fi 4","interface":"USB Type-A 2.0","color":null},{"name":"StarTech USB300WN2X2D","price":null,"protocol":"Wi-Fi 4","interface":"USB Type-A 2.0","color":null},{"name":"Syba CL-ADA23032","price":null,"protocol":"Wi-Fi 4","interface":"USB Type-A 2.0","color":null},{"name":"Syba CL-ADA24004","price":null,"protocol":"Wi-Fi 4","interface":"USB Type-A 2.0","color":null},{"name":"Syba SY-ADA23026","price":null,"protocol":"Wi-Fi 4","interface":"USB Type-A 2.0","color":null},{"name":"TRENDnet TEW-648UB","price":null,"protocol":"Wi-Fi 4","interface":"USB Type-A 2.0","color":null},{"name":"TRENDnet TEW-646UBH","price":null,"protocol":"Wi-Fi 4","interface":"USB Type-A 2.0","color":null},{"name":"TRENDnet TEW-703PIL","price":null,"protocol":"Wi-Fi 4","interface":"PCI","color":null},{"name":"TRENDnet TEW-703PI","price":null,"protocol":"Wi-Fi 4","interface":"PCI","color":null},{"name":"Rosewill N900UBE","price":null,"protocol":"Wi-Fi 4","interface":"USB Type-A 2.0","color":null},{"name":"Asus USB-N53","price":null,"protocol":"Wi-Fi 4","interface":"USB Type-A 2.0","color":null},{"name":"Asus USB-N66","price":null,"protocol":"Wi-Fi 4","interface":"USB Type-A 2.0","color":null},{"name":"Linksys AE1200-NP","price":null,"protocol":"Wi-Fi 4","interface":"USB Type-A 2.0","color":null},{"name":"Linksys AE1200","price":19.98,"protocol":"Wi-Fi 4","interface":"USB Type-A 2.0","color":null},{"name":"Rosewill RNWD-N1501UB","price":null,"protocol":"Wi-Fi 4","interface":"USB Type-A 2.0","color":null},{"name":"Linksys AE3000-NP","price":null,"protocol":"Wi-Fi 4","interface":"USB Type-A 2.0","color":null},{"name":"Linksys AE3000","price":39.95,"protocol":"Wi-Fi 4","interface":"USB Type-A 2.0","color":null},{"name":"Rosewill RNX-N250PC2","price":null,"protocol":"Wi-Fi 4","interface":"PCI","color":null},{"name":"Rosewill RNX-N150HG","price":null,"protocol":"Wi-Fi 4","interface":"USB Type-A 2.0","color":null},{"name":"Linksys AE2500-NP","price":null,"protocol":"Wi-Fi 4","interface":"USB Type-A 2.0","color":null},{"name":"Rosewill RNWD-N1502UBE","price":null,"protocol":"Wi-Fi 4","interface":"USB Type-A 2.0","color":null},{"name":"Belkin E9L1500","price":null,"protocol":"Wi-Fi 4","interface":"USB Type-A 2.0","color":null},{"name":"Belkin E9L3000","price":null,"protocol":"Wi-Fi 4","interface":"USB Type-A 2.0","color":null},{"name":"Belkin E9L6000","price":null,"protocol":"Wi-Fi 4","interface":"USB Type-A 2.0","color":null},{"name":"Belkin E9L7500","price":null,"protocol":"Wi-Fi 4","interface":"USB Type-A 2.0","color":null},{"name":"Diamond WL700NXS","price":null,"protocol":"Wi-Fi 4","interface":"USB Type-A 2.0","color":null},{"name":"Encore ENUWI-1XN42","price":null,"protocol":"Wi-Fi 4","interface":"USB Type-A 2.0","color":null},{"name":"Encore ENUWI-1XN4M","price":21,"protocol":"Wi-Fi 4","interface":"USB Type-A 2.0","color":null},{"name":"Encore ENUWI-2XN42","price":null,"protocol":"Wi-Fi 4","interface":"USB Type-A 2.0","color":null},{"name":"Encore ENUWI-2XN45","price":null,"protocol":"Wi-Fi 4","interface":"USB Type-A 2.0","color":null},{"name":"IOGEAR GWU627W6","price":null,"protocol":"Wi-Fi 4","interface":"USB Type-A 2.0","color":null},{"name":"Patriot PCUSBW1150","price":null,"protocol":"Wi-Fi 4","interface":"USB Type-A 2.0","color":null},{"name":"TRENDnet TEW-684UB","price":null,"protocol":"Wi-Fi 4","interface":"USB Type-A 2.0","color":null},{"name":"TRENDnet TEW-649UB","price":null,"protocol":"Wi-Fi 4","interface":"USB Type-A 2.0","color":null},{"name":"Encore ENEWI-1XN45","price":null,"protocol":"Wi-Fi 4","interface":"PCIe x1","color":null},{"name":"Encore ENEWI-2XN42","price":null,"protocol":"Wi-Fi 4","interface":"PCIe x1","color":null},{"name":"Encore ENEWI-2XN45","price":null,"protocol":"Wi-Fi 4","interface":"PCIe x1","color":null},{"name":"Rosewill N600PCE","price":null,"protocol":"Wi-Fi 4","interface":"PCIe x1","color":null},{"name":"TRENDnet TEW-623PI","price":null,"protocol":"Wi-Fi 4","interface":"PCI","color":null},{"name":"D-Link DWA-125","price":44.98,"protocol":"Wi-Fi 4","interface":"USB Type-A 2.0","color":null},{"name":"D-Link DWA-130","price":null,"protocol":"Wi-Fi 4","interface":"USB Type-A 2.0","color":null},{"name":"D-Link DWA-160","price":48.99,"protocol":"Wi-Fi 4","interface":"USB Type-A 2.0","color":null},{"name":"D-Link DWA-182","price":48,"protocol":"Wi-Fi 5","interface":"USB Type-A 2.0","color":null},{"name":"D-Link DWA-566","price":49.99,"protocol":"Wi-Fi 4","interface":"PCIe x1","color":null},{"name":"Netgear WN311B-100NAS","price":null,"protocol":"Wi-Fi 4","interface":"PCI","color":null},{"name":"Netgear WNA1000M-100ENS","price":null,"protocol":"Wi-Fi 4","interface":"USB Type-A 2.0","color":null},{"name":"Netgear WNA1100-100ENS","price":62,"protocol":"Wi-Fi 4","interface":"USB Type-A 2.0","color":null},{"name":"TP-Link TL-WN350GD","price":null,"protocol":"Wi-Fi 3","interface":"PCI","color":null},{"name":"TP-Link TL-WN727N","price":null,"protocol":"Wi-Fi 4","interface":"USB Type-A 2.0","color":null},{"name":"Intel 6235ANHMW","price":null,"protocol":"Wi-Fi 4","interface":"Half Mini-PCIe","color":null},{"name":"Intel 105","price":null,"protocol":"Wi-Fi 4","interface":"Mini-PCIe","color":null},{"name":"Intel 135","price":null,"protocol":"Wi-Fi 4","interface":"Mini-PCIe","color":null},{"name":"Intel 2200BNHMW","price":null,"protocol":"Wi-Fi 4","interface":"Mini-PCIe","color":null},{"name":"Intel 7260HMW","price":null,"protocol":"Wi-Fi 4","interface":"Mini-PCIe","color":null},{"name":"Intel 7260HMW BN","price":null,"protocol":"Wi-Fi 4","interface":"Mini-PCIe","color":null},{"name":"Linksys AE6000","price":null,"protocol":"Wi-Fi 5","interface":"USB Type-A 2.0","color":null},{"name":"Orico ORICO WRA150","price":null,"protocol":"Wi-Fi 4","interface":"USB Type-A 2.0","color":null},{"name":"Orico ORICO WRB150","price":null,"protocol":"Wi-Fi 4","interface":"USB Type-A 2.0","color":null},{"name":"Orico ORICO WRB150","price":null,"protocol":"Wi-Fi 4","interface":"USB Type-A 2.0","color":null},{"name":"Orico ORICO WRD150","price":null,"protocol":"Wi-Fi 4","interface":"USB Type-A 2.0","color":null},{"name":"Orico WRD150BLK","price":null,"protocol":"Wi-Fi 4","interface":"USB Type-A 2.0","color":null},{"name":"Samsung WIS12ABGNX/XAA","price":null,"protocol":"Wi-Fi 4","interface":"USB Type-A 2.0","color":null},{"name":"StarTech PCI300WN2X2","price":null,"protocol":"Wi-Fi 4","interface":"PCI","color":null},{"name":"TRENDnet TEW-624UB","price":null,"protocol":"Wi-Fi 4","interface":"USB Type-A 2.0","color":null},{"name":"TRENDnet TEW-664UB","price":49.99,"protocol":"Wi-Fi 4","interface":"USB Type-A 2.0","color":null},{"name":"TRENDnet TEW-726EC","price":null,"protocol":"Wi-Fi 4","interface":"PCIe x1","color":null},{"name":"TRENDnet TEW-805UB","price":27.83,"protocol":"Wi-Fi 5","interface":"USB Type-A 3.2 Gen 1","color":null},{"name":"D-Link DWA-180","price":null,"protocol":"Wi-Fi 5","interface":"USB Type-A 2.0","color":null},{"name":"D-Link DWA-525","price":null,"protocol":"Wi-Fi 4","interface":"PCI","color":null},{"name":"Edimax EW-7811Un","price":null,"protocol":"Wi-Fi 4","interface":"USB Type-A 2.0","color":null},{"name":"Edimax EW-7128Gn","price":null,"protocol":"Wi-Fi 4","interface":"PCI","color":null},{"name":"Edimax EW-7612PIn","price":42.49,"protocol":"Wi-Fi 4","interface":"PCIe x1","color":null},{"name":"Edimax EW-7711USN","price":null,"protocol":"Wi-Fi 4","interface":"USB Type-A 2.0","color":null},{"name":"Edimax EW-7722In","price":null,"protocol":"Wi-Fi 4","interface":"PCI","color":null},{"name":"Edimax EW-7722UTn","price":23.98,"protocol":"Wi-Fi 4","interface":"USB Type-A 2.0","color":null},{"name":"Edimax EW-7722PnD","price":null,"protocol":"Wi-Fi 4","interface":"PCIe x1","color":null},{"name":"Edimax EW-7722UnD","price":null,"protocol":"Wi-Fi 4","interface":"USB Type-A 2.0","color":null},{"name":"Hawking Technology HAWNU1","price":null,"protocol":"Wi-Fi 4","interface":"USB Type-A 2.0","color":null},{"name":"Hawking Technology HAWNU2","price":null,"protocol":"Wi-Fi 4","interface":"USB Type-A 2.0","color":null},{"name":"Hawking Technology HD45U","price":null,"protocol":"Wi-Fi 4","interface":"USB Type-A 2.0","color":null},{"name":"Hawking Technology HWDN3","price":null,"protocol":"Wi-Fi 4","interface":"USB Type-A 2.0","color":null},{"name":"Hawking Technology HWUG1","price":null,"protocol":"Wi-Fi 3","interface":"USB Type-A 2.0","color":null},{"name":"Hawking Technology HWUN4","price":null,"protocol":"Wi-Fi 4","interface":"USB Type-A 2.0","color":null},{"name":"IOGEAR GWU523","price":null,"protocol":"Wi-Fi 3","interface":"USB Type-A 2.0","color":null},{"name":"Patriot PCBOWAU2-N","price":null,"protocol":"Wi-Fi 4","interface":"USB Type-A 2.0","color":null},{"name":"Rosewill RNX-G300EX","price":null,"protocol":"Wi-Fi 3","interface":"PCI","color":null},{"name":"SIIG CN-WR0811-S1","price":null,"protocol":"Wi-Fi 4","interface":"PCIe x1","color":null},{"name":"Belkin F9L1002","price":null,"protocol":"Wi-Fi 4","interface":"USB Type-A 2.0","color":null},{"name":"Belkin F9L1103","price":null,"protocol":"Wi-Fi 4","interface":"USB Type-A 2.0","color":null},{"name":"Belkin F9L1109-OM","price":null,"protocol":"Wi-Fi 5","interface":"USB Type-A 3.2 Gen 1","color":null},{"name":"Buffalo Technology WI-U2-300D","price":43.98,"protocol":"Wi-Fi 4","interface":"USB Type-A 2.0","color":null},{"name":"Belkin F7D1102","price":null,"protocol":"Wi-Fi 4","interface":"USB Type-A 2.0","color":null},{"name":"Buffalo Technology WI-U2-433DM","price":null,"protocol":"Wi-Fi 5","interface":"USB Type-A 2.0","color":null},{"name":"Cisco AM10","price":null,"protocol":"Wi-Fi 4","interface":"USB Type-A 2.0","color":null},{"name":"D-Link N69506","price":null,"protocol":"Wi-Fi 4","interface":"USB Type-A 2.0","color":null},{"name":"D-Link DWA-548","price":null,"protocol":"Wi-Fi 4","interface":"PCIe x1","color":null},{"name":"Encore ENLWI-N3","price":null,"protocol":"Wi-Fi 4","interface":"PCI","color":null},{"name":"Linksys WUSB600N","price":52.99,"protocol":"Wi-Fi 4","interface":"USB Type-A 2.0","color":null},{"name":"SIIG JU-WR0012-S1","price":null,"protocol":"Wi-Fi 4","interface":"USB Type-A 2.0","color":null},{"name":"SIIG JU-WR0212-S1","price":null,"protocol":"Wi-Fi 4","interface":"USB Type-A 2.0","color":null},{"name":"TRENDnet TEW-804UB","price":null,"protocol":"Wi-Fi 5","interface":"USB Type-A 2.0","color":null},{"name":"SIIG JU-WR0112-S1","price":null,"protocol":"Wi-Fi 4","interface":"USB Type-A 2.0","color":null},{"name":"TP-Link TL-WDN4200","price":null,"protocol":"Wi-Fi 4","interface":"USB Type-A 2.0","color":null},{"name":"Cisco AE3000","price":null,"protocol":"Wi-Fi 4","interface":"USB Type-A 2.0","color":null},{"name":"Intel 6205","price":null,"protocol":"Wi-Fi 4","interface":"Mini-PCIe","color":null},{"name":"Intel 6235ANHMW","price":null,"protocol":"Wi-Fi 4","interface":"Mini-PCIe","color":null},{"name":"Asus USB-N13","price":null,"protocol":"Wi-Fi 4","interface":"USB Type-A 2.0","color":null},{"name":"Belkin AE3000","price":null,"protocol":"Wi-Fi 4","interface":"USB Type-A 2.0","color":null},{"name":"Belkin F7D2102TT","price":null,"protocol":"Wi-Fi 4","interface":"USB Type-A 2.0","color":null},{"name":"BenQ WDRT8192","price":null,"protocol":"Wi-Fi 4","interface":"USB Type-A 2.0","color":null},{"name":"Cisco AE1200","price":null,"protocol":"Wi-Fi 4","interface":"USB Type-A 2.0","color":null},{"name":"Cisco AE2500","price":59.99,"protocol":"Wi-Fi 4","interface":"USB Type-A 2.0","color":null},{"name":"Hawking Technology HD65U","price":null,"protocol":"Wi-Fi 5","interface":"USB Type-A 2.0","color":null},{"name":"Hawking Technology HW7ACU","price":null,"protocol":"Wi-Fi 5","interface":"USB Type-A 2.0","color":null},{"name":"IOGEAR GWU735","price":null,"protocol":"Wi-Fi 5","interface":"USB Type-A 3.2 Gen 1","color":null},{"name":"Rosewill RNX-AC1200UBE2","price":null,"protocol":"Wi-Fi 5","interface":"USB Type-A 3.2 Gen 1","color":null},{"name":"Rosewill RNX-N600UB","price":null,"protocol":"Wi-Fi 4","interface":"USB Type-A 2.0","color":null},{"name":"StarTech USB300WN2X2C","price":18,"protocol":"Wi-Fi 4","interface":"USB Type-A 2.0","color":null},{"name":"Edimax EW-7711MAC","price":null,"protocol":"Wi-Fi 5","interface":"USB Type-A 2.0","color":null},{"name":"Intel 3160.NGWG","price":null,"protocol":"Wi-Fi 5","interface":"Mini-PCIe","color":null},{"name":"Intel 6300","price":null,"protocol":"Wi-Fi 4","interface":"Mini-PCIe","color":null},{"name":"Intel 7260","price":19.98,"protocol":"Wi-Fi 4","interface":"Mini-PCIe","color":null},{"name":"Intel 7260","price":null,"protocol":"Wi-Fi 4","interface":"Mini-PCIe","color":null},{"name":"Intel 7260","price":null,"protocol":"Wi-Fi 4","interface":"Mini-PCIe","color":null},{"name":"Asus USB-AC68","price":null,"protocol":"Wi-Fi 5","interface":"USB Type-A 3.2 Gen 1","color":null},{"name":"AUKEY WF-R12","price":null,"protocol":"Wi-Fi 5","interface":"USB Type-A 3.2 Gen 1","color":null},{"name":"Athenatech NE-WN3201D","price":null,"protocol":"Wi-Fi 4","interface":"USB Type-A 2.0","color":null},{"name":"D-Link DWA-192","price":null,"protocol":"Wi-Fi 5","interface":"USB Type-A 3.2 Gen 1","color":null},{"name":"Rosewill RNX-N600PCE_v2.0","price":null,"protocol":"Wi-Fi 4","interface":"PCIe x1","color":null},{"name":"Rosewill RNX-N300UB","price":null,"protocol":"Wi-Fi 4","interface":"USB Type-A 2.0","color":null},{"name":"Rosewill RNX-N150NUB","price":null,"protocol":"Wi-Fi 4","interface":"USB Type-A 2.0","color":null},{"name":"Rosewill RNX-N150NUB","price":null,"protocol":"Wi-Fi 4","interface":"USB Type-A 2.0","color":null},{"name":"TRENDnet TEW-807ECH","price":null,"protocol":"Wi-Fi 5","interface":"PCIe x1","color":null},{"name":"Linksys AE2500-CA","price":null,"protocol":"Wi-Fi 4","interface":"USB Type-A 2.0","color":null},{"name":"Netgear WF2190","price":null,"protocol":"Wi-Fi 5","interface":"USB Type-A 3.2 Gen 1","color":null},{"name":"Hawking Technology HW17ACU","price":null,"protocol":"Wi-Fi 5","interface":"USB Type-A 2.0","color":"Black"},{"name":"Rosewill RNX-AC1200UBv2","price":null,"protocol":"Wi-Fi 5","interface":"USB Type-A 3.2 Gen 1","color":"Black"},{"name":"Rosewill RNX-AC600HGUBEv2","price":null,"protocol":"Wi-Fi 5","interface":"USB Type-A 2.0","color":"Black"},{"name":"Rosewill RNX-AC600NUBv2","price":null,"protocol":"Wi-Fi 5","interface":"USB Type-A 2.0","color":"Black"},{"name":"Asus USB-AC55 B1","price":null,"protocol":"Wi-Fi 5","interface":"USB Type-A 3.2 Gen 1","color":"Black"},{"name":"TRENDnet TEW-808UBM","price":null,"protocol":"Wi-Fi 5","interface":"USB Type-A 2.0","color":"Black"},{"name":"Rosewill RNX-AC2030PCE","price":null,"protocol":"Wi-Fi 5","interface":"PCIe x1","color":"Red / Black"},{"name":"Rosewill RNX-AC1900UB","price":null,"protocol":"Wi-Fi 5","interface":"USB Type-A 3.2 Gen 1","color":"Black"},{"name":"Hawking Technology HW12ACU","price":null,"protocol":"Wi-Fi 5","interface":"USB Type-A 2.0","color":"Black"},{"name":"Syba SY-PEX23059","price":null,"protocol":"Wi-Fi 4","interface":"PCIe x1","color":"Green / Black"},{"name":"Sabrent USBG802","price":null,"protocol":"Wi-Fi 3","interface":"USB Type-A 2.0","color":"Black"},{"name":"Sabrent USB-802N","price":null,"protocol":"Wi-Fi 4","interface":"USB Type-A 2.0","color":"Black"},{"name":"Belkin Linksys AE1200-NP","price":null,"protocol":"Wi-Fi 4","interface":"USB Type-A 3.2 Gen 1","color":"Black"},{"name":"Hommie N900","price":null,"protocol":"Wi-Fi 4","interface":"PCIe x1","color":null},{"name":"fenvi FV-AX3000R","price":null,"protocol":"Wi-Fi 6","interface":"PCIe x1","color":"Red / Black"},{"name":"Intel AX210 w/vPro","price":null,"protocol":"Wi-Fi 6E","interface":"M.2 PCIe","color":"Green"},{"name":"Intel AX210","price":null,"protocol":"Wi-Fi 6E","interface":"M.2 PCIe","color":"Green"},{"name":"Intel AX210 w/vPro","price":null,"protocol":"Wi-Fi 6E","interface":"M.2 PCIe","color":"Green"},{"name":"fenvi Wi-Fi 7 FV-BE8800","price":null,"protocol":"Wi-Fi 7","interface":"PCIe x1","color":"Red / Black"},{"name":"D-Link DWA-181-US","price":19.79,"protocol":"Wi-Fi 5","interface":"USB Type-A 2.0","color":"Black"},{"name":"D-Link DWA-X3000","price":null,"protocol":"Wi-Fi 6","interface":"PCIe x1","color":"Black"},{"name":"SIIG LB-WR0111-S1","price":45.99,"protocol":"Wi-Fi 6","interface":"PCIe x1","color":"Black"},{"name":"SIIG LB-WR0011-S1","price":39.51,"protocol":"Wi-Fi 5","interface":"PCIe x1","color":"Black"}]