[{"name":"TP-Link TG-3468","price":14.99,"interface":"PCIe x1","color":null},{"name":"StarTech ST10GPEXNDPI","price":452.97,"interface":"PCIe x4","color":"Black / Silver"},{"name":"Asus XG-C100C","price":99.99,"interface":"PCIe x4","color":null},{"name":"Intel X540-T2","price":87,"interface":"PCIe x8","color":null},{"name":"TP-Link TX201","price":24.99,"interface":"PCIe x1","color":"Black / Gold"},{"name":"TP-Link TX401","price":99.99,"interface":"PCIe x4","color":"Red"},{"name":"Intel X550-T2","price":116.72,"interface":"PCIe x4","color":null},{"name":"StarTech ST1000SPEX42","price":420.79,"interface":"PCIe x4","color":null},{"name":"Intel X710-T2L","price":256.99,"interface":"PCIe x8","color":"Green / Black"},{"name":"Intel X540T1","price":129,"interface":"PCIe x8","color":"Black / Green"},{"name":"Intel X520-DA1","price":99,"interface":"PCIe x8","color":"Green"},{"name":"Intel EXPI9301CTBLK","price":54.24,"interface":"PCIe x1","color":null},{"name":"TRENDnet TRENDnet TEG-10GECTX 10 Gigabit PCIe Network Adapter","price":74.98,"interface":"PCIe x4","color":"Green / Silver"},{"name":"Gigabyte GC-AQC107","price":null,"interface":"PCIe x4","color":"Black / White"},{"name":"Syba SD-PEX24066","price":30.47,"interface":"PCIe x1","color":"Green / Black"},{"name":"Intel E1G42ETBLK","price":51,"interface":"PCIe x4","color":null},{"name":"StarTech ST10GSPEXNDP2","price":287.99,"interface":"PCIe x4","color":"Black / Silver"},{"name":"TP-Link UE306","price":11.99,"interface":"USB Type-A 3.2 Gen 1","color":"Black"},{"name":"StarTech ST10GSPEXNB2","price":149.94,"interface":"PCIe x2","color":"Silver / Black"},{"name":"Intel E1G44HTBLK","price":92.04,"interface":"PCIe x4","color":null},{"name":"TP-Link UE300","price":9.97,"interface":"USB Type-A 3.2 Gen 1","color":null},{"name":"Intel I226T1","price":74.73,"interface":"PCIe x1","color":"Green"},{"name":"Asus USB-C2500","price":29.99,"interface":"USB Type-A 3.2 Gen 1","color":"Gray"},{"name":"QNAP QXG5G1T111C","price":99,"interface":"PCIe x1","color":"Blue / Silver"},{"name":"TRENDnet TEG-25GECTX","price":19.98,"interface":"PCIe x1","color":"Blue"},{"name":"Belkin F5D5000","price":6.99,"interface":"PCI","color":null},{"name":"Syba SD-PEX24055","price":82.31,"interface":"PCIe x4","color":"Green / Black"},{"name":"StarTech USB32000SPT","price":63.06,"interface":"USB Type-A 3.2 Gen 1","color":null},{"name":"Syba SI-PEX24042","price":37.97,"interface":"PCIe x1","color":"Green / Black"},{"name":"Intel EXPI9301CT","price":57.93,"interface":"PCIe x1","color":null},{"name":"QNAP QXG2G2TI225","price":79,"interface":"PCIe x2","color":"Green / Copper"},{"name":"Syba SY-PEX24045","price":59.99,"interface":"PCIe x4","color":"Green / Black"},{"name":"Intel X520-T2","price":null,"interface":"PCIe x8","color":"Green / Black"},{"name":"StarTech ST10GSPEXNB","price":196.95,"interface":"PCIe x4","color":"Black"},{"name":"Intel E1G44ET2BLK","price":355.2,"interface":"PCIe x4","color":null},{"name":"QNAP QXG-10G1T","price":139,"interface":"PCIe x4","color":null},{"name":"Intel EXPI9404PTLBLK","price":null,"interface":"PCIe x4","color":null},{"name":"StarTech ST2000PEXPSE","price":157.99,"interface":"PCIe x1","color":null},{"name":"StarTech ST1000SPEX2","price":24.14,"interface":"PCIe x1","color":null},{"name":"Syba SY-ADA24029","price":9.99,"interface":"USB Type-A 2.0","color":null},{"name":"Monoprice 112909","price":null,"interface":"USB Type-C 3.2 Gen 2","color":"White"},{"name":"Tripp Lite U436-06N-2P5","price":39.7,"interface":"USB Type-C 3.2 Gen 1","color":"Black"},{"name":"SIIG LB-GE0311-S1","price":218.5,"interface":"PCIe x8","color":"Black / Green"},{"name":"QLogic QLE3242-CU-CK","price":null,"interface":"PCIe x8","color":null},{"name":"Lenovo 7ZT7A00482","price":112.5,"interface":"PCIe x1","color":"Green / Black"},{"name":"StarTech ST2GPEX","price":35.51,"interface":"PCIe x1","color":"Black"},{"name":"D-Link DXE-820T","price":null,"interface":"PCIe x8","color":null},{"name":"SIIG LB-GE0211-S1","price":152.88,"interface":"PCIe x4","color":"Green / Black"},{"name":"Intel EXPI9404PTLBLK-1PK","price":null,"interface":"PCIe x4","color":null},{"name":"Intel E10G42BT","price":null,"interface":"PCIe x8","color":null},{"name":"Gigabyte GC-AQC113C 10G","price":null,"interface":"PCIe x4","color":"White / Silver"},{"name":"Intel EXPI9402PTG2P20","price":69.61,"interface":"PCIe x4","color":"Green / Black"},{"name":"Intel E1G44HT","price":106,"interface":"PCIe x4","color":null},{"name":"Intel E1G42ET","price":null,"interface":"PCIe x4","color":null},{"name":"QNAP QXG-2G1T-I225","price":69,"interface":"PCIe x1","color":"Green / Silver"},{"name":"Asus ROG AREION","price":null,"interface":"PCIe x4","color":"Black"},{"name":"TP-Link UE300C","price":12.99,"interface":"USB Type-C","color":"Black"},{"name":"TRENDnet TUC-ET2G","price":21.99,"interface":"USB Type-C 3.2 Gen 1","color":"Black"},{"name":"Syba SY-PEX24028","price":92.87,"interface":"PCIe x1","color":null},{"name":"Intel EXPI9404PTL","price":null,"interface":"PCIe x4","color":null},{"name":"Intel PWLA8391GTBLK","price":32,"interface":"PCI","color":null},{"name":"StarTech ST1000SPEX2L","price":21.82,"interface":"PCIe x1","color":null},{"name":"D-Link DGE-560T","price":18.63,"interface":"PCIe x1","color":null},{"name":"Intel E1G44ET2","price":null,"interface":"PCIe x4","color":null},{"name":"StarTech US2GC30","price":42.99,"interface":"USB Type-C 3.2 Gen 1","color":"Silver"},{"name":"StarTech ST1000SPEX4","price":375.99,"interface":"PCIe x4","color":null},{"name":"Belkin F2CU040btBLK","price":20.99,"interface":"USB Type-C 3.2 Gen 1","color":null},{"name":"EDUP EP-9602GS","price":null,"interface":"PCIe x1","color":"Black"},{"name":"StarTech USB31000S2","price":23.23,"interface":"USB Type-A 3.2 Gen 1","color":"Black / Silver"},{"name":"Syba SD-PEX24009","price":19.99,"interface":"PCIe x1","color":null},{"name":"VisionTek Bigfoot Killer 2100","price":null,"interface":"PCIe x1","color":null},{"name":"StarTech ST3300U3S","price":42.1,"interface":"USB Type-A 3.2 Gen 1","color":null},{"name":"Plugable USBC-E1000","price":18.95,"interface":"USB Type-C 3.2 Gen 1","color":null},{"name":"Syba SY-HUB24047","price":56.86,"interface":"USB Type-A 3.2 Gen 1","color":"Black"},{"name":"Rosewill RC-NIC416Dual","price":null,"interface":"PCIe x4","color":"Black / Silver"},{"name":"Supermicro AOC-STG-i2T","price":null,"interface":"PCIe x8","color":null},{"name":"SIIG LB-GE0014-S1","price":114.99,"interface":"PCIe x4","color":"Green / Black"},{"name":"StarTech PEX100S","price":30.99,"interface":"PCIe x1","color":null},{"name":"Intel PWLA8490MTBLK","price":null,"interface":"PCI-X","color":null},{"name":"Supermicro AOC-SG-i2","price":null,"interface":"PCIe x4","color":null},{"name":"Syba SY-PEX24030","price":22.65,"interface":"PCIe x1","color":null},{"name":"Intel EXPI9402PT","price":null,"interface":"PCIe x4","color":null},{"name":"Intel PWLA8492MT","price":92,"interface":"PCI-X","color":null},{"name":"Acer NP.OTH11.005","price":null,"interface":"USB Type-A 2.0","color":null},{"name":"TP-Link TG-3269","price":null,"interface":"PCI","color":null},{"name":"TP-Link TF-3239DL","price":null,"interface":"PCI","color":null},{"name":"Edimax EN-9130TXL","price":null,"interface":"PCI","color":null},{"name":"Plugable USB3-E1000","price":15.26,"interface":"USB Type-A 3.2 Gen 1","color":null},{"name":"D-Link DUB-1312","price":44.17,"interface":"USB Type-A 3.2 Gen 1","color":"Black"},{"name":"Supermicro SGP-i4","price":null,"interface":"PCIe x4","color":"Green / Silver"},{"name":"Edimax EN-9320TX-E","price":null,"interface":"PCIe x4","color":"Silver / Green"},{"name":"Asus PCE-C2500","price":null,"interface":"PCIe x1","color":"Red"},{"name":"TP-Link UE305","price":null,"interface":"USB Type-A 3.2 Gen 1","color":"Black"},{"name":"StarTech ST10GSPEXNDP","price":null,"interface":"PCIe x8","color":"Black / Silver"},{"name":"TRENDnet TEG-PCITXR","price":14.66,"interface":"PCI","color":null},{"name":"Intel PWLA8391GTLBLK","price":50,"interface":"PCI","color":null},{"name":"Rosewill RC-400-LX","price":null,"interface":"PCI","color":null},{"name":"Syba SY-ADA24027","price":19.95,"interface":"USB Type-A 2.0","color":null},{"name":"Asus NX1101","price":null,"interface":"PCI","color":null},{"name":"Netgear GA311","price":34.9,"interface":"PCI","color":null},{"name":"StarTech ST10000SPEX","price":null,"interface":"PCIe x4","color":null},{"name":"Belkin B2B145-BLK","price":24.74,"interface":"USB Type-C 3.2 Gen 1","color":"Black"},{"name":"V7 V7UCRJ45-BLK-1N","price":null,"interface":"USB Type-C 3.2 Gen 1","color":"Black"},{"name":"HP E0X95AA","price":null,"interface":"PCIe x1","color":"Green"},{"name":"Syba SD-PEX24065","price":null,"interface":"PCIe x1","color":"Green"},{"name":"Rosewill RC-20001","price":null,"interface":"PCIe x1","color":"Black"},{"name":"StarTech USB31000S","price":25.79,"interface":"USB Type-A 3.2 Gen 1","color":null},{"name":"Intel PWLA8391GT","price":43.9,"interface":"PCI","color":null},{"name":"Rosewill RC-400","price":null,"interface":"PCI","color":null},{"name":"Rosewill RC-404","price":null,"interface":"PCI","color":null},{"name":"Rosewill RNF-405U","price":null,"interface":"USB Type-A 2.0","color":null},{"name":"Rosewill RNG-406U","price":null,"interface":"USB Type-A 3.2 Gen 1","color":null},{"name":"StarTech ST1000BT32","price":27.98,"interface":"PCI","color":null},{"name":"StarTech ST100S","price":null,"interface":"PCI","color":null},{"name":"StarTech USB21000S2","price":null,"interface":"USB Type-A 2.0","color":null},{"name":"Syba SY-ADA24024","price":null,"interface":"USB Type-A 2.0","color":null},{"name":"TRENDnet TE100-PCIWN","price":null,"interface":"PCI","color":null},{"name":"Intel EXPI9402PTBLK-1PK","price":null,"interface":"PCIe x4","color":null},{"name":"Intel PWLA8391GTBLK-1PK","price":null,"interface":"PCI","color":null},{"name":"Intel PWLA8492MTBLK5","price":null,"interface":"PCI-X","color":null},{"name":"SIIG CN-GP1011-S3","price":null,"interface":"PCI","color":null},{"name":"StarTech ST1000SPEXD2","price":null,"interface":"PCIe x1","color":null},{"name":"Syba SY-ADA24005","price":null,"interface":"USB Type-A 2.0","color":null},{"name":"StarTech ST1000SPEX","price":null,"interface":"PCIe x1","color":null},{"name":"SIIG CN-GP2011-S1","price":null,"interface":"PCIe x1","color":null},{"name":"SIIG CN-GP1021-S3","price":32.99,"interface":"PCIe x1","color":null},{"name":"Belkin F4U047-RS","price":null,"interface":"USB Type-A 2.0","color":null},{"name":"Rosewill RC-401-EX","price":null,"interface":"PCIe x1","color":null},{"name":"Rosewill RC-402","price":null,"interface":"PCI","color":null},{"name":"D-Link DFE530TX+","price":11,"interface":"PCI","color":null},{"name":"D-Link DGE-530T","price":22.99,"interface":"PCI","color":null},{"name":"D-Link DUB-E100","price":null,"interface":"USB Type-A 2.0","color":null},{"name":"Edimax EU-4208","price":11.99,"interface":"USB Type-A 2.0","color":null},{"name":"Edimax EU-4306","price":null,"interface":"USB Type-A 3.2 Gen 1","color":null},{"name":"Rosewill RC-411","price":null,"interface":"PCIe x1","color":null},{"name":"Rosewill RNG-407-Dual","price":null,"interface":"PCIe x1","color":null},{"name":"SIIG CN-GP4011-S1","price":null,"interface":"PCIe x4","color":null},{"name":"StarTech ST1000SPEXD3","price":null,"interface":"PCIe x1","color":null},{"name":"StarTech USB31000NDS","price":32.99,"interface":"USB Type-A 3.2 Gen 1","color":null},{"name":"StarTech USB31000SW","price":21.99,"interface":"USB Type-A 3.2 Gen 1","color":null},{"name":"Syba SD-ADA24032","price":null,"interface":"USB Type-A 3.2 Gen 1","color":null},{"name":"Cisco N2XX-ABPCI03-M3=","price":null,"interface":"PCIe x4","color":null},{"name":"SIIG JU-NE0511-S1","price":null,"interface":"USB Type-A 3.2 Gen 1","color":null},{"name":"StarTech USB31000SPTB","price":33.99,"interface":"USB Type-A 3.2 Gen 1","color":null},{"name":"StarTech USB31000SPTW","price":35.99,"interface":"USB Type-A 3.2 Gen 1","color":null},{"name":"Syba SI-ADA24037","price":null,"interface":"USB Type-A 3.2 Gen 1","color":null},{"name":"SIIG CN-GP1111-S1","price":null,"interface":"PCIe x4","color":null},{"name":"Lenovo 4X90E51405","price":31.54,"interface":"USB Type-A 3.2 Gen 1","color":null},{"name":"SIIG CN-GP4111-S1","price":null,"interface":"PCIe x4","color":null},{"name":"Syba SY-ADA24040","price":null,"interface":"USB Type-A 3.2 Gen 1","color":null},{"name":"SIIG JU-NE0711-S1","price":null,"interface":"USB Type-A 3.2 Gen 1","color":"Black"},{"name":"Linksys USB3GIG","price":null,"interface":"USB Type-A 3.2 Gen 1","color":"Black"},{"name":"Syba SY-PEX24056","price":null,"interface":"PCIe x4","color":"Green / Black"},{"name":"Rosewill RNG-408U","price":null,"interface":"USB Type-C 3.2 Gen 1","color":"Black"},{"name":"Tripp Lite U436-000-GB","price":25.8,"interface":"USB Type-C 3.2 Gen 1","color":"Black"},{"name":"SIIG JU-NE0621-S2","price":null,"interface":"USB Type-A 3.2 Gen 1","color":"White"},{"name":"SIIG LB-GE0611-S1","price":49.99,"interface":"PCIe x1","color":"Green / Black"}]