name,price,type,interface,capacity,price_per_gb,color
Apricorn Aegis Fortress L3,12999,Portable,"USB Type-A 3.2 Gen 1, USB Type-C 3.2 Gen 1",20000,0.65,Black
Western Digital My Book Duo,1199.99,Desktop,"USB Type-A 3.2 Gen 1, USB Type-C 3.2 Gen 1",44000,0.027,Black
Western Digital My Book Duo,1049.99,Desktop,"USB Type-A 3.2 Gen 1, USB Type-C 3.2 Gen 1",36000,0.029,Black
Apricorn Padlock DT FIPS,661.99,Desktop,USB Type-A 3.2 Gen 1,10000,0.066,Black
Western Digital ELEMENTS,64.99,Portable,USB Type-A 3.2 Gen 1,1000,0.065,
Western Digital WD_BLACK P10,136.41,Portable,USB Type-A 3.2 Gen 1,5000,0.027,Black
Sabrent Rocket XTRM-Q,2608.65,Desktop,USB Type-C 3.2 Gen 2,16000,0.163,
Samsung T5 EVO Portable,604.8,Portable,USB Type-C 3.2 Gen 1,8000,0.076,Black
Western Digital My Passport,94.99,Portable,USB Type-A 3.2 Gen 1,4000,0.024,Black
Apricorn Padlock DT FIPS,1172.46,Desktop,USB Type-A 3.2 Gen 1,22000,0.053,Black
SanDisk Professional PRO-Blade Transport,219.99,Portable,USB Type-C 3.2 Gen 2x2,2000,0.11,Black
Samsung T9 Portable,332.68,Portable,USB Type-C 3.2 Gen 2x2,4000,0.083,Black
Western Digital ELEMENTS,159.99,Desktop,USB Type-A 3.2 Gen 1,8000,0.02,Black
Crucial X10 Pro,284.99,Portable,USB Type-C 3.2 Gen 2x2,4000,0.071,Black
Verbatim Vx460,32.21,Portable,USB Type-A 3.2 Gen 1,128,0.252,Black
Corsair EX100U,393.99,Portable,USB Type-C 3.2 Gen 2x2,4000,0.098,Black
Western Digital My Passport,54.99,Portable,USB Type-A 3.2 Gen 1,1000,0.055,Black
Samsung T7 Shield,289.99,Portable,USB Type-C 3.2 Gen 2,4000,0.072,Black
Seagate One Touch,399.99,Desktop,USB Type-A 3.2 Gen 1,18000,0.022,Black
Western Digital easystore,229.99,Desktop,USB Type-A 3.2 Gen 1,14000,0.016,Black
Western Digital easystore,249.99,Desktop,"USB Type-A 2.0, USB Type-A 3.2 Gen 1",18000,0.014,Black
Samsung T7 Portable,99.99,Portable,USB Type-C 3.2 Gen 1,1000,0.1,Black / Silver
Samsung T5,349.99,Portable,USB Type-C 3.2 Gen 1,1000,0.35,
Western Digital WD_BLACK P10,84.99,Portable,USB Type-A 3.2 Gen 1,2000,0.042,Black
Seagate Backup Plus Portable,102.73,Portable,USB Type-A 3.2 Gen 1,4000,0.026,Black
SanDisk Extreme Portable V2,99.99,Portable,USB Type-C 3.2 Gen 1,1000,0.1,Black / Orange
Seagate One Touch,59.99,Portable,USB Type-A 3.2 Gen 1,2000,0.03,Black
Western Digital My Passport,119.99,Portable,USB Type-A 3.2 Gen 1,5000,0.024,Black
Seagate Backup Plus Slim,56,Portable,USB Type-A 3.2 Gen 1,1000,0.056,Black
SanDisk Extreme Portable V2,269.99,Portable,USB Type-C 3.2 Gen 1,4000,0.067,Black / Orange
Samsung T7 Portable,159.11,Portable,USB Type-C 3.2 Gen 1,2000,0.08,Black / Silver
Crucial X6,110.13,Portable,USB Type-C 3.2 Gen 2,2000,0.055,Black
Western Digital My Passport,69.98,Portable,USB Type-A 3.2 Gen 1,2000,0.035,Black
Western Digital ELEMENTS,229.99,Desktop,USB Type-A 3.2 Gen 1,12000,0.019,
Apricorn Aegis Fortress L3,429.34,Portable,"USB Type-A 3.2 Gen 1, USB Type-C 3.2 Gen 1",5000,0.086,Black
Western Digital ELEMENTS,199.99,Desktop,USB Type-A 3.2 Gen 1,10000,0.02,Black
SanDisk Extreme Portable V2,159.99,Portable,USB Type-C 3.2 Gen 1,2000,0.08,Black / Orange
Western Digital My Book Duo,706.24,Desktop,"USB Type-A 3.2 Gen 1, USB Type-C 3.2 Gen 1",20000,0.035,Black
Western Digital WD_BLACK D10,189.99,Desktop,USB Type-A 3.2 Gen 2,8000,0.024,Black
Apricorn Aegis Fortress,1129.56,Portable,USB Type-A 3.2 Gen 1,4000,0.282,Black
Seagate One Touch,379.99,Desktop,USB Type-A 3.2 Gen 1,16000,0.024,Black
Apricorn Aegis Fortress L3,4999,Portable,"USB Type-A 3.2 Gen 1, USB Type-C 3.2 Gen 1",16000,0.312,Black
Seagate One Touch,174.99,Desktop,USB Type-A 3.2 Gen 1,8000,0.022,Black
Seagate Expansion,129.99,Desktop,USB Type-A 3.2 Gen 1,4000,0.032,
Western Digital ELEMENTS,249.99,Desktop,USB Type-A 3.2 Gen 2,14000,0.018,Black
Toshiba Canvio Basics,71.55,Portable,USB Type-A 3.2 Gen 1,1000,0.072,
Silicon Power PC60,55.11,Portable,USB Type-C 3.2 Gen 2,512,0.108,Black
Crucial X6,74.5,Portable,USB Type-C 3.2 Gen 2,1000,0.074,Black
Western Digital ‎WDBU6Y0050BBK-WESN,119.99,Portable,USB Type-A 3.2 Gen 1,5000,0.024,Black
Freecom Mobile Drive Classic 3.0,,Portable,USB Type-A 3.2 Gen 1,1000,,Black
Kingston XS1000,134.99,Portable,USB Type-C 3.2 Gen 2,2000,0.067,Black
Corsair EX100U,89.99,Portable,USB Type-C 3.2 Gen 2x2,1000,0.09,Black
Seagate Backup Plus Hub,199.99,Desktop,USB Type-A 3.2 Gen 2,8000,0.025,
Crucial X6,49.89,Portable,USB Type-C 3.2 Gen 2,500,0.1,Black
Western Digital My Book,169.99,Desktop,USB Type-A 3.2 Gen 1,8000,0.021,Black
Western Digital WD_BLACK D10,249.99,Desktop,USB Type-A 3.2 Gen 2,12000,0.021,Black
Seagate One Touch,189,Portable,USB Type-A 3.2 Gen 1,5000,0.038,Silver
Seagate One Touch,55.98,Portable,USB Type-A 3.2 Gen 1,1000,0.056,Black
Western Digital WD_BLACK P10,114.99,Portable,USB Type-A 3.2 Gen 1,4000,0.029,Black
Crucial X9 Pro,149.99,Portable,USB Type-C 3.2 Gen 2,2000,0.075,Silver
Western Digital My Book Duo,829.99,Desktop,"USB Type-A 3.2 Gen 1, USB Type-C 3.2 Gen 1",24000,0.035,Black
Crucial X9,224.99,Portable,USB Type-C 3.2 Gen 2,4000,0.056,Black
Seagate One Touch,99.99,Portable,USB Type-A 3.2 Gen 1,4000,0.025,Black
Western Digital easystore,194.88,Desktop,USB Type-A 3.2 Gen 1,8000,0.024,
Samsung T7 Shield,109.99,Portable,USB Type-C 3.2 Gen 2,1000,0.11,Black
SanDisk Professional PRO-Blade Transport,349.99,Portable,USB Type-C 3.2 Gen 2x2,4000,0.087,Black
Western Digital WD_BLACK P50,169,Portable,USB Type-C 3.2 Gen 1,1000,0.169,Black / Silver
Western Digital ELEMENTS,,Portable,USB Type-A 3.2 Gen 1,2000,,
Samsung T7 Portable,72.84,Portable,USB Type-C 3.2 Gen 1,500,0.146,Red / Silver
Crucial X9,116.9,Portable,USB Type-C 3.2 Gen 2,2000,0.058,Black
Samsung T9 Portable,229,Portable,USB Type-C 3.2 Gen 2x2,2000,0.114,Black
Western Digital My Book,259.99,Desktop,USB Type-A 3.2 Gen 2,14000,0.019,Black
Western Digital My Book Duo,484.99,Desktop,"USB Type-A 3.2 Gen 1, USB Type-C 3.2 Gen 1",16000,0.03,Black
Toshiba Canvio Basics 3.0,101,Portable,,2000,0.05,
Samsung T7 Shield,167.2,Portable,USB Type-C 3.2 Gen 2,2000,0.084,Black
Western Digital Elements Portable,99.99,Portable,USB Type-A 3.2 Gen 1,4000,0.025,Black
Seagate Expansion,369.99,Desktop,USB Type-A 3.2 Gen 1,16000,0.023,Black
Seagate One Touch,129.99,Portable,USB Type-A 3.2 Gen 1,5000,0.026,Black
Crucial X9 Pro,259.99,Portable,USB Type-C 3.2 Gen 2,4000,0.065,Silver
Seagate Expansion,,Desktop,USB Type-A 3.2 Gen 1,10000,,Black
Seagate Backup Plus,,Portable,USB Type-A 3.2 Gen 1,2000,,
Samsung T5,456.29,Portable,USB Type-C 3.2 Gen 1,2000,0.228,Black
Western Digital easystore,239.99,Desktop,"USB Type-A 2.0, USB Type-A 3.2 Gen 1",16000,0.015,Black
Samsung T7 Portable,160.56,Portable,USB Type-C 3.2 Gen 2,2000,0.08,Black
Western Digital My Book,139.99,Desktop,USB Type-A 3.2 Gen 1,6000,0.023,Black
Western Digital My Book Duo,879.99,Desktop,"USB Type-A 3.2 Gen 1, USB Type-C 3.2 Gen 1",28000,0.031,Black
Asus FX HDD,,Portable,USB Type-A 3.2 Gen 2,2000,,Black
Seagate Barracuda Fast,,Portable,USB Type-C,2000,,Black
Sabrent Rocket Nano V2,449.99,Portable,USB Type-C 3.2 Gen 2x2,4000,0.112,Black
Apricorn Aegis Fortress L3,712.14,Portable,"USB Type-A 3.2 Gen 1, USB Type-C 3.2 Gen 1",2000,0.356,Black
Crucial X6,219.99,Portable,USB Type-C 3.2 Gen 2,4000,0.055,Black
Western Digital My Passport Ultra Portable,149.99,Portable,USB Type-A 3.2 Gen 1,2000,0.075,
Western Digital My Book,116.99,Desktop,USB Type-A 3.2 Gen 1,4000,0.029,Black
Western Digital My Book,179,Desktop,USB Type-A 3.2 Gen 1,2000,0.089,
Western Digital My Passport,134.99,Portable,USB Type-A 3.2 Gen 1,5000,0.027,White
Kingston XS2000,314.99,Portable,USB Type-C 3.2 Gen 2x2,4000,0.079,Silver
Seagate One Touch,359.99,Desktop,USB Type-A 3.2 Gen 1,14000,0.026,Black
Western Digital easystore,279.99,Desktop,USB Type-A 3.2 Gen 1,12000,0.023,
Apricorn Aegis Padlock DT,1279,Desktop,USB Type-A 3.2 Gen 1,22000,0.058,Black
Western Digital My Passport,79.98,Portable,USB Type-A 3.2 Gen 1,2000,0.04,Red
Toshiba Canvio Desk,,Desktop,USB Type-A 3.2 Gen 1,4000,,
Apricorn Padlock DT FIPS,989.75,Desktop,USB Type-A 3.2 Gen 1,18000,0.055,Black
Silicon Power Bolt B75 Pro,215.99,Portable,USB Type-C 3.2 Gen 2,4000,0.054,Black
Crucial X8,146.31,Portable,"USB Type-A 3.2 Gen 1, USB Type-C 3.2 Gen 2",2000,0.073,Black
Corsair EX100U,154.99,Portable,USB Type-C 3.2 Gen 2x2,2000,0.077,Black
Western Digital My Book,232.64,Desktop,USB Type-A 3.2 Gen 2,12000,0.019,Black
Samsung T9 Portable,119.99,Portable,USB Type-C 3.2 Gen 2x2,1000,0.12,Black
Western Digital ELEMENTS,,Portable,USB Type-A 3.2 Gen 1,1000,,
Western Digital My Book,179.99,Desktop,USB Type-A 3.2 Gen 1,4000,0.045,
LaCie 5big,,Desktop,Thunderbolt,25000,,
Seagate Backup Plus,249.95,Desktop,USB Type-A 3.2 Gen 1,8000,0.031,
Seagate Expansion,209.95,Desktop,USB Type-A 3.2 Gen 1,5000,0.042,
Western Digital My Book Duo,419.99,Desktop,"USB Type-A 3.2 Gen 1, USB Type-C 3.2 Gen 1",4000,0.105,Black
Seagate Backup Plus Slim,127.23,Portable,USB Type-A 3.2 Gen 1,2000,0.064,
Seagate Expansion,,Portable,USB Type-A 3.2 Gen 1,5000,,Black
Seagate One Touch,197,Portable,"USB Type-A 3.2 Gen 2, USB Type-C 3.2 Gen 2",2000,0.098,Black
Kingston XS1000,84.99,Portable,USB Type-C 3.2 Gen 2,1000,0.085,Black
Samsung T5 EVO Portable,279.99,Portable,USB Type-C 3.2 Gen 1,4000,0.07,Black
Western Digital ELEMENTS,129.99,Desktop,USB Type-A 3.2 Gen 1,6000,0.022,Black
Crucial X10 Pro,166.49,Portable,USB Type-C 3.2 Gen 2x2,2000,0.083,Black
Seagate One Touch,159.99,Desktop,USB Type-A 3.2 Gen 1,6000,0.027,Black
Samsung T7 Portable,89,Portable,USB Type-C 3.2 Gen 1,1000,0.089,Blue / Silver
Samsung T7 Portable,79.99,Portable,USB Type-C 3.2 Gen 1,500,0.16,Black / Silver
Samsung T7 Shield,109.99,Portable,USB Type-C 3.2 Gen 2,1000,0.11,Beige
Verbatim Vx460,,Portable,USB Type-A 3.2 Gen 1,512,,Black
Seagate Backup Plus,129.99,Portable,USB Type-A 3.2 Gen 1,1000,0.13,
Seagate Barracuda Fast,305,Portable,USB Type-C,1000,0.305,Black
Western Digital My Book,159.99,Desktop,USB Type-A 3.2 Gen 1,3000,0.053,
Seagate Expansion,199.5,Desktop,USB Type-A 3.2 Gen 1,8000,0.025,
Seagate STEB6000403,139.99,Desktop,USB Type-A 3.2 Gen 1,6000,0.023,Black
Seagate Expansion,,Portable,USB Type-A 3.2 Gen 1,1000,,
Western Digital My Passport,169,Portable,USB Type-A 3.2 Gen 1,4000,0.042,Black
Seagate Game Drive Xbox GamePass Edition,229.99,Portable,USB Type-A 3.2 Gen 1,4000,0.057,White
Western Digital My Passport,119.99,Portable,USB Type-A 3.2 Gen 1,4000,0.03,Blue
SanDisk G-DRIVE ArmorLock,,Portable,USB Type-C 3.2 Gen 1,4000,,Black / Yellow
Samsung T7 Shield,179,Portable,USB Type-C 3.2 Gen 2,2000,0.089,Blue
Samsung T7 Shield,99.82,Portable,USB Type-C 3.2 Gen 2,1000,0.1,Blue
Samsung T5 EVO Portable,149.99,Portable,USB Type-C 3.2 Gen 1,2000,0.075,Black
Crucial X8,,Portable,"USB Type-A 3.2 Gen 1, USB Type-C 3.2 Gen 2",1000,,Black
Western Digital My Book Essential,199.99,Desktop,USB Type-A 3.2 Gen 1,1000,0.2,
Silicon Power Bolt B75 Pro,,Portable,USB Type-C 3.2 Gen 2,2000,,Black
Crucial X9 Pro,89.99,Portable,USB Type-C 3.2 Gen 2,1000,0.09,Silver
Silicon Power PC60,,Portable,USB Type-C 3.2 Gen 2,256,,Black
Crucial X10 Pro,104.99,Portable,USB Type-C 3.2 Gen 2x2,1000,0.105,Black
Apricorn Padlock SSD,1126.23,Portable,USB Type-A 3.2 Gen 1,4000,0.282,Black
Western Digital ELEMENTS,129.99,Desktop,USB Type-A 3.2 Gen 1,4000,0.032,
Samsung T5,224,Portable,USB Type-C 3.2 Gen 1,500,0.448,
Western Digital My Passport,79.98,Portable,USB Type-A 3.2 Gen 1,2000,0.04,Blue
Western Digital My Passport,119.99,Portable,USB Type-A 3.2 Gen 1,4000,0.03,Red
Seagate One Touch,239.95,Portable,"USB Type-A 3.2 Gen 2, USB Type-C 3.2 Gen 2",2000,0.12,Blue
Apricorn Aegis Fortress L3,2799,Portable,"USB Type-A 3.2 Gen 1, USB Type-C 3.2 Gen 1",8000,0.35,Black
Seagate Backup Plus,229.95,Desktop,USB Type-A 3.2 Gen 1,6000,0.038,
Seagate Backup Plus,,Desktop,USB Type-A 3.2 Gen 1,3000,,
Western Digital easystore,,Desktop,USB Type-A 3.2 Gen 2,10000,,Black
Transcend StoreJet,90.45,Portable,USB Type-A 3.2 Gen 1,2000,0.045,
Asus FX HDD,,Portable,USB Type-A 3.2 Gen 2,1000,,Black
Sabrent ROCKET XTRM,,Portable,Thunderbolt,4000,,Silver
Seagate Expansion,,Portable,USB Type-C 3.2 Gen 1,2000,,Black
Seagate Backup Plus Portable,119,Portable,USB Type-A 3.2 Gen 1,5000,0.024,Black
Seagate One Touch,319.99,Desktop,USB Type-A 3.2 Gen 1,12000,0.027,Black
Crucial X9,74.98,Portable,USB Type-C 3.2 Gen 2,1000,0.075,Black
Samsung T7 Portable,174.99,Portable,USB Type-C 3.2 Gen 1,2000,0.087,Red / Silver
Buffalo Technology DriveStation Axis Velocity,79.98,Desktop,USB Type-A 3.2 Gen 1,2000,0.04,
Samsung T7 Portable,99.99,Portable,USB Type-C 3.2 Gen 1,1000,0.1,Red / Silver
Seagate One Touch,299.99,Desktop,USB Type-A 3.2 Gen 1,10000,0.03,Black
Sabrent Rocket Pro,69.98,Portable,USB Type-C 3.2 Gen 2,512,0.137,Silver
Western Digital ELEMENTS,249.78,Desktop,USB Type-A 3.2 Gen 1,5000,0.05,
Apricorn ASSD-3PL256-120F,,Desktop,USB Type-A 2.0,120,,
Seagate Backup Plus Hub,699.99,Desktop,USB Type-A 3.2 Gen 1,14000,0.05,Black
Apricorn Aegis Padlock,461,Portable,USB Type-A 3.2 Gen 1,128,3.602,
SanDisk Extreme 900,89.99,Portable,USB Type-A 3.2 Gen 2,960,0.094,
Western Digital My Passport,67.99,Portable,USB Type-A 3.2 Gen 1,1000,0.068,Red
Western Digital My Passport,124.99,Portable,USB Type-A 3.2 Gen 1,4000,0.031,White
Seagate One Touch,64.99,Portable,"USB Type-A 3.2 Gen 2, USB Type-C 3.2 Gen 2",500,0.13,Black
Seagate One Touch,,Portable,USB Type-A 3.2 Gen 1,1000,,Blue
Kingston XS2000,114.99,Portable,USB Type-C 3.2 Gen 2x2,1000,0.115,Silver
Buffalo Technology DriveStation Combo 4,,Desktop,"IEEE 1394A 6-Pin, IEEE 1394B 9-Pin, eSATA 3.0 Gb/s, USB Type-A 2.0",2000,,
Buffalo Technology DriveStation Axis Velocity,,Desktop,USB Type-A 3.2 Gen 1,3000,,
Western Digital ELEMENTS,,Desktop,USB Type-A 3.2 Gen 1,2000,,
Toshiba Canvio Desk,,Desktop,USB Type-A 3.2 Gen 1,3000,,
Seagate Expansion,,Desktop,USB Type-A 3.2 Gen 1,2000,,
Western Digital My Book,,Desktop,USB Type-A 3.2 Gen 1,10000,,Black
Seagate Expansion,,Desktop,USB Type-A 3.2 Gen 1,14000,,Black
Western Digital My Passport Air,,Portable,USB Type-A 3.2 Gen 1,500,,
Western Digital My Passport Studio,,Portable,"IEEE 1394B 9-Pin, USB Type-A 2.0",1000,,
Western Digital My Passport,,Portable,USB Type-A 3.2 Gen 1,2000,,
Toshiba Canvio Basics 3.0,,Portable,USB Type-A 3.2 Gen 1,2000,,
Toshiba Canvio Connect,,Portable,USB Type-A 3.2 Gen 1,500,,
ADATA DashDrive Durable HD650,79.05,Portable,USB Type-A 3.2 Gen 1,1000,0.079,
ADATA DashDrive SE720,,Portable,USB Type-A 3.2 Gen 1,128,,
Seagate Backup Plus Ultra Touch,106.63,Portable,USB Type-A 3.2 Gen 1,2000,0.053,Black
Western Digital My Passport,67.99,Portable,USB Type-A 3.2 Gen 1,1000,0.068,Blue
Seagate One Touch,149.99,Portable,USB Type-A 3.2 Gen 1,4000,0.037,Blue
Western Digital My Passport For Mac,,Portable,"USB Type-A 3.2 Gen 1, USB Type-C 3.2 Gen 1",1000,,Black
Verbatim Vx460,,Portable,USB Type-A 3.2 Gen 1,256,,Black
Toshiba Canvio Connect II,120.5,Portable,USB Type-A 3.2 Gen 1,1000,0.121,Black
Seagate Expansion,192.73,Portable,USB Type-C 3.2 Gen 1,1000,0.193,Black
Silicon Power Bolt B75,59.52,Portable,USB Type-C 3.2 Gen 1,480,0.124,Silver
Apricorn Aegis Fortress L3,1189.99,Portable,"USB Type-A 3.2 Gen 1, USB Type-C 3.2 Gen 1",4000,0.297,Black
Apricorn Aegis Padlock 3.0,4949,Portable,USB Type-A 3.2 Gen 1,16000,0.309,Black
Sabrent Rocket Pro,49.99,Portable,USB Type-C 3.2 Gen 2,256,0.195,Silver
Silicon Power Bolt B75 Pro,74.79,Portable,USB Type-C 3.2 Gen 2,1000,0.075,Black
SanDisk Extreme Portable V2,83.99,Portable,USB Type-C 3.2 Gen 1,500,0.168,Black / Orange
Western Digital My Passport,79.99,Portable,USB Type-A 3.2 Gen 1,2000,0.04,White
Kingston XS2000,69.98,Portable,USB Type-C 3.2 Gen 2x2,500,0.14,Silver
Samsung T7 Shield,185.41,Portable,USB Type-C 3.2 Gen 2,2000,0.093,Beige
Seagate One Touch,99.39,Portable,USB Type-A 3.2 Gen 1,2000,0.05,Gray
KIOXIA EXCERIA PLUS,198.9,Portable,USB Type-C 3.2 Gen 2,2000,0.099,Gray
Seagate Expansion,,Desktop,USB Type-A 3.2 Gen 1,4000,,
Samsung T7 Portable,,Portable,USB Type-C 3.2 Gen 2,500,,Black
KIOXIA EXCERIA PLUS,,Portable,USB Type-C 3.2 Gen 2,1000,,Gray
LaCie Rugged Mini,99.99,Portable,USB Type-A 3.2 Gen 1,2000,0.05,Orange / Silver
Sabrent Rocket Nano V2,109.99,Portable,USB Type-C 3.2 Gen 2x2,1000,0.11,Black
Sabrent Rocket Nano,169.99,Portable,USB Type-C 3.2 Gen 2,1000,0.17,Pink
Buffalo Technology DriveStation,,Desktop,USB Type-A 3.2 Gen 1,3000,,
LaCie d2 Quadra,,Desktop,"IEEE 1394B 9-Pin, eSATA 3.0 Gb/s, USB Type-A 3.2 Gen 1",2000,,
Western Digital ELEMENTS,,Desktop,USB Type-A 3.2 Gen 1,3000,,
LaCie Little Big Disk,,Desktop,Thunderbolt,1000,,
LaCie 4big Quadra,,Desktop,"IEEE 1394B 9-Pin, USB Type-A 3.2 Gen 1",8000,,
LaCie d2,,Desktop,"Thunderbolt, USB Type-A 3.2 Gen 1",4000,,
Samsung D3 Station,,Desktop,USB Type-A 3.2 Gen 1,2000,,
Samsung D3 Station,,Desktop,USB Type-A 3.2 Gen 1,5000,,
Samsung D3 Station,,Desktop,USB Type-A 3.2 Gen 1,6000,,
Seagate FreeAgent GoFlex Desk,,Desktop,USB Type-A 2.0,1000,,
Seagate Expansion,,Desktop,USB Type-A 3.2 Gen 1,5000,,
Seagate Backup Plus,258.09,Desktop,USB Type-A 3.2 Gen 1,2000,0.129,
Seagate Backup Plus,219.99,Desktop,USB Type-A 3.2 Gen 1,3000,0.073,
Seagate Backup Plus,139.99,Desktop,USB Type-A 3.2 Gen 1,5000,0.028,
Axiom USB3HD35S3TB-AX,,Desktop,USB Type-A 3.2 Gen 1,3000,,
Transcend StoreJet 35T3,,Desktop,USB Type-A 3.2 Gen 1,2000,,
Toshiba Canvio Desk,,Desktop,USB Type-A 3.2 Gen 1,2000,,
Toshiba Canvio Desk,,Desktop,USB Type-A 3.2 Gen 1,5000,,
Western Digital My Book,177.98,Desktop,USB Type-A 3.2 Gen 1,6000,0.03,
Seagate Backup Plus Hub,389.99,Desktop,USB Type-A 3.2 Gen 1,10000,0.039,Black
Western Digital My Book Duo,998,Desktop,"USB Type-A 3.2 Gen 1, USB Type-C 3.2 Gen 1",8000,0.125,Black
Verbatim 99399,,Desktop,USB Type-A 3.2 Gen 1,4000,,Black
Apricorn Padlock DT FIPS,202.09,Desktop,USB Type-A 3.2 Gen 1,2000,0.101,Black
Apricorn Padlock DT FIPS,473.42,Desktop,USB Type-A 3.2 Gen 1,6000,0.079,Black
Apricorn Padlock DT FIPS,783.99,Desktop,USB Type-A 3.2 Gen 1,12000,0.065,Black
Apricorn Padlock DT FIPS,885.51,Desktop,USB Type-A 3.2 Gen 1,16000,0.055,Black
Apricorn Padlock DT FIPS,1023.4,Desktop,USB Type-A 3.2 Gen 1,20000,0.051,Black
Apricorn Aegis Padlock DT,871.16,Desktop,USB Type-A 3.2 Gen 1,16000,0.054,Black
Apricorn Aegis Padlock DT,1179,Desktop,USB Type-A 3.2 Gen 1,20000,0.059,Black
Western Digital My Passport Studio,,Portable,"IEEE 1394B 9-Pin, USB Type-A 2.0",2000,,
Western Digital ELEMENTS,,Portable,USB Type-A 3.2 Gen 1,1500,,
LaCie Rugged,,Portable,"Thunderbolt, USB Type-A 3.2 Gen 1",256,,
Samsung P3 Portable,,Portable,USB Type-A 3.2 Gen 1,2000,,
Seagate Backup Plus Slim,,Portable,USB Type-A 3.2 Gen 1,2000,,
Seagate Backup Plus Slim,,Portable,USB Type-A 3.2 Gen 1,2000,,
Hitachi HGST Touro Mobile,,Portable,USB Type-A 3.2 Gen 1,500,,
ADATA AHV620-2TU3-CBK,159.66,Portable,USB Type-A 3.2 Gen 1,2000,0.08,
ADATA AHV620-500GU3-CBK,,Portable,USB Type-A 3.2 Gen 1,500,,
Toshiba Canvio Slim II,101,Portable,USB Type-A 3.2 Gen 1,1000,0.101,
Toshiba Canvio Slim II,106,Portable,,1000,0.106,
Transcend StoreJet,74.51,Portable,USB Type-A 3.2 Gen 1,1000,0.075,
Western Digital My Passport,,Portable,USB Type-A 3.2 Gen 1,2000,,
SanDisk Extreme 900,,Portable,USB Type-A 3.2 Gen 2,1920,,
Seagate Backup Plus,,Portable,USB Type-A 3.2 Gen 1,4000,,
Seagate STDR5000100,,Portable,,5000,,
Samsung T5,189.99,Portable,USB Type-C 3.2 Gen 1,250,0.76,Blue
Seagate Backup Plus Portable,,Portable,USB Type-A 3.2 Gen 1,5000,,Blue
Apricorn Aegis Padlock Fortress,251.29,Portable,USB Type-A 3.2 Gen 1,2000,0.126,Black
Apricorn Apricorn Aegis Padlock,,Portable,USB Type-A 3.2 Gen 1,128,,Black
Seagate Backup Plus Portable,184.49,Portable,USB Type-A 3.2 Gen 1,4000,0.046,Blue / White
Seagate Backup Plus Portable,,Portable,USB Type-A 3.2 Gen 1,5000,,Blue / White
Buslink DL-4TSDU31G2,623.79,Portable,USB Type-A 3.2 Gen 2,4000,0.156,Black
Seagate Backup Plus Portable,,Portable,USB Type-A 3.2 Gen 1,5000,,Black
Western Digital My Passport Ultra,,Portable,USB Type-A 3.2 Gen 2,3000,,White
Samsung T7 Portable,142.06,Portable,USB Type-C 3.2 Gen 2,1000,0.142,Black
Samsung T7 Portable,118.86,Portable,USB Type-C 3.2 Gen 2,500,0.238,Silver
Samsung T7 Portable,,Portable,USB Type-C 3.2 Gen 2,2000,,Silver
Samsung T5 Portable,,Portable,USB Type-C 3.2 Gen 2,500,,Red
Samsung T3 Portable,,Portable,USB Type-C 3.2 Gen 1,250,,
Seagate One Touch,,Portable,USB Type-A 3.2 Gen 1,1000,,Gray
Seagate One Touch,,Portable,USB Type-A 3.2 Gen 1,5000,,Blue
Seagate One Touch,189,Portable,USB Type-A 3.2 Gen 1,5000,0.038,Red
Seagate Barracuda Fast,,Portable,USB Type-C,500,,Black
Silicon Power PC60,68.44,Portable,USB Type-C 3.2 Gen 2,240,0.285,Black
Apricorn Aegis Fortress L3,227.99,Portable,"USB Type-A 3.2 Gen 1, USB Type-C 3.2 Gen 1",500,0.456,Black
Apricorn Aegis Fortress L3,,Portable,"USB Type-A 3.2 Gen 1, USB Type-C 3.2 Gen 1",512,,Black
Apricorn NVX,529.99,Portable,USB Type-C 3.2 Gen 2,1000,0.53,Black
Apricorn Aegis Fortress,2769,Portable,USB Type-A 3.2 Gen 1,8000,0.346,Black
Apricorn Padlock SSD,604.99,Portable,USB Type-A 3.2 Gen 1,2000,0.302,Black
Sabrent Rocket Nano,,Portable,USB Type-C 3.2 Gen 2,1000,,Black
Sabrent Rocket XTRM-Q,,Portable,USB Type-C 3.2 Gen 2,500,,Black
Sabrent Rocket Pro,,Portable,USB Type-C 3.2 Gen 2,1000,,Silver
TEAMGROUP PD20M Mag,,Portable,USB Type-C 3.2 Gen 2,2000,,Black
Seagate One Touch,124.99,Desktop,USB Type-A 3.2 Gen 1,4000,0.031,Black
Samsung T7 Portable,75,Portable,USB Type-C 3.2 Gen 1,500,0.15,Blue / Silver
Sabrent Rocket Nano Rugged,149.99,Portable,USB Type-C 3.2 Gen 2,2000,0.075,Silver
Transcend StoreJet,59.99,Portable,USB Type-A 3.2 Gen 1,1000,0.06,
Seagate Backup Plus Ultra Touch,,Portable,USB Type-A 3.2 Gen 1,1000,,White
Samsung T7 Portable,158.66,Portable,USB Type-C 3.2 Gen 1,2000,0.079,Blue / Silver
Silicon Power PC60,147.7,Portable,USB Type-C 3.2 Gen 2,2000,0.074,Black
Silicon Power PC60,91.01,Portable,USB Type-C 3.2 Gen 2,1000,0.091,Black
Western Digital easystore,149.99,Desktop,"USB Type-A 2.0, USB Type-A 3.2 Gen 1",8000,0.019,Black
LaCie Rugged Mini,84.99,Portable,USB Type-A 3.2 Gen 1,1000,0.085,
Western Digital My Passport Slim,,Portable,USB Type-A 3.2 Gen 1,1000,,
ADATA SD700,,Portable,USB Type-A 3.2 Gen 1,1000,,
Seagate Backup Plus Ultra Touch,,Portable,USB Type-A 3.2 Gen 1,2000,,White
Western Digital My Passport,134.99,Portable,USB Type-A 3.2 Gen 1,5000,0.027,Blue
Seagate One Touch,112.59,Portable,"USB Type-A 3.2 Gen 2, USB Type-C 3.2 Gen 2",1000,0.113,Blue
Seagate One Touch,92.99,Portable,"USB Type-A 3.2 Gen 2, USB Type-C 3.2 Gen 2",1000,0.093,Black
Seagate One Touch,101,Portable,USB Type-A 3.2 Gen 1,1000,0.101,Silver
Seagate One Touch,114.99,Portable,USB Type-A 3.2 Gen 1,2000,0.057,
KIOXIA EXCERIA PLUS,81.48,Portable,USB Type-C 3.2 Gen 2,500,0.163,Gray
Silicon Power PC60,,Portable,USB Type-C 3.2 Gen 2,4000,,Black
Apricorn Aegis Fortress L3,394.34,Portable,"USB Type-A 3.2 Gen 1, USB Type-C 3.2 Gen 1",4000,0.099,Black
Apricorn Aegis Fortress L3,428.04,Portable,"USB Type-A 3.2 Gen 1, USB Type-C 3.2 Gen 1",1000,0.428,Black
Sabrent Rocket Nano,98.42,Portable,USB Type-C 3.2 Gen 2,512,0.192,Pink
Sabrent Rocket Nano,169.99,Portable,USB Type-C 3.2 Gen 2,1000,0.17,Red
Sabrent Rocket Nano,322.64,Portable,USB Type-C 3.2 Gen 2,2000,0.161,Red
Sabrent Rocket nano XTRM,169.99,Portable,USB Type-C 3.2 Gen 2,1000,0.17,Black
Buffalo Technology DriveStation Axis,,Desktop,USB Type-A 3.2 Gen 1,1000,,
Buffalo Technology DriveStation,,Desktop,USB Type-A 3.2 Gen 1,2000,,
Buffalo Technology DriveStation,,Desktop,"IEEE 1394A 6-Pin, IEEE 1394B 9-Pin, eSATA 3.0 Gb/s, USB Type-A 2.0",1000,,
Buffalo Technology DriveStation,,Desktop,USB Type-A 3.2 Gen 1,4000,,
Buffalo Technology DriveStation Axis Velocity,,Desktop,USB Type-A 3.2 Gen 1,1000,,
Buffalo Technology DriveStation Duo,,Desktop,USB Type-A 3.2 Gen 1,2000,,
Buffalo Technology DriveStation Duo,,Desktop,USB Type-A 3.2 Gen 1,4000,,
Buffalo Technology DriveStation Duo,,Desktop,USB Type-A 3.2 Gen 1,6000,,
Buffalo Technology DriveStation Duo,,Desktop,USB Type-A 3.2 Gen 1,8000,,
Buffalo Technology DriveStation,,Desktop,Thunderbolt,1000,,
Buffalo Technology DriveStation,,Desktop,Thunderbolt,256,,
Buffalo Technology DriveStation,,Desktop,Thunderbolt,512,,
LaCie d2 Quadra,,Desktop,"IEEE 1394B 9-Pin, eSATA 3.0 Gb/s, USB Type-A 3.2 Gen 1",3000,,
LaCie Minimus,,Desktop,USB Type-A 3.2 Gen 1,2000,,
LaCie Blade Runner,,Desktop,USB Type-A 3.2 Gen 1,4000,,
Western Digital My Book Studio,,Desktop,"IEEE 1394B 9-Pin, USB Type-A 2.0",2000,,
Western Digital My Book Studio,,Desktop,"IEEE 1394B 9-Pin, USB Type-A 2.0",3000,,
Western Digital My Book,,Desktop,USB Type-A 3.2 Gen 1,3000,,
Western Digital My Book Studio,,Desktop,USB Type-A 3.2 Gen 1,4000,,
Western Digital My Book Thunderbolt Duo,,Desktop,Thunderbolt,4000,,
Western Digital My Book for Mac,,Desktop,USB Type-A 3.2 Gen 1,2000,,
Western Digital My Book for Mac,,Desktop,USB Type-A 3.2 Gen 1,3000,,
LaCie d2,,Desktop,"Thunderbolt, USB Type-A 3.2 Gen 1",4000,,
LaCie 2big Quadra,,Desktop,"IEEE 1394B 9-Pin, USB Type-A 3.2 Gen 1",4000,,
LaCie 4big Quadra,,Desktop,"IEEE 1394B 9-Pin, USB Type-A 3.2 Gen 1",16000,,
LaCie 4big Quadra,,Desktop,"IEEE 1394B 9-Pin, USB Type-A 3.2 Gen 1",12000,,
LaCie d2,,Desktop,"Thunderbolt, USB Type-A 3.2 Gen 1",3000,,
LaCie 2big Quadra,,Desktop,"IEEE 1394B 9-Pin, USB Type-A 3.2 Gen 1",6000,,
LaCie Porsche Design,,Desktop,USB Type-A 3.2 Gen 1,4000,,
LaCie d2,,Desktop,"Thunderbolt, USB Type-A 3.2 Gen 1",5000,,
LaCie d2,,Desktop,"Thunderbolt, USB Type-A 3.2 Gen 1",6000,,
LaCie Minimus,,Desktop,USB Type-A 3.2 Gen 1,3000,,
LaCie 2big,,Desktop,Thunderbolt,10000,,
LaCie d2 Quadra,,Desktop,"IEEE 1394B 9-Pin, eSATA 3.0 Gb/s, USB Type-A 3.2 Gen 1",5000,,
LaCie d2,,Desktop,"Thunderbolt, USB Type-A 3.2 Gen 1",3000,,
Samsung D3 Station,,Desktop,USB Type-A 3.2 Gen 1,2000,,
Samsung D3 Station,,Desktop,USB Type-A 3.2 Gen 1,3000,,
Samsung D3 Station,,Desktop,,4000,,
Samsung D3 Station,,Desktop,USB Type-A 3.2 Gen 1,3000,,
Samsung D3 Station,,Desktop,USB Type-A 3.2 Gen 1,4000,,
Seagate Backup Plus,278.49,Desktop,USB Type-A 3.2 Gen 1,4000,0.07,
Hitachi HGST Touro Desk,,Desktop,USB Type-A 3.2 Gen 1,4000,,
Hitachi HGST Touro Desk Pro,,Desktop,USB Type-A 3.2 Gen 1,4000,,
Apricorn Aegis Padlock DT,,Desktop,USB Type-A 3.2 Gen 1,2000,,
Apricorn Aegis Padlock DT,,Desktop,USB Type-A 3.2 Gen 1,1000,,
Apricorn Aegis Padlock DT,175.99,Desktop,USB Type-A 3.2 Gen 1,2000,0.088,Black
Axiom USB3HD35S1TB-AX,,Desktop,USB Type-A 3.2 Gen 1,1000,,
Axiom USB3HD35S250-AX,,Desktop,,250,,
Axiom USB3HD35S2TB-AX,,Desktop,USB Type-A 3.2 Gen 1,2000,,
Axiom USB3HD35S500-AX,,Desktop,,500,,
Buslink CRF-2T-U2,,Desktop,USB Type-A 2.0,2000,,
Buslink CSC-1T-U2,,Desktop,USB Type-A 2.0,1000,,
Buslink CSC-2T-U3,,Desktop,USB Type-A 3.2 Gen 1,2000,,
Apricorn Aegis Padlock DT,,Desktop,USB Type-A 3.2 Gen 1,1000,,
Imation Apollo Pro UX,,Desktop,USB Type-A 2.0,1000,,
Transcend StoreJet 35T3,,Desktop,USB Type-A 3.2 Gen 1,3000,,
LaCie Porsche Design,,Desktop,USB Type-A 3.2 Gen 1,8000,,
Seagate Expansion,216.65,Desktop,USB Type-A 3.2 Gen 1,3000,0.072,
Buslink CipherShield,,Desktop,USB Type-A 3.2 Gen 1,6000,,
Edge Tech EDGDG-236236-PE,,Desktop,USB Type-A 3.2 Gen 1,4000,,
G-Technology G-DRIVE,,Desktop,"IEEE 1394B 9-Pin, eSATA 6.0 Gb/s, USB Type-A 3.2 Gen 1",2000,,
G-Technology G-DRIVE,,Desktop,"IEEE 1394B 9-Pin, eSATA 6.0 Gb/s, USB Type-A 3.2 Gen 1",3000,,
G-Technology G-DRIVE,,Desktop,"IEEE 1394B 9-Pin, eSATA 6.0 Gb/s, USB Type-A 3.2 Gen 1",4000,,
Western Digital My Book,,Desktop,USB Type-A 3.2 Gen 1,3000,,Black
Western Digital easystore,,Desktop,USB Type-A 3.2 Gen 1,4000,,Black
Western Digital My Book Duo,618.49,Desktop,"USB Type-A 3.2 Gen 1, USB Type-C 3.2 Gen 1",6000,0.103,Black
Western Digital My Book Duo,,Desktop,"USB Type-A 3.2 Gen 1, USB Type-C 3.2 Gen 1",12000,,Black
Western Digital easystore,,Desktop,USB Type-A 3.2 Gen 1,14000,,
LaCie Porsche Design,,Desktop,USB Type-A 3.2 Gen 1,1000,,Silver
LaCie Porsche Design,,Desktop,USB Type-A 3.2 Gen 1,2000,,Silver
Western Digital easystore,,Desktop,"USB Type-A 2.0, USB Type-A 3.2 Gen 1",12000,,Black
Seagate Backup Plus,299.59,Desktop,USB Type-A 3.2 Gen 1,4000,0.075,Black
Koss Kanguru Ultra,,Desktop,USB Type-C,2000,,Black
Apricorn Padlock DT FIPS,329,Desktop,USB Type-A 3.2 Gen 1,4000,0.082,Black
Apricorn Padlock DT FIPS,629,Desktop,USB Type-A 3.2 Gen 1,8000,0.079,Black
Apricorn Aegis Padlock DT,312,Desktop,USB Type-A 3.2 Gen 1,4000,0.078,Black
Apricorn Aegis Padlock DT,437.94,Desktop,USB Type-A 3.2 Gen 1,6000,0.073,Black
Apricorn Aegis Padlock DT,475.59,Desktop,USB Type-A 3.2 Gen 1,8000,0.059,Black
Apricorn Aegis Padlock DT,679.99,Desktop,USB Type-A 3.2 Gen 1,10000,0.068,Black
Apricorn Aegis Padlock DT,752.53,Desktop,USB Type-A 3.2 Gen 1,12000,0.063,Black
Apricorn Aegis Padlock DT,1079,Desktop,USB Type-A 3.2 Gen 1,18000,0.06,Black
ADATA DashDrive,,Portable,USB Type-A 3.2 Gen 1,1000,,
Buffalo Technology MiniStation,,Portable,USB Type-A 3.2 Gen 1,1000,,
Buffalo Technology MiniStation,,Portable,USB Type-A 3.2 Gen 1,2000,,
Buffalo Technology MiniStation,,Portable,USB Type-A 3.2 Gen 1,500,,
Buffalo Technology MiniStation Extreme,,Portable,USB Type-A 3.2 Gen 1,1000,,
Buffalo Technology MiniStation Extreme,,Portable,USB Type-A 3.2 Gen 1,1000,,
Buffalo Technology MiniStation Extreme,,Portable,USB Type-A 3.2 Gen 1,1000,,
Buffalo Technology MiniStation Extreme,,Portable,USB Type-A 3.2 Gen 1,500,,
Buffalo Technology MiniStation Extreme,,Portable,USB Type-A 3.2 Gen 1,500,,
Buffalo Technology MiniStation Extreme,,Portable,USB Type-A 3.2 Gen 1,500,,
LaCie Rugged Mini,,Portable,USB Type-A 3.2 Gen 1,500,,
LaCie Rugged Mini,,Portable,USB Type-A 3.2 Gen 1,500,,
LaCie Rikiki,,Portable,USB Type-A 3.2 Gen 1,500,,
LaCie Rugged,,Portable,"IEEE 1394B 9-Pin, USB Type-A 3.2 Gen 1",500,,
LaCie Rugged,,Portable,"IEEE 1394B 9-Pin, USB Type-A 3.2 Gen 1",500,,
LaCie Rugged,,Portable,"IEEE 1394B 9-Pin, USB Type-A 3.2 Gen 1",1000,,
LaCie Porsche Design,,Portable,USB Type-A 3.2 Gen 1,500,,
LaCie Porsche Design,,Portable,USB Type-A 3.2 Gen 1,1000,,
Western Digital ELEMENTS,,Portable,USB Type-A 3.2 Gen 1,500,,
Western Digital My Passport Air,,Portable,USB Type-A 3.2 Gen 1,1000,,
LaCie Rugged Mini,,Portable,USB Type-A 3.2 Gen 1,1500,,
LaCie Rugged,,Portable,"Thunderbolt, USB Type-A 3.2 Gen 1",120,,
LaCie Rugged,,Portable,"Thunderbolt, USB Type-A 3.2 Gen 1",1000,,
LaCie Rugged,,Portable,"Thunderbolt, USB Type-A 3.2 Gen 1",2000,,
LaCie Little Big Disk,,Portable,Thunderbolt,512,,
LaCie Porsche Design,,Portable,USB Type-A 3.2 Gen 1,120,,
LaCie Porsche Design,,Portable,,250,,
Verbatim Store 'n' Go,,Portable,USB Type-A 3.2 Gen 1,128,,
Verbatim Store 'n' Go,476.36,Portable,USB Type-A 3.2 Gen 1,256,1.861,
Verbatim Titan XS,123.04,Portable,,1000,0.123,
Verbatim Freecom,,Portable,USB Type-A 3.2 Gen 1,1000,,
Verbatim Freecom,,Portable,USB Type-A 3.2 Gen 1,1000,,
Verbatim 97805,,Portable,USB Type-A 3.2 Gen 1,500,,
Verbatim 97806,,Portable,USB Type-A 3.2 Gen 1,1000,,
Samsung P3,,Portable,USB Type-A 3.2 Gen 1,500,,
Samsung P3,,Portable,USB Type-A 3.2 Gen 1,1000,,
Samsung MU-PS250B/AM,,Portable,USB Type-A 3.2 Gen 1,250,,
Samsung MU-PS500B/AM,,Portable,USB Type-A 3.2 Gen 1,500,,
Seagate GoFlex for Mac,,Portable,Thunderbolt,1000,,
Seagate Backup Plus,,Portable,USB Type-A 3.2 Gen 1,1000,,
Seagate Backup Plus Slim,,Portable,USB Type-A 3.2 Gen 1,2000,,
Seagate Backup Plus Slim,,Portable,USB Type-A 3.2 Gen 1,2000,,
Hitachi GST Touro Mobile Pro,,Portable,USB Type-A 3.2 Gen 1,500,,
Hitachi HGST Touro Mobile,,Portable,USB Type-A 3.2 Gen 1,1000,,
Hitachi HGST Touro Mobile Pro,,Portable,USB Type-A 3.2 Gen 1,1000,,
HP HPHDD2E30500AS1-RBU,,Portable,USB Type-A 3.2 Gen 1,500,,
ADATA CH11,,Portable,USB Type-A 3.2 Gen 1,500,,
ADATA DashDrive Durable HD650,61.26,Portable,USB Type-A 3.2 Gen 1,1000,0.061,
ADATA SH14,,Portable,USB Type-A 3.2 Gen 1,1000,,
Apricorn Aegis Bio,,Portable,USB Type-A 3.2 Gen 1,1000,,
Apricorn Aegis Bio 3.0,,Portable,USB Type-A 3.2 Gen 1,512,,
Apricorn Aegis Padlock,,Portable,USB Type-A 3.2 Gen 1,1000,,
Apricorn Aegis Padlock,,Portable,USB Type-A 3.2 Gen 1,500,,
Apricorn Aegis Padlock Fortress,222.84,Portable,USB Type-A 3.2 Gen 1,1000,0.223,
Apricorn Aegis Padlock Fortress,,Portable,USB Type-A 3.2 Gen 1,500,,
Apricorn Aegis Padlock 3.0,153.88,Portable,USB Type-A 3.2 Gen 1,500,0.308,Black
Apricorn Aegis Padlock Fortress,168.45,Portable,USB Type-A 3.2 Gen 1,500,0.337,
Apricorn Aegis Portable 3.0,,Portable,USB Type-A 3.2 Gen 1,1000,,
Apricorn Aegis Portable 3.0,,Portable,USB Type-A 3.2 Gen 1,500,,
Apricorn Aegis Padlock,,Portable,USB Type-A 2.0,1000,,
Apricorn Aegis Padlock,,Portable,USB Type-A 2.0,1000,,
Apricorn Aegis Padlock,,Portable,USB Type-A 2.0,320,,
Apricorn Aegis Padlock,,Portable,,500,,
Apricorn Aegis Padlock,,Portable,"eSATA 3.0 Gb/s, USB Type-A 2.0",1000,,
Axiom Mobile-D,,Portable,USB Type-A 3.2 Gen 1,1000,,
Axiom Mobile-D,,Portable,USB Type-A 3.2 Gen 1,250,,
Axiom Mobile-D,,Portable,USB Type-A 3.2 Gen 1,320,,
Axiom Mobile-D,,Portable,USB Type-A 3.2 Gen 1,500,,
Axiom Mobile-D,,Portable,USB Type-A 3.2 Gen 1,750,,
Axiom Mobile-D,,Portable,USB Type-A 3.2 Gen 1,250,,
Axiom Mobile-D,,Portable,USB Type-A 3.2 Gen 1,320,,
Axiom Mobile-D,,Portable,USB Type-A 3.2 Gen 1,500,,
Transcend StoreJet,,Portable,USB Type-A 2.0,750,,
Transcend StoreJet,,Portable,USB Type-A 3.2 Gen 1,500,,
Transcend StoreJet,,Portable,USB Type-A 2.0,500,,
Transcend StoreJet,,Portable,USB Type-A 2.0,500,,
Imation Apollo Expert,,Portable,USB Type-A 3.2 Gen 1,1000,,
Toshiba Canvio Connect,,Portable,USB Type-A 3.2 Gen 1,500,,
Toshiba Canvio Connect,,Portable,USB Type-A 3.2 Gen 1,500,,
Toshiba Canvio Connect,,Portable,USB Type-A 3.2 Gen 1,500,,
Toshiba Canvio Connect,,Portable,USB Type-A 3.2 Gen 1,500,,
Toshiba Canvio Connect,,Portable,USB Type-A 3.2 Gen 1,750,,
Toshiba Canvio Connect,,Portable,USB Type-A 3.2 Gen 1,750,,
Toshiba Canvio Connect,,Portable,USB Type-A 3.2 Gen 1,750,,
Toshiba Canvio Connect,,Portable,USB Type-A 3.2 Gen 1,750,,
Toshiba Canvio Connect,,Portable,USB Type-A 3.2 Gen 1,750,,
Toshiba Canvio Connect,,Portable,USB Type-A 3.2 Gen 1,1000,,
Toshiba Canvio Connect,,Portable,USB Type-A 3.2 Gen 1,1000,,
Toshiba Canvio Connect,,Portable,USB Type-A 3.2 Gen 1,1000,,
Toshiba Canvio Connect,,Portable,USB Type-A 3.2 Gen 1,1000,,
Toshiba Canvio Connect,,Portable,USB Type-A 3.2 Gen 1,1000,,
Toshiba Canvio Connect,,Portable,USB Type-A 3.2 Gen 1,1500,,
Toshiba Canvio Connect,,Portable,USB Type-A 3.2 Gen 1,1500,,
Toshiba Canvio Connect,,Portable,USB Type-A 3.2 Gen 1,1500,,
Toshiba Canvio Connect,,Portable,USB Type-A 3.2 Gen 1,1500,,
Toshiba Canvio Connect,,Portable,USB Type-A 3.2 Gen 1,1500,,
Toshiba Canvio Connect,,Portable,USB Type-A 3.2 Gen 1,2000,,
Toshiba Canvio Connect,,Portable,USB Type-A 3.2 Gen 1,2000,,
Toshiba Canvio Connect,,Portable,USB Type-A 3.2 Gen 1,2000,,
Toshiba Canvio Connect,,Portable,USB Type-A 3.2 Gen 1,2000,,
Toshiba Canvio Connect,,Portable,USB Type-A 3.2 Gen 1,2000,,
Toshiba Canvio Slim II,105,Portable,USB Type-A 3.2 Gen 1,1000,0.105,
Lenovo ThinkPad,,Portable,USB Type-A 3.2 Gen 1,750,,
Lenovo ThinkPad,,Portable,USB Type-A 3.2 Gen 1,500,,
Lenovo ThinkPad,395,Portable,USB Type-A 3.2 Gen 1,1000,0.395,
Transcend TS128GESD200K,,Portable,USB Type-A 3.2 Gen 1,128,,
Transcend TS128GSJC10K,,Portable,USB Type-A 3.2 Gen 1,128,,
Samsung T1,,Portable,USB Type-A 3.2 Gen 1,1000,,
Western Digital WDBGPU0010BBK-NESN,69.98,Portable,,1000,0.07,
Apricorn Padlock SSD,186.03,Portable,USB Type-A 3.2 Gen 1,240,0.775,Black
Apricorn Padlock SSD,289.95,Portable,USB Type-A 3.2 Gen 1,480,0.604,Black
SanDisk Extreme 900,,Portable,USB Type-A 3.2 Gen 2,480,,
ADATA SD600,,Portable,USB Type-A 3.2 Gen 1,256,,
ADATA SD600,,Portable,USB Type-A 3.2 Gen 1,256,,
ADATA SD600,,Portable,USB Type-A 3.2 Gen 1,512,,
ADATA SD600,,Portable,USB Type-A 3.2 Gen 1,512,,
ADATA SD700,188.32,Portable,USB Type-A 3.2 Gen 1,256,0.736,
ADATA SD700,,Portable,USB Type-A 3.2 Gen 1,256,,
ADATA SD700,100.93,Portable,USB Type-A 3.2 Gen 1,512,0.197,
ADATA SD700,,Portable,USB Type-A 3.2 Gen 1,512,,
ADATA SE730,,Portable,USB Type-C 3.2 Gen 1,250,,
Seagate Backup Plus Portable,,Portable,USB Type-A 3.2 Gen 1,5000,,Silver
Seagate Backup Plus Portable,,Portable,USB Type-A 3.2 Gen 1,5000,,Black
Buffalo Technology Americas MiniStation,,Portable,USB Type-A 3.2 Gen 1,2000,,Black
Buffalo Technology Americas MiniStation,,Portable,USB Type-A 3.2 Gen 1,1000,,Black
Apricorn Aegis Padlock DT,,Portable,USB Type-A 3.2 Gen 1,14000,,Black
Apricorn Aegis Fortress,294.99,Portable,USB Type-A 3.2 Gen 1,512,0.576,Black
Seagate Backup Plus Ultra Touch,,Portable,USB Type-A 3.2 Gen 1,1000,,Black
Western Digital G-DRIVE Mobile,,Portable,"USB Type-A 2.0, USB Type-C 3.2 Gen 1",4000,,Silver
Western Digital G-DRIVE ev RaW,,Portable,"USB Type-A 2.0, USB Type-A 3.2 Gen 1",2000,,Silver
Western Digital G-DRIVE Mobile,,Portable,USB Type-C 3.2 Gen 1,2000,,Silver
Western Digital G-DRIVE Mobile,,Portable,USB Type-C 3.2 Gen 1,2000,,Silver
Western Digital G-DRIVE Mobile,,Portable,USB Type-C 3.2 Gen 1,1000,,Silver
Western Digital My Passport,67.99,Portable,USB Type-A 3.2 Gen 1,1000,0.068,White
Western Digital My Passport,128.82,Portable,USB Type-A 3.2 Gen 1,5000,0.026,Red
Apacer AS722,,Portable,USB Type-C 3.2 Gen 1,512,,Black
Apacer AS722,,Portable,USB Type-C 3.2 Gen 1,1000,,Black
Apacer AS721,,Portable,USB Type-C 3.2 Gen 1,250,,Black
Apacer AS721,,Portable,USB Type-C 3.2 Gen 1,500,,Black
Apacer AS721,,Portable,USB Type-C 3.2 Gen 1,1000,,Black
SanDisk G-DRIVE ArmorLock,,Portable,USB Type-C 3.2 Gen 1,1000,,Black / Yellow
SanDisk G-DRIVE ArmorLock,189.99,Portable,USB Type-C 3.2 Gen 1,2000,0.095,Black / Yellow
Samsung T7 Portable,209.29,Portable,USB Type-C 3.2 Gen 2,1000,0.209,Silver
Samsung T5 Portable,,Portable,USB Type-C 3.2 Gen 2,1000,,Red
Samsung T5 Portable,,Portable,USB Type-C 3.2 Gen 2,500,,Gold
Samsung T5 Portable,,Portable,USB Type-C 3.2 Gen 2,1000,,Gold
Samsung T3 Portable,,Portable,USB Type-C 3.2 Gen 1,1000,,
Samsung T3 Portable,,Portable,USB Type-C 3.2 Gen 1,500,,
Samsung T3 Portable,449,Portable,USB Type-C 3.2 Gen 1,2000,0.225,
Seagate One Touch,189.99,Portable,"USB Type-A 3.2 Gen 2, USB Type-C 3.2 Gen 2",2000,0.095,Silver
Seagate One Touch,102.18,Portable,"USB Type-A 3.2 Gen 2, USB Type-C 3.2 Gen 2",1000,0.102,Silver
Seagate One Touch,,Portable,"USB Type-A 3.2 Gen 2, USB Type-C 3.2 Gen 2",500,,Blue
Seagate One Touch,,Portable,"USB Type-A 3.2 Gen 2, USB Type-C 3.2 Gen 2",500,,Silver
Seagate One Touch,,Portable,USB Type-A 3.2 Gen 1,1000,,Red
Seagate One Touch,110,Portable,USB Type-A 3.2 Gen 1,2000,0.055,Silver
Seagate One Touch,,Portable,USB Type-A 3.2 Gen 1,2000,,Blue
Seagate One Touch,119,Portable,USB Type-A 3.2 Gen 1,2000,0.06,Red
Seagate One Touch,149,Portable,USB Type-A 3.2 Gen 1,4000,0.037,Silver
Seagate One Touch,,Portable,USB Type-A 3.2 Gen 1,4000,,Red
Seagate One Touch,,Portable,USB Type-A 3.2 Gen 1,4000,,Gray
Seagate One Touch,,Portable,USB Type-A 3.2 Gen 1,5000,,Gray
Crucial X8,,Portable,"USB Type-A 3.2 Gen 1, USB Type-C 3.2 Gen 2",500,,Black
Sabrent Rocket Nano V2,199.99,Portable,USB Type-C 3.2 Gen 2x2,2000,0.1,Black
Kingston XS2000,192.99,Portable,USB Type-C 3.2 Gen 2x2,2000,0.096,Silver
Seagate Expansion,,Portable,USB Type-C 3.2 Gen 1,500,,Black
Silicon Power PC60,,Portable,USB Type-C 3.2 Gen 2,1920,,Black
Silicon Power PC60,145.52,Portable,USB Type-C 3.2 Gen 2,960,0.152,Black
Silicon Power PC60,,Portable,USB Type-C 3.2 Gen 2,480,,Black
Silicon Power Bolt B75 Pro,,Portable,USB Type-C 3.2 Gen 2,512,,Black
Silicon Power Bolt B75 Pro,,Portable,USB Type-C 3.2 Gen 2,256,,Black
Silicon Power Bolt B75,,Portable,USB Type-C 3.2 Gen 1,4000,,Silver
Silicon Power Bolt B75,,Portable,USB Type-C 3.2 Gen 1,2000,,Silver
Silicon Power Bolt B75,,Portable,USB Type-C 3.2 Gen 1,1000,,Silver
Silicon Power Bolt B75,226.75,Portable,USB Type-C 3.2 Gen 1,960,0.236,Silver
Silicon Power Bolt B75,,Portable,USB Type-C 3.2 Gen 1,512,,Silver
Silicon Power Bolt B75,,Portable,USB Type-C 3.2 Gen 1,256,,Silver
Silicon Power Bolt B75,,Portable,USB Type-C 3.2 Gen 1,240,,Silver
Silicon Power Bolt B75,,Portable,USB Type-C 3.2 Gen 1,128,,Silver
Silicon Power Bolt B75,,Portable,USB Type-C 3.2 Gen 1,120,,Silver
Silicon Power Stream S05,,Portable,USB Type-A 3.2 Gen 1,5000,,Black
Silicon Power Stream S05,,Portable,USB Type-A 3.2 Gen 1,4000,,Black
Silicon Power Stream S05,,Portable,USB Type-A 3.2 Gen 1,2000,,Black
Silicon Power Stream S05,,Portable,USB Type-A 3.2 Gen 1,1000,,Black
VisionTek 901195,233.63,Portable,USB Type-C,512,0.456,Black
VisionTek 901196,,Portable,USB Type-C,1000,,Black
VisionTek 901377,,Portable,USB Type-C,4000,,Black
VisionTek 901378,,Portable,USB Type-C,8000,,Black
Apricorn Aegis Fortress L3,242.09,Portable,"USB Type-A 3.2 Gen 1, USB Type-C 3.2 Gen 1",1000,0.242,Black
Apricorn Aegis Fortress L3,295.47,Portable,"USB Type-A 3.2 Gen 1, USB Type-C 3.2 Gen 1",2000,0.148,Black
Apricorn NVX,301.17,Portable,USB Type-C 3.2 Gen 2,500,0.602,Black
Apricorn NVX,669.99,Portable,USB Type-C 3.2 Gen 2,2000,0.335,Black
Apricorn Aegis Fortress,198.24,Portable,USB Type-A 3.2 Gen 1,256,0.774,Black
Apricorn Aegis Fortress,383.88,Portable,USB Type-A 3.2 Gen 1,1000,0.384,Black
Apricorn Aegis Fortress,765.99,Portable,USB Type-A 3.2 Gen 1,2000,0.383,Black
Apricorn Aegis Fortress,,Portable,USB Type-A 3.2 Gen 1,16000,,Black
Apricorn Aegis Padlock 3.0,182.99,Portable,USB Type-A 3.2 Gen 1,1000,0.183,Black
Apricorn Aegis Padlock 3.0,229.99,Portable,USB Type-A 3.2 Gen 1,2000,0.115,Black
Apricorn Aegis Padlock 3.0,177.99,Portable,USB Type-A 3.2 Gen 1,256,0.695,Black
Apricorn Aegis Padlock 3.0,289,Portable,USB Type-A 3.2 Gen 1,512,0.564,Black
Apricorn Aegis Padlock 3.0,,Portable,USB Type-A 3.2 Gen 1,1000,,Black
Apricorn Aegis Padlock 3.0,657.99,Portable,USB Type-A 3.2 Gen 1,2000,0.329,Black
Apricorn Aegis Padlock 3.0,1267.5,Portable,USB Type-A 3.2 Gen 1,4000,0.317,Black
Apricorn Aegis Padlock 3.0,2662.5,Portable,USB Type-A 3.2 Gen 1,8000,0.333,Black
Apricorn Padlock SSD,458.76,Portable,USB Type-A 3.2 Gen 1,1000,0.459,Black
SanDisk Professional PRO-Blade Transport,159.99,Portable,USB Type-C 3.2 Gen 2x2,1000,0.16,Black
Sabrent Rocket Nano,,Portable,USB Type-C 3.2 Gen 2,512,,Silver
Sabrent Rocket Nano,,Portable,USB Type-C 3.2 Gen 2,512,,Black
Sabrent Rocket Nano,111.23,Portable,USB Type-C 3.2 Gen 2,512,0.217,Gold
Sabrent Rocket Nano,,Portable,USB Type-C 3.2 Gen 2,512,,Blue
Sabrent Rocket Nano,109.99,Portable,USB Type-C 3.2 Gen 2,512,0.215,Red
Sabrent Rocket Nano,,Portable,USB Type-C 3.2 Gen 2,1000,,Silver
Sabrent Rocket Nano,169.99,Portable,USB Type-C 3.2 Gen 2,1000,0.17,Gold
Sabrent Rocket Nano,,Portable,USB Type-C 3.2 Gen 2,1000,,Blue
Sabrent Rocket Nano,229.99,Portable,USB Type-C 3.2 Gen 2,2000,0.115,Silver
Sabrent Rocket Nano,169.99,Portable,USB Type-C 3.2 Gen 2,2000,0.085,Black
Sabrent Rocket Nano,298.39,Portable,USB Type-C 3.2 Gen 2,2000,0.149,Gold
Sabrent Rocket Nano,325.75,Portable,USB Type-C 3.2 Gen 2,2000,0.163,Blue
Sabrent Rocket Nano,292.58,Portable,USB Type-C 3.2 Gen 2,2000,0.146,Pink
Sabrent Rocket Nano Rugged,170.25,Portable,USB Type-C 3.2 Gen 2,512,0.333,Silver
Sabrent Rocket Nano Rugged,99.99,Portable,USB Type-C 3.2 Gen 2,1000,0.1,Silver
Sabrent Rocket XTRM-Q,,Portable,USB Type-C 3.2 Gen 2,1000,,Black
Sabrent Rocket XTRM-Q,510.38,Portable,USB Type-C 3.2 Gen 2,2000,0.255,Black
Sabrent Rocket XTRM-Q,,Portable,USB Type-C 3.2 Gen 2,4000,,Black
Sabrent Rocket XTRM-Q,,Portable,USB Type-C 3.2 Gen 2,8000,,Black
Sabrent Rocket Pro,,Portable,USB Type-C 3.2 Gen 2,2000,,Silver
Sabrent Rocket Pro,,Portable,USB Type-C 3.2 Gen 2,4000,,Silver
TEAMGROUP PD20M Mag,,Portable,USB Type-C 3.2 Gen 2,2000,,Black
