name,price,configuration,wattage,frequency_response,color
Kanto TUK,799.99,2,260,"50,20",Black
Creative Labs Pebble 2.0,18.99,2,4.4,"100,17",Black
Creative Labs Pebble 2.0,18.99,2,4.4,"100,17",White
Logitech Z906,399,5.1,500,"35,20",
Kanto TUK,799.99,2,260,"50,20",White / Black
Logitech Z200,39.99,2,10,"20,20",
Razer Leviathan V2 X,99.99,2,65,"85,20",Black
Logitech G560,179.99,2.1,120,"40,18",Black
Logitech Z207 (Black),49.99,2,0.01,,Black
Edifier MR4,129.99,2,42,"60,20",White
Yamaha HS8,,2,120,"38,30",
Logitech Z623,169.99,2.1,200,"35,20",
Razer Leviathan V2 Pro,499.99,5.1,,"40,20",Black
Klipsch ProMedia 2.1,119.78,2.1,120,"31,20",
KEF LSXBL,,2,200,"49,47",Black
Logitech Z213,43.92,2.1,7,"65,20",
SteelSeries Arena 9 EU,711.89,5.1,,"35,20",Black
Creative Labs Pebble Plus,39.84,2.1,8,"50,20",Black
Cyber Acoustics CA-2016WB,13.5,2,3,"260,20",
Edifier MR4,129.99,2,42,"60,20",Black
Logitech Z333,89.99,2.1,40,"55,20",
Klipsch R-51PM,349.99,2,120,"68,21",Black
NZXT Relay,249.99,2,80,"70,20",White / Black
Logitech S-150,14.99,2,1.2,"90,20",
Creative Labs Pebble Pro,52.99,2,30,"80,20",Black / Copper
Bose Companion 2 Series III,79,2,,,
Logitech Z313,59.99,2.1,25,"48,20",
Razer Leviathan V2,219.99,2.1,65,"45,20",Black
Logitech Z407,114.99,2.1,40,"40,20",Black
SteelSeries Arena 9 US,549.99,5.1,,"35,20",Black
Audioengine A5+ Black,399,2,100,"50,22",
Logitech X-540,546.75,5.1,70,"40,20",
Razer NOMMO PRO,540.79,2.1,,"35,20",Black
Creative Labs Pebble V2,28.49,2,8,"100,17",Black / Copper
NZXT Relay,249.99,2,80,"70,20",Black
Logitech Z150,29.99,2,,,
Razer NOMMO CHROMA,140.47,2,,"20,20",Black
Logitech S150,14.99,2,2.4,"90,20",Black
Kanto YU2MW,229.99,2,50,"80,20",White / Black
KEF LSXGRN,,2,200,"49,47",Green / Black
Cyber Acoustics CA-3090,32.99,2.1,10,"160,20",
Creative Labs Pebble V3,34.99,2,8,"100,17",Black / Copper
NZXT Relay,149.99,1,140,"45,150",Black
Edifier S350DB,399.99,2.1,150,"40,20",Black / Brown
Edifier R1700BT,179.99,2,66,"60,20",Black / Brown
Logitech Z625,197.99,2.1,200,,
Creative Labs Stage Air V2,37.84,2,10,"80,20",Black
Edifier R1280DB-Brown,149.9,2,42,"55,20",Brown / Black
AmazonBasics V620,,2,2.4,"80,20",Black
Logitech Z323,79.99,2.1,30,"55,20",
Audioengine A5+ White,399,2,100,"50,22",
PreSonus Eris E3.5 BT,144.99,2,50,"80,20",Black
Logitech Z533,126.99,2.1,60,"55,20",
Creative Labs Inspire T10,49.99,2,10,"80,20",
AmazonBasics U213,18.32,2,2.2,"103,20",Black
SteelSeries Arena 7 US,249.99,2.1,,"35,20",Black
Yamaha HS5,199.99,1,70,"54,30",
Edifier R980T,89.99,2,24,"70,20",Black
Kanto YU2MB,229.99,2,50,"80,20",Black
Creative Labs Sound Blaster Katana V2,349.99,2.1,126,"50,20",
Logitech Z207 (White),,2,0.01,,White
Cyber Acoustics CA-2014rb,14.99,2,4,"85,18",
Creative Labs T60,64.98,2,60,"50,20",Black / Gold
KEF LSXWH,,2,200,"49,47",White / Black
Creative Labs Creative Stage V2,99.99,2.1,80,"55,20",Black
Yamaha NS-SP1800,,5.1,550,"28,50",
Razer Nommo V2 Pro,390.74,2.1,,"40,20",Black
JBL LSR305,,2,82,"43,24",
Edifier R33BT,79.98,2,10,"70,20",Black
Logitech Z506,,5.1,155,"45,20",
Edifier R1280DB-Black,149.99,2,42,"55,20",Black
Creative Labs GigaWorks T20 Series II,67.98,2,28,"50,20",
Yamaha HS8 W,398.99,1,120,"38,30",
Creative Labs Sound BlasterX Katana,195.99,2.1,,,
M-Audio BX5 D2,499.99,2,140,"56,22",
Razer Nommo V2 X,147.94,2,,"75,20",Black
Audioengine HD3-CHR,600.52,2,60,"65,22",Red / Black
Yamaha HS5 W,199.99,1,70,"54,30",
Pioneer DM-50D-BT,,2,50,"60,20",White
Audioengine A2+B,,2,60,"65,22",
Creative Labs Creative Stage,79.98,2.1,80,"55,20",Black
Creative Labs GigaWorks T40 Series II,95.99,2,32,"50,20",
Audioengine HD3-WHT,349,2,60,"65,22",White / Black
Corsair Gaming Audio Series SP2500,,2.1,232,"35,20",
Logitech Z-2300,590.21,2.1,200,,
Sony HT-S100F,98,2,44,"20,20",Black
Trust Asto Soundbar,,2,24,"20,20",
Lenovo M0520,13.99,2,2,"90,20",
Logitech S120,,2,2.3,"50,20",
AmazonBasics V620,,2,2.4,"80,20",Silver
Creative Labs T100,94.99,2,40,"50,20",Black
PreSonus Eris 3.5 2nd Gen,99.99,2,50,"80,20",Black / Blue
SteelSeries Arena 3 US,129.99,2,,"50,20",Black
Creative Labs Sound Blaster Katana V2X,249.99,2.1,90,"50,20",Black
Razer Nommo V2,267.89,2.1,,"40,20",Black
Yamaha HS7,349.99,2,95,"43,30",
Logitech Z130,,2,5,"140,18",
JBL C2PS,199,2,70,"80,20",Black
Mackie MR824,279.99,1,85,"35,20",Black
Audioengine A2+W,,2,60,"65,22",
Logitech Z120,,2,,,
Harman Kardon SoundSticks Wireless,399,2.1,40,"44,20",
Creative Labs Stage 360,149.99,2.1,180,"50,20",Black
Creative Labs SBS E2900,69.98,2.1,60,"50,20",Black
Edifier S880DB,299.99,2,20,"55,20",White / Brown
AmazonBasics V216US,26.23,2,4.6,"68,20",Black
Mackie CR4-XBT,149.99,2,50,"60,20",Black / Green
PreSonus Eris E4.5,149.99,2,50,"70,20",
Audioengine HD3-BLK,349,2,60,"65,22",Black
Micca MB42X,89.99,2,150,"60,20",
Razer Leviathan,,5.1,60,"180,20",
Cyber Acoustics CA-3810,69.98,2.1,40,"45,20",Black
Bose Companion 5,,2.1,,,Black / Gray
SteelSeries Arena 7 EU,426.55,2.1,,"35,20",Black
KRK VXT 6,,2,180,"49,22",
Micca COVO-S,49.99,2,100,"90,20",
Audioengine A2+R,429.99,2,60,"65,22",
Creative Labs Pebble V3,,2,16,"100,17",White / Copper
Razer Nommo,,2,,"50,20",Black
ADAM Audio T8V,299.99,1,180,"33,25",Black
Yamaha HS7 W,349.99,1,95,"43,30",
Edifier S550,,5.1,280,"20,20",
Bose Companion 20,,2,,,
Logitech Z337 w/BlueTooth,,2.1,40,,
Mackie MRS10,,1,120,"40,180",Black
Syba CL-SPK20069,,2,3.4,"280,16",
KRK RP8 G2,,2,140,"44,20",
KRK RP5 G2,,2,90,"52,20",
Edifier R19U,,2,4,"150,20",
Edifier Luna Eclipse E25,,2,74,"30,20",Black
SteelSeries Arena 3 EU,181.37,2,,"50,20",Black
Trust GXT 606 JAVV,114,2,6,"160,20",Black
Logitech THX Z-5300e,,5.1,280,"35,20",
Logitech X-530,,5.1,70.1,"40,20",
Creative Labs Inspire T6300,,5.1,57,"50,20",Black
Pioneer DM-50D-BT,,2,50,"60,20",Black
IK Multimedia IP-ILOUD-MM-IN,249.99,2,70,"45,22",Black
Audioengine A2 (Black),,2,60,"65,22",
Logitech Z-5500,,5.1,505,"33,20",
Creative Labs A250,,2.1,9,"40,20",
Micca MB42,79.98,2,150,"60,20",
Mackie CR3,,2,50,"80,20",
Logitech X-140,,2,4,"80,18",
Cyber Acoustics CA-3602,,2.1,30,"50,20",
Harman Kardon SoundSticks III,,2.1,40,"44,20",
KRK VXT 8,,2,360,"37,22",
Logitech Z150,,2,,,
Genius SP-U115,,2,,"200,18",
Edifier S2000 PRO,,2,124,"48,20",Brown / Black
Mackie CR5-XBT,199.99,2,80,"50,20",Green / Black
Sony BSP10,64.95,1,20,,
Mackie MR624,229.99,1,65,"38,20",Black
Mackie MR524,179.99,1,50,"45,20",Black
Creative Labs Inspire T6160,,5.1,50,"40,20",
Gigabyte GP-S2000,,2,4,"100,20",
Gigabyte GP-S4600,,2,1,"230,20",
KRK RP6 G2,,2,100,"48,20",
Logitech X-230,,2.1,32,"40,20",
Altec Lansing BX1521,,2.1,,,
Kanto YU2GR,,2,50,"80,20",Red / Black
JBL Pebbles,,2,,"70,20",Black / Red
KEF LSXBLUE,,2,200,"49,47",Blue / Black
Vanatoo Transparent Zero Plus,449.99,2,96,"52,20",Black
Cyber Acoustics Curve Storm,97.09,2.1,22,,
SteelSeries Arena 7 UK,,2.1,,"35,20",Black
Cyber Acoustics CA-2014WB,,2,1.5,"85,18",
Kanto YU2GW,,2,50,"80,20",White / Black
SteelSeries Arena 3 AU,129.99,2,,"50,20",Black
SteelSeries Arena 7 AU,,2.1,,"35,20",Black
Genius SP-S110,,2,1,"200,20",
Logitech LS21,,2.1,7,"40,20",
Audioengine A5+ Bamboo,,2,100,"50,22",
Lenovo M1730,,2.1,12,"20,20",
Creative Labs Sound BlasterX Kratos S3,,2.1,,,
Klipsch Reference R-14PM,,2,70,"80,20",Black / Brown
Edifier S1000DB,,2,120,"48,20",Brown / Black
Edifier S760D,,5.1,540,"42,20",Black / Silver
ADAM Audio A7X,,1,300,"42,50",Black
Creative Labs Inspire T3130,,2.1,25,"40,20",
Creative Labs T12,,2,18,"20,20",
Microlab SP-FC20BK,,2.1,40,"50,18",
Cyber Acoustics CA-2011WB,,2,4,"220,20",
Logitech Z320,,2,10,"70,20",
M-Audio Studiophile AV40,,2,40,"85,20",
Mackie CR4,,2,28,"60,20",
Mackie MR8mk3,,2,170,"38,20",
Creative Labs A550,,5.1,,,
Altec Lansing BX1520,,2,6,,
M-Audio BX5 D3 Crimson,,1,100,"52,35",Black / Red
Kanto YU2Bamboo,,2,50,"80,20",Brown / Black
Audioengine HD3-WAL,,2,60,"65,22",Brown / Black
Yamaha Yamaha NX-50 2.0 Speaker System - 14 W RMS - Black,,2,14,"55,20",Black
Mackie CR3-X,,2,50,"80,20",White
Fluance SX6-BK,149.99,2,100,"50,20",
M-Audio BX5 D3,,1,100,"52,35",Black
Micca PB42X,139.94,2,30,"60,20",Black
Creative Labs A60,,2,4,"90,20",
Cyber Acoustics CA3550RB,,2.1,68,"22,20",
Creative Labs A220,,2.1,9,"40,20",
Genius 31730027102,,2,30,"50,20",
Genius SW-G2.1 1250,,2.1,38,"58,20",
Creative Labs GigaWorks T3,,2.1,80,"30,20",
Gear Head SP2000USLV,,2,3,"200,20",
Gear Head SP2000UBLU,,2,3,"200,20",
Cyber Acoustics CA-2002,,2,6,"270,18",
Cyber Acoustics CA-5402,,5.1,40,"70,20",
Logitech LS11,,2,3,"70,20",
Logitech Z523,,2.1,40,"48,20",
M-Audio BX8 D2,,2,260,"30,22",
Genius SP-HF1800A,,2,50,"20,20",
Genius SW-G2.1,,2.1,70,"35,20",
Creative Labs Inspire T3300,,2.1,27,"40,20",
Creative Labs T30,,2,14,"50,20",
M-Audio AV32,,2,20,"80,20",
M-Audio AV42,,2,40,"75,20",
Insignia NS-PCS20,,2,,,
JBL LSR4328P/PAK,,2,140,"50,20",
Cyber Acoustics Curve Sonic,,2,3,,
Pioneer SP-BS21-LR,,2,80,"65,20",
Swan Speakers M200MkIII,,2,120,"53,20",Brown / Black
Kanto YU2GB,,2,50,"80,20",Black
Kanto YU2MG,,2,50,"80,20",Silver / Black
Altec Lansing VS4621,,2.1,28,"45,18",Black
Fluance Ai60 Lucky Bamboo,,2,100,"35,30",White / White
Fluance Ai60 Natural Walnut,,2,100,"35,30",Black / Brown
Vanatoo Transparent Zero,,2,96,"52,20",Black
Vanatoo Transparent One Encore,,2,240,"48,20",Black
Trust GXT 606 JAVV,,2,6,"160,20",Gray / Black
M-Audio BX8 D3,,1,150,"37,22",Black
Logitech Z553,361.88,2.1,40,"55,17",
Trust GXT 612 CETIC,,2,10,"20,20",Black
Genius SP-HF800A,,2,20,"80,20",
Cyber Acoustics CA3001WB,,2.1,14,"38,18",
Microlab SP-FC20WH,,2.1,40,"50,18",
Syba CL-SPK20097,,2,6,"150,20",
Cyber Acoustics CA3001RB,,2.1,14,"38,18",
Gear Head SP2000URED,,2,3,"200,20",
Syba CL-SPK20115,,2,6,"150,20",
Creative Labs Inspire S2,,2.1,33,"40,20",
Cyber Acoustics CA-2012RB,,2,1.5,"85,18",
Cyber Acoustics CA-2100WB,,2,5.8,"35,18",
M-Audio Studiophile AV20,,2,10,"120,20",
M-Audio Studiophile AV30,,2,20,"90,20",
Harman Kardon GLA-55,,2,112,"35,20",
Audioengine A2 (White),,2,30,"65,22",
Audioengine A5,,2,100,"50,22",
KRK VXT4,,2,90,"66,22",
Creative Labs T50,,2,40,"50,20",
Audioengine A5+N,,2,50,"50,22",
Mackie MR5mk3,,2,100,"57,20",
Mackie MR6mk3,,2,130,"46,20",
Behringer MS16,109,2,16,"80,20",
Creative Labs Inspire T3100,,2.1,29,"40,20",
Avermedia GS315,,2.1,77,"35,20",
HiVi M10,,2.1,,"100,20",
Rosewill SP-7260,,2,,"60,20",
Microlab FC 330,,2.1,64,"35,20",
Creative Labs Sound BlasterX Kratos S5,,2.1,,,
Razer Ferox,,2,6,"150,20",
V7 SP2000-USB-1NC,,2,1,,
Logitech S-220,,2.1,17,"85,15",Black
Avermedia GS315-DM,,2.1,77,"35,20",
Creative Labs T3250,,2.1,,,
Cyber Acoustics CA-2014RB-ML,,2,4,,
Cyber Acoustics CA-2027,,2,5,,
Altec Lansing VS3030,,2,,,
Swan Speakers M50W,,2.1,114,"38,20",Brown / Black
M-Audio BX8 CARBON,,1,130,"38,22",Black / Silver
M-Audio BX6 CARBON,,1,100,"45,22",Black / Silver
M-Audio M3-8 (black),,1,220,"38,22",Black
Kanto YU2GT,,2,50,"80,20",Blue / Black
Genius G2.1 2000,,2.1,45,"25,20",Black / Blue
Fluance Ai60 Black Ash,,2,100,"35,30",Black / Beige
Fluance Ai60 White Walnut,,2,100,"35,30",White / Brown
KEF LSXRED,,2,200,"49,47",Red / Black
HiFiMAN X100,,2.1,11,"20,20",Black
Vanatoo Transparent One Encore,,2,240,"48,20",Black / Brown
SteelSeries Arena 3 UK,,2,,"50,20",Black
SteelSeries Arena 3 SK,,2,,"50,20",Black
SteelSeries Arena 7 JP,,2.1,,"35,20",Black
SteelSeries Arena 9 JP,,5.1,,"35,20",Black
