name,price,resolutions,connection,focus_type,os,fov
Logitech BRIO Ultra HD Pro,124.7,"4k,1080p,720p",USB 3.2 Gen 1 Type-A,Auto,"Windows,OS X,ChromeOS",82
Razer Kiyo Pro Ultra,299.99,"4k,2k,1080p,720p",USB 3.2 Gen 1 Type-A,Auto,"Windows",82
OBSBOT Tiny 2,,"4k,2k,1080p,720p,480p",USB 3.2 Gen 1 Type-A,Auto,"Windows,OS X",85.5
Elgato Facecam Pro,299.99,"4k,1080p,720p",USB 3.2 Gen 1 Type-C,Auto,"Windows,OS X",90
Insta360 Insta360 Link,249.99,"4k,1080p,720p",USB 2.0 Type-C,Auto,"Windows,OS X",79.5
Logitech C920 HD Pro,69.95,"1080p,720p",USB 2.0 Type-A,Auto,"Windows,OS X,ChromeOS,Android",78
Logitech C270,25.19,"720p",USB 2.0 Type-A,Fixed,"Windows,OS X,ChromeOS,Android",60
Anker PowerConf C200,59.99,"2k,1080p,720p",USB 3.2 Gen 1 Type-C,Auto,"Windows,OS X",95
Razer Kiyo,49.99,"1080p,720p,480p",USB 2.0 Type-A,Auto,"Windows",81.6
Adesso CyberTrack H3,12.99,"720p",USB 2.0 Type-A,Manual,"Windows,OS X",
Logitech C922 Pro Stream HD,99.99,"1080p,720p",USB 2.0 Type-A,Auto,"Windows,OS X,ChromeOS,Android",78
Razer Kiyo X,39.94,"1080p,720p",USB 2.0 Type-A,Auto,"Windows",82
Elgato Facecam Premium,149.99,"1080p,720p",USB 3.2 Gen 1 Type-A,Manual,"Windows,OS X",82
Logitech C920s HD Pro,59.99,"1080p,720p",USB 2.0 Type-A,Auto,"Windows,OS X,ChromeOS,Android",78
Green Extreme T200,14.99,"1080p,720p,480p",USB 2.0 Type-A,Auto,"Windows,OS X,Android",65
Razer Kiyo Pro,94.98,"1080p,720p,480p",USB 3.2 Gen 1 Type-A,Auto,"Windows",103
OBSBOT Tiny 4K,239,"4k,1080p,720p",USB 3.2 Gen 1 Type-A,Auto,"Windows,OS X",90
aoni A31,21.95,"1080p,720p,480p",USB 2.0 Type-A,Auto,"Windows,OS X,Linux,ChromeOS,Android",84
Adesso Cybertrack H6,49.99,"4k",USB 2.0 Type-A,Fixed,"Windows,OS X",80
Logitech C925e,68.37,"1080p,720p",USB 2.0 Type-A,Auto,"Windows,OS X,Linux",78
Logitech StreamCam,129.71,"1080p,720p",USB 3.2 Gen 1 Type-C,Auto,"Windows,OS X",78
Logitech StreamCam,120.03,"1080p,720p",USB 3.2 Gen 1 Type-C,Auto,"Windows,OS X",78
Avermedia PW513,190.99,"4k,1080p",USB 3.2 Gen 1 Type-C,Fixed,"Windows,OS X",94
Asus Webcam C3,47.22,"1080p",USB 2.0 Type-A,,"Windows,OS X,ChromeOS",
Anker B600 Video Bar,199.99,"2k,1080p,720p",USB 3.2 Gen 1 Type-C,Auto,"Windows,OS X",95
Adesso Cybertrack H4,34.47,"1080p",USB 2.0 Type-A,Manual,"Windows,OS X",78
Logitech C910,109.96,"1080p,720p",USB 2.0 Type-A,Auto,"Windows,OS X",78
Adesso Cybertrack H2,19.98,"480p",USB 2.0 Type-A,Fixed,"Windows,OS X",62
Logitech StreamCam Plus,135.99,"1080p,720p,480p",USB 3.2 Gen 1 Type-C,Auto,"Windows,OS X",
Logitech C930e,84.48,"1080p,720p",USB 2.0 Type-A,Auto,"Windows,OS X,ChromeOS",90
Logitech B525,38.78,"1080p,720p",USB 2.0 Type-A,Auto,"Windows,OS X",69
Wansview 101JD,22.99,"1080p",USB 2.0 Type-A,,"Windows,OS X,Android",90
Adesso Cybertrack H5,37.77,"1080p",USB 2.0 Type-A,Auto,"Windows,OS X",80
Anker PowerConf C302,149.99,"2k,1080p,720p",USB 3.2 Gen 1 Type-C,Auto,"Windows,OS X",115
Logitech C505,37.99,"720p",USB 2.0 Type-A,Fixed,"Windows,OS X,ChromeOS",60
Asus ROG EYE,,"1080p",USB 2.0 Type-A,Auto,"Windows,OS X",
Microsoft LifeCam HD-3000,24.19,"720p",USB 2.0 Type-A,Fixed,"Windows,OS X",
Logitech C505e,29.79,"720p",USB 2.0 Type-A,Fixed,"Windows,OS X,ChromeOS",60
Avermedia Live Streamer CAM 313,44.99,"1080p",USB 2.0 Type-A,Fixed,"Windows,OS X",
AUKEY PC-LM1,,"1080p,720p,480p",USB 2.0 Type-A,Manual,"Windows,OS X,Android",55
OBSBOT Tiny,149,"1080p,720p",USB 2.0 Type-A,Auto,"Windows,OS X",86
Anker PowerConf C300,99.99,"1080p,720p",USB 3.2 Gen 1 Type-C,Auto,"Windows,OS X",115
Logitech C310,64.95,"720p",USB 2.0 Type-A,Fixed,"Windows,OS X,ChromeOS,Android",60
Logitech C615 Portable,,"1080p,720p",USB 2.0 Type-A,Auto,"Windows,OS X,ChromeOS,Android",78
Creative Labs Live! Cam Sync 1080p,,"1080p,720p",USB 2.0 Type-A,Auto,"Windows,OS X",77
Avermedia PW310P,59.98,"1080p",USB 2.0 Type-A,Auto,"Windows,OS X,ChromeOS",73
Microsoft LifeCam Studio,59.99,"1080p,720p",USB 2.0 Type-A,Auto,"Windows,OS X",75
Green Extreme T1000,129,"1080p",USB 2.0 Type-A,Auto,"Windows,OS X",120
Avermedia PW315,92.99,"1080p",USB 2.0 Type-A,Fixed,"Windows,OS X,ChromeOS",95.8
Microsoft Lifecam Cinema,64.98,"720p",USB 2.0 Type-A,Auto,"Windows",73
Green Extreme T300,,"1080p,720p,480p",USB 2.0 Type-A,Auto,"Windows,OS X,Android",94
Microsoft LifeCam Studio for Business,62.7,"1080p,720p",USB 2.0 Type-A,Auto,"Windows,OS X",75
Logitech C525,89.99,"720p",USB 2.0 Type-A,Auto,"Windows,OS X,ChromeOS,Android",69
Microsoft LifeCam HD-3000 L2,35.98,"720p",USB 2.0 Type-A,Fixed,"Windows,OS X",
Avermedia 4K UHD Webcam 510,,"4k,1080p,720p,480p",USB 3.2 Gen 1 Type-C,,"Windows",85
Microsoft LifeCam CinemaaFor Business,,"720p",USB 2.0 Type-A,Auto,"Windows,OS X",
Wansview 106JD,,"1080p",USB 2.0 Type-A,Auto,"Windows,OS X,Android",60
VDO360 2SEE,99.99,"1080p,720p",USB 2.0 Type-A,,"Windows,OS X,Linux,Android",75
Adesso Cybertrack H4P,,"1080p",USB 2.0 Type-A,Manual,"Windows,OS X",78
Creative Labs BlasterX Senz3D,,"1080p,720p",USB 3.2 Gen 1 Type-A,Auto,"Windows",77
Creative Labs Live! Cam Sync HD,,"720p",USB 2.0 Type-A,Fixed,"Windows,OS X",
Wansview 102JD,,"1080p",USB 2.0 Type-A,,"Windows,OS X,Android",90
Wansview 105JD,,"1080p",USB 2.0 Type-A,Manual,"Windows,OS X,Android",90
Green Extreme T200 + Live Streaming Bundle,,"1080p",USB 2.0 Type-A,Auto,"Windows,OS X,Android",
Avermedia HD Webcam 310,,"1080p,720p,480p",USB 2.0 Type-A,Auto,"Windows,OS X,Android",
