name,price,resolutions,connection,focus_type,os,fov
OBSBOT Tiny 2,328.95,"4k,2k,1080p,720p,480p",USB 3.2 Gen 1 Type-A,Auto,"Windows,OS X",85.5
Logitech BRIO Ultra HD Pro,149.99,"4k,1080p,720p",USB 3.2 Gen 1 Type-A,Auto,"Windows,OS X,ChromeOS",82
Razer Kiyo Pro Ultra,299.99,"4k,2k,1080p,720p",USB 3.2 Gen 1 Type-A,Auto,"Windows",82
Elgato Facecam Pro,299.99,"4k,1080p,720p",USB 3.2 Gen 1 Type-C,Auto,"Windows,OS X",90
Logitech C920 HD Pro,69.84,"1080p,720p",USB 2.0 Type-A,Auto,"Windows,OS X,ChromeOS,Android",78
Logitech C270,24.34,"720p",USB 2.0 Type-A,Fixed,"Windows,OS X,ChromeOS,Android",60
Insta360 Insta360 Link,249.99,"4k,1080p,720p",USB 2.0 Type-C,Auto,"Windows,OS X",79.5
Anker PowerConf C200,47.99,"2k,1080p,720p",USB 3.2 Gen 1 Type-C,Auto,"Windows,OS X",95
Logitech C922 Pro Stream HD,79.99,"1080p,720p",USB 2.0 Type-A,Auto,"Windows,OS X,ChromeOS,Android",78
Razer Kiyo,49.99,"1080p,720p,480p",USB 2.0 Type-A,Auto,"Windows",81.6
Razer Kiyo X,39.9,"1080p,720p",USB 2.0 Type-A,Auto,"Windows",82
Logitech C920s HD Pro,59.99,"1080p,720p",USB 2.0 Type-A,Auto,"Windows,OS X,ChromeOS,Android",78
Adesso CyberTrack H3,12.99,"720p",USB 2.0 Type-A,Manual,"Windows,OS X",
Elgato Facecam Premium,129.99,"1080p,720p",USB 3.2 Gen 1 Type-A,Manual,"Windows,OS X",82
Adesso Cybertrack H6,49.99,"4k",USB 2.0 Type-A,Fixed,"Windows,OS X",80
Razer Kiyo Pro,89.51,"1080p,720p,480p",USB 3.2 Gen 1 Type-A,Auto,"Windows",103
aoni A31,21.95,"1080p,720p,480p",USB 2.0 Type-A,Auto,"Windows,OS X,Linux,ChromeOS,Android",84
Green Extreme T200,14.99,"1080p,720p,480p",USB 2.0 Type-A,Auto,"Windows,OS X,Android",65
Logitech StreamCam,131.94,"1080p,720p",USB 3.2 Gen 1 Type-C,Auto,"Windows,OS X",78
OBSBOT Tiny 4K,239,"4k,1080p,720p",USB 3.2 Gen 1 Type-A,Auto,"Windows,OS X",90
Adesso Cybertrack H2,29.99,"480p",USB 2.0 Type-A,Fixed,"Windows,OS X",62
Logitech StreamCam,136,"1080p,720p",USB 3.2 Gen 1 Type-C,Auto,"Windows,OS X",78
Logitech C925e,77.98,"1080p,720p",USB 2.0 Type-A,Auto,"Windows,OS X,Linux",78
Adesso Cybertrack H4,34.06,"1080p",USB 2.0 Type-A,Manual,"Windows,OS X",78
Anker B600 Video Bar,199.99,"2k,1080p,720p",USB 3.2 Gen 1 Type-C,Auto,"Windows,OS X",95
Avermedia PW513,101.4,"4k,1080p",USB 3.2 Gen 1 Type-C,Fixed,"Windows,OS X",94
Logitech StreamCam Plus,136,"1080p,720p,480p",USB 3.2 Gen 1 Type-C,Auto,"Windows,OS X",
Wansview 101JD,22.99,"1080p",USB 2.0 Type-A,,"Windows,OS X,Android",90
Asus Webcam C3,49.99,"1080p",USB 2.0 Type-A,,"Windows,OS X,ChromeOS",
Logitech MX BRIO,199.99,"4k,1080p",USB 3.2 Gen 1 Type-C,Auto,"Windows,ChromeOS",90
Adesso Cybertrack H5,36.99,"1080p",USB 2.0 Type-A,Auto,"Windows,OS X",80
Logitech B525,45.99,"1080p,720p",USB 2.0 Type-A,Auto,"Windows,OS X",69
Logitech C910,102.47,"1080p,720p",USB 2.0 Type-A,Auto,"Windows,OS X",78
Asus ROG EYE,,"1080p",USB 2.0 Type-A,Auto,"Windows,OS X",
Logitech C930e,82.99,"1080p,720p",USB 2.0 Type-A,Auto,"Windows,OS X,ChromeOS",90
Creative Labs Live! Cam Sync 1080p,48.4,"1080p,720p",USB 2.0 Type-A,Auto,"Windows,OS X",77
Logitech C615 Portable,,"1080p,720p",USB 2.0 Type-A,Auto,"Windows,OS X,ChromeOS,Android",78
Anker PowerConf C302,149.99,"2k,1080p,720p",USB 3.2 Gen 1 Type-C,Auto,"Windows,OS X",115
Logitech C505,39.96,"720p",USB 2.0 Type-A,Fixed,"Windows,OS X,ChromeOS",60
Microsoft LifeCam HD-3000,24.19,"720p",USB 2.0 Type-A,Fixed,"Windows,OS X",
Avermedia Live Streamer CAM 313,48.99,"1080p",USB 2.0 Type-A,Fixed,"Windows,OS X",
Logitech C505e,29.79,"720p",USB 2.0 Type-A,Fixed,"Windows,OS X,ChromeOS",60
Green Extreme T1000,129,"1080p",USB 2.0 Type-A,Auto,"Windows,OS X",120
Anker PowerConf C300,,"1080p,720p",USB 3.2 Gen 1 Type-C,Auto,"Windows,OS X",115
AUKEY PC-LM1,,"1080p,720p,480p",USB 2.0 Type-A,Manual,"Windows,OS X,Android",55
Logitech C310,58.99,"720p",USB 2.0 Type-A,Fixed,"Windows,OS X,ChromeOS,Android",60
Microsoft LifeCam Studio,64.27,"1080p,720p",USB 2.0 Type-A,Auto,"Windows,OS X",75
OBSBOT Tiny,149,"1080p,720p",USB 2.0 Type-A,Auto,"Windows,OS X",86
Logitech C525,89.99,"720p",USB 2.0 Type-A,Auto,"Windows,OS X,ChromeOS,Android",69
Logitech MX BRIO,,"4k,1080p",USB 3.2 Gen 1 Type-C,Auto,"Windows,ChromeOS",90
Logitech MX BRIO,,"4k,1080p",USB 3.2 Gen 1 Type-C,Auto,"Windows,ChromeOS",90
Microsoft LifeCam Studio for Business,,"1080p,720p",USB 2.0 Type-A,Auto,"Windows,OS X",75
Avermedia PW310P,59.99,"1080p",USB 2.0 Type-A,Auto,"Windows,OS X,ChromeOS",73
Avermedia PW315,99.99,"1080p",USB 2.0 Type-A,Fixed,"Windows,OS X,ChromeOS",95.8
Avermedia 4K UHD Webcam 510,,"4k,1080p,720p,480p",USB 3.2 Gen 1 Type-C,,"Windows",85
Microsoft Lifecam Cinema,64.98,"720p",USB 2.0 Type-A,Auto,"Windows",73
Microsoft LifeCam HD-3000 L2,,"720p",USB 2.0 Type-A,Fixed,"Windows,OS X",
Creative Labs Live! Cam Sync HD,,"720p",USB 2.0 Type-A,Fixed,"Windows,OS X",
VDO360 2SEE,99.99,"1080p,720p",USB 2.0 Type-A,,"Windows,OS X,Linux,Android",75
Avermedia HD Webcam 310,,"1080p,720p,480p",USB 2.0 Type-A,Auto,"Windows,OS X,Android",
Microsoft LifeCam CinemaaFor Business,72.48,"720p",USB 2.0 Type-A,Auto,"Windows,OS X",
Creative Labs BlasterX Senz3D,,"1080p,720p",USB 3.2 Gen 1 Type-A,Auto,"Windows",77
Adesso Cybertrack H4P,,"1080p",USB 2.0 Type-A,Manual,"Windows,OS X",78
Green Extreme T300,,"1080p,720p,480p",USB 2.0 Type-A,Auto,"Windows,OS X,Android",94
Green Extreme T200 + Live Streaming Bundle,,"1080p",USB 2.0 Type-A,Auto,"Windows,OS X,Android",
Wansview 105JD,,"1080p",USB 2.0 Type-A,Manual,"Windows,OS X,Android",90
Wansview 106JD,,"1080p",USB 2.0 Type-A,Auto,"Windows,OS X,Android",60
Wansview 102JD,,"1080p",USB 2.0 Type-A,,"Windows,OS X,Android",90
