name,price,resolutions,connection,focus_type,os,fov
Logitech BRIO Ultra HD Pro,124.97,"4k,1080p,720p",USB 3.2 Gen 1 Type-A,Auto,"Windows,OS X,ChromeOS",82
OBSBOT Tiny 2,296.1,"4k,2k,1080p,720p,480p",USB 3.2 Gen 1 Type-A,Auto,"Windows,OS X",85.5
Razer Kiyo Pro Ultra,299.99,"4k,2k,1080p,720p",USB 3.2 Gen 1 Type-A,Auto,"Windows",82
Logitech C920 HD Pro,53.9,"1080p,720p",USB 2.0 Type-A,Auto,"Windows,OS X,ChromeOS,Android",78
Elgato Facecam Pro,299.99,"4k,1080p,720p",USB 3.2 Gen 1 Type-C,Auto,"Windows,OS X",90
Insta360 Insta360 Link,299.99,"4k,1080p,720p",USB 2.0 Type-C,Auto,"Windows,OS X",79.5
Logitech C270,25.99,"720p",USB 2.0 Type-A,Fixed,"Windows,OS X,ChromeOS,Android",60
Anker PowerConf C200,47.99,"2k,1080p,720p",USB 3.2 Gen 1 Type-C,Auto,"Windows,OS X",95
Logitech C922 Pro Stream HD,99.99,"1080p,720p",USB 2.0 Type-A,Auto,"Windows,OS X,ChromeOS,Android",78
Razer Kiyo,49.99,"1080p,720p,480p",USB 2.0 Type-A,Auto,"Windows",81.6
Logitech C920s HD Pro,59.99,"1080p,720p",USB 2.0 Type-A,Auto,"Windows,OS X,ChromeOS,Android",78
Elgato Facecam Premium,149.99,"1080p,720p",USB 3.2 Gen 1 Type-A,Manual,"Windows,OS X",82
Razer Kiyo Pro,97.08,"1080p,720p,480p",USB 3.2 Gen 1 Type-A,Auto,"Windows",103
Green Extreme T200,14.99,"1080p,720p,480p",USB 2.0 Type-A,Auto,"Windows,OS X,Android",65
Adesso CyberTrack H3,12.99,"720p",USB 2.0 Type-A,Manual,"Windows,OS X",
Logitech C925e,64.98,"1080p,720p",USB 2.0 Type-A,Auto,"Windows,OS X,Linux",78
Razer Kiyo X,39.49,"1080p,720p",USB 2.0 Type-A,Auto,"Windows",82
Logitech StreamCam,139.99,"1080p,720p",USB 3.2 Gen 1 Type-C,Auto,"Windows,OS X",78
aoni A31,21.95,"1080p,720p,480p",USB 2.0 Type-A,Auto,"Windows,OS X,Linux,ChromeOS,Android",84
OBSBOT Tiny 4K,239,"4k,1080p,720p",USB 3.2 Gen 1 Type-A,Auto,"Windows,OS X",90
Logitech StreamCam,129.98,"1080p,720p",USB 3.2 Gen 1 Type-C,Auto,"Windows,OS X",78
Adesso Cybertrack H6,60.28,"4k",USB 2.0 Type-A,Fixed,"Windows,OS X",80
Avermedia PW513,139.16,"4k,1080p",USB 3.2 Gen 1 Type-C,Fixed,"Windows,OS X",94
Adesso Cybertrack H2,16,"480p",USB 2.0 Type-A,Fixed,"Windows,OS X",62
Asus Webcam C3,48.99,"1080p",USB 2.0 Type-A,,"Windows,OS X,ChromeOS",
Anker B600 Video Bar,199.99,"2k,1080p,720p",USB 3.2 Gen 1 Type-C,Auto,"Windows,OS X",95
Logitech StreamCam Plus,139.99,"1080p,720p,480p",USB 3.2 Gen 1 Type-C,Auto,"Windows,OS X",
Adesso Cybertrack H4,35.51,"1080p",USB 2.0 Type-A,Manual,"Windows,OS X",78
Logitech C930e,129.99,"1080p,720p",USB 2.0 Type-A,Auto,"Windows,OS X,ChromeOS",90
Anker PowerConf C302,149.99,"2k,1080p,720p",USB 3.2 Gen 1 Type-C,Auto,"Windows,OS X",115
Logitech B525,54.99,"1080p,720p",USB 2.0 Type-A,Auto,"Windows,OS X",69
Wansview 106JD,,"1080p",USB 2.0 Type-A,Auto,"Windows,OS X,Android",60
Adesso Cybertrack H5,49.08,"1080p",USB 2.0 Type-A,Auto,"Windows,OS X",80
AUKEY PC-LM1,,"1080p,720p,480p",USB 2.0 Type-A,Manual,"Windows,OS X,Android",55
Asus ROG EYE,,"1080p",USB 2.0 Type-A,Auto,"Windows,OS X",
Avermedia Live Streamer CAM 313,59.99,"1080p",USB 2.0 Type-A,Fixed,"Windows,OS X",
Logitech C910,125.49,"1080p,720p",USB 2.0 Type-A,Auto,"Windows,OS X",78
Logitech C615 Portable,,"1080p,720p",USB 2.0 Type-A,Auto,"Windows,OS X,ChromeOS,Android",78
Logitech C505,37.99,"720p",USB 2.0 Type-A,Fixed,"Windows,OS X,ChromeOS",60
Logitech C310,64.95,"720p",USB 2.0 Type-A,Fixed,"Windows,OS X,ChromeOS,Android",60
Anker PowerConf C300,99.99,"1080p,720p",USB 3.2 Gen 1 Type-C,Auto,"Windows,OS X",115
Logitech C505e,29.98,"720p",USB 2.0 Type-A,Fixed,"Windows,OS X,ChromeOS",60
Microsoft LifeCam HD-3000,24.7,"720p",USB 2.0 Type-A,Fixed,"Windows,OS X",
Wansview 101JD,22.99,"1080p",USB 2.0 Type-A,,"Windows,OS X,Android",90
Creative Labs Live! Cam Sync 1080p,,"1080p,720p",USB 2.0 Type-A,Auto,"Windows,OS X",77
Microsoft LifeCam Studio,56,"1080p,720p",USB 2.0 Type-A,Auto,"Windows,OS X",75
Green Extreme T1000,129,"1080p",USB 2.0 Type-A,Auto,"Windows,OS X",120
OBSBOT Tiny,119,"1080p,720p",USB 2.0 Type-A,Auto,"Windows,OS X",86
Avermedia PW310P,59.99,"1080p",USB 2.0 Type-A,Auto,"Windows,OS X,ChromeOS",73
Logitech C525,75,"720p",USB 2.0 Type-A,Auto,"Windows,OS X,ChromeOS,Android",69
Green Extreme T300,34.95,"1080p,720p,480p",USB 2.0 Type-A,Auto,"Windows,OS X,Android",94
Avermedia PW315,99.99,"1080p",USB 2.0 Type-A,Fixed,"Windows,OS X,ChromeOS",95.8
VDO360 2SEE,99.99,"1080p,720p",USB 2.0 Type-A,,"Windows,OS X,Linux,Android",75
Microsoft Lifecam Cinema,64.98,"720p",USB 2.0 Type-A,Auto,"Windows",73
Creative Labs Live! Cam Sync HD,,"720p",USB 2.0 Type-A,Fixed,"Windows,OS X",
Microsoft LifeCam HD-3000 L2,35.98,"720p",USB 2.0 Type-A,Fixed,"Windows,OS X",
Microsoft LifeCam Studio for Business,62.85,"1080p,720p",USB 2.0 Type-A,Auto,"Windows,OS X",75
Adesso Cybertrack H4P,,"1080p",USB 2.0 Type-A,Manual,"Windows,OS X",78
Creative Labs BlasterX Senz3D,,"1080p,720p",USB 3.2 Gen 1 Type-A,Auto,"Windows",77
Avermedia 4K UHD Webcam 510,,"4k,1080p,720p,480p",USB 3.2 Gen 1 Type-C,,"Windows",85
Wansview 102JD,,"1080p",USB 2.0 Type-A,,"Windows,OS X,Android",90
Microsoft LifeCam CinemaaFor Business,78.2,"720p",USB 2.0 Type-A,Auto,"Windows,OS X",
Green Extreme T200 + Live Streaming Bundle,,"1080p",USB 2.0 Type-A,Auto,"Windows,OS X,Android",
Avermedia HD Webcam 310,,"1080p,720p,480p",USB 2.0 Type-A,Auto,"Windows,OS X,Android",
Wansview 105JD,,"1080p",USB 2.0 Type-A,Manual,"Windows,OS X,Android",90
