name,price,interface,color
TP-Link TG-3468,14.99,PCIe x1,
Asus XG-C100C,86.18,PCIe x4,
Intel E1G44ET2BLK,392.21,PCIe x4,
TP-Link TX201,24.99,PCIe x1,Black / Gold
Intel X540-T2,94.08,PCIe x8,
StarTech ST1000SPEX42,337.53,PCIe x4,
Intel X550-T2,225,PCIe x4,
TP-Link TX401,107.34,PCIe x4,Red
Intel EXPI9301CTBLK,,PCIe x1,
Intel E1G42ETBLK,51,PCIe x4,
Gigabyte GC-AQC107,,PCIe x4,Black / White
TP-Link UE300,10.99,USB Type-A 3.2 Gen 1,
Intel X710-T2L,305.99,PCIe x8,Green / Black
Intel X520-DA1,129.94,PCIe x8,Green
TRENDnet TRENDnet TEG-10GECTX 10 Gigabit PCIe Network Adapter,90.17,PCIe x4,Green / Silver
Intel E1G44HTBLK,87,PCIe x4,
Intel EXPI9301CT,59,PCIe x1,
Intel E10G42BT,,PCIe x8,
QNAP QXG2G2TI225,79,PCIe x2,Green / Copper
Syba SI-PEX24042,46.78,PCIe x1,Green / Black
TRENDnet TEG-25GECTX,27.99,PCIe x1,Blue
Intel EXPI9402PTBLK-1PK,,PCIe x4,
StarTech ST10GSPEXNB2,168.59,PCIe x2,Silver / Black
Belkin F5D5000,9.27,PCI,
StarTech ST10GSPEXNB,125.55,PCIe x4,Black
Intel EXPI9404PTLBLK-1PK,,PCIe x4,
Edimax EU-4208,10.99,USB Type-A 2.0,
StarTech ST1000SPEX4,345.99,PCIe x4,
QNAP QXG5G1T111C,89,PCIe x1,Blue / Silver
QNAP QXG-10G1T,183.43,PCIe x4,
Supermicro AOC-STG-i2T,369,PCIe x8,
Intel EXPI9402PTG2P20,69.61,PCIe x4,Green / Black
Rosewill RNG-408U,12.79,USB Type-C 3.2 Gen 1,Black
Intel X520-T2,,PCIe x8,Green / Black
Linksys USB3GIG,75,USB Type-A 3.2 Gen 1,Black
TRENDnet TUC-ET2G,27.99,USB Type-C 3.2 Gen 1,Black
QLogic QLE3242-CU-CK,,PCIe x8,
EDUP EP-9602GS,,PCIe x1,Black
QNAP QXG-2G1T-I225,43.9,PCIe x1,Green / Silver
Syba SY-ADA24029,9.99,USB Type-A 2.0,
Syba SY-PEX24028,37.99,PCIe x1,
StarTech ST2000PEXPSE,146.16,PCIe x1,
Syba SD-PEX24009,15.16,PCIe x1,
Intel EXPI9404PTLBLK,,PCIe x4,
Intel E1G44HT,124.5,PCIe x4,
D-Link DXE-820T,,PCIe x8,
Rosewill RC-NIC416Dual,,PCIe x4,Black / Silver
StarTech ST1000SPEX2,18.85,PCIe x1,
StarTech ST1000SPEX2L,23.24,PCIe x1,
Lenovo 7ZT7A00482,90.3,PCIe x1,Green / Black
Intel EXPI9404PTL,,PCIe x4,
Syba SD-PEX24055,89.98,PCIe x4,Green / Black
Gigabyte GC-AQC113C 10G,,PCIe x4,White / Silver
Syba SY-HUB24047,54.8,USB Type-A 3.2 Gen 1,Black
StarTech PEX100S,19.55,PCIe x1,
StarTech ST10000SPEX,,PCIe x4,
StarTech ST1000SPEXD3,99.99,PCIe x1,
Syba SY-PEX24045,99.98,PCIe x4,Green / Black
StarTech USB21000S2,49.99,USB Type-A 2.0,
StarTech ST1000BT32,16.41,PCI,
Belkin F2CU040btBLK,29.14,USB Type-C 3.2 Gen 1,
Intel PWLA8391GT,25,PCI,
StarTech USB31000S,25.99,USB Type-A 3.2 Gen 1,
Plugable USB3-E1000,16.95,USB Type-A 3.2 Gen 1,
VisionTek Bigfoot Killer 2100,,PCIe x1,
Edimax EN-9320TX-E,,PCIe x4,Silver / Green
StarTech USB32000SPT,62.34,USB Type-A 3.2 Gen 1,
Syba SY-PEX24030,22.65,PCIe x1,
StarTech USB31000SW,24.14,USB Type-A 3.2 Gen 1,
Intel E1G44ET2,,PCIe x4,
Cisco N2XX-ABPCI03-M3=,,PCIe x4,
Plugable USBC-E1000,18.95,USB Type-C 3.2 Gen 1,
D-Link DUB-1312,40.99,USB Type-A 3.2 Gen 1,Black
StarTech ST3300U3S,36.1,USB Type-A 3.2 Gen 1,
Supermicro SGP-i4,217.99,PCIe x4,Green / Silver
Lenovo 4X90E51405,,USB Type-A 3.2 Gen 1,
Intel E1G42ET,,PCIe x4,
Intel PWLA8391GTLBLK,60.6,PCI,
Belkin B2B145-BLK,32.39,USB Type-C 3.2 Gen 1,Black
Intel EXPI9402PT,,PCIe x4,
StarTech USB31000SPTB,32.3,USB Type-A 3.2 Gen 1,
Rosewill RNG-406U,,USB Type-A 3.2 Gen 1,
D-Link DUB-E100,,USB Type-A 2.0,
Acer NP.OTH11.005,,USB Type-A 2.0,
Rosewill RC-411,,PCIe x1,
StarTech USB31000NDS,30.99,USB Type-A 3.2 Gen 1,
SIIG JU-NE0511-S1,,USB Type-A 3.2 Gen 1,
StarTech USB31000SPTW,31.88,USB Type-A 3.2 Gen 1,
TP-Link TF-3239DL,19.98,PCI,
Syba SY-ADA24040,,USB Type-A 3.2 Gen 1,
SIIG JU-NE0711-S1,30.22,USB Type-A 3.2 Gen 1,Black
V7 V7UCRJ45-BLK-1N,,USB Type-C 3.2 Gen 1,Black
HP E0X95AA,,PCIe x1,Green
SIIG CN-GP2011-S1,,PCIe x1,
Tripp Lite U436-000-GB,27.52,USB Type-C 3.2 Gen 1,Black
Intel PWLA8492MT,93.99,PCI-X,
Edimax EN-9130TXL,,PCI,
Rosewill RNF-405U,,USB Type-A 2.0,
Supermicro AOC-SG-i2,,PCIe x4,
Rosewill RC-400-LX,19.5,PCI,
Syba SY-ADA24005,,USB Type-A 2.0,
Asus NX1101,,PCI,
Edimax EU-4306,,USB Type-A 3.2 Gen 1,
Rosewill RNG-407-Dual,,PCIe x1,
SIIG CN-GP1111-S1,,PCIe x4,
Syba SY-PEX24056,,PCIe x4,Green / Black
SIIG JU-NE0621-S2,,USB Type-A 3.2 Gen 1,White
StarTech ST1000SPEXD2,,PCIe x1,
Rosewill RC-400,,PCI,
Rosewill RC-404,,PCI,
StarTech ST100S,,PCI,
Syba SY-ADA24024,,USB Type-A 2.0,
TRENDnet TE100-PCIWN,,PCI,
Intel PWLA8391GTBLK-1PK,,PCI,
Intel PWLA8391GTBLK,37,PCI,
Intel PWLA8490MTBLK,,PCI-X,
Intel PWLA8492MTBLK5,,PCI-X,
SIIG CN-GP1011-S3,,PCI,
Syba SY-ADA24027,,USB Type-A 2.0,
TRENDnet TEG-PCITXR,30,PCI,
StarTech ST1000SPEX,,PCIe x1,
SIIG CN-GP1021-S3,33.44,PCIe x1,
Belkin F4U047-RS,,USB Type-A 2.0,
Rosewill RC-401-EX,,PCIe x1,
Rosewill RC-402,,PCI,
D-Link DFE530TX+,18.23,PCI,
D-Link DGE-530T,27.99,PCI,
Netgear GA311,50.04,PCI,
SIIG CN-GP4011-S1,,PCIe x4,
Syba SD-ADA24032,,USB Type-A 3.2 Gen 1,
TP-Link TG-3269,44,PCI,
Syba SI-ADA24037,,USB Type-A 3.2 Gen 1,
SIIG CN-GP4111-S1,,PCIe x4,
