name,price,interface,color
TP-Link TG-3468,14.99,PCIe x1,
Asus XG-C100C,94.99,PCIe x4,
StarTech ST10GPEXNDPI,437.19,PCIe x4,Black / Silver
Intel E1G44ET2BLK,355.2,PCIe x4,
Intel X540-T2,99.99,PCIe x8,
TP-Link TX201,29.99,PCIe x1,Black / Gold
TP-Link TX401,89.99,PCIe x4,Red
Intel X550-T2,205,PCIe x4,
Intel EXPI9301CTBLK,62,PCIe x1,
StarTech ST1000SPEX42,387.97,PCIe x4,
StarTech ST10GSPEXNDP,176.36,PCIe x8,Black / Silver
Intel X520-DA1,142.88,PCIe x8,Green
Intel E1G42ETBLK,51,PCIe x4,
StarTech USB32000SPT,68.12,USB Type-A 3.2 Gen 1,
Syba SY-ADA24029,9.99,USB Type-A 2.0,
Gigabyte GC-AQC107,,PCIe x4,Black / White
TRENDnet TRENDnet TEG-10GECTX 10 Gigabit PCIe Network Adapter,89.99,PCIe x4,Green / Silver
Syba SD-PEX24066,35.99,PCIe x1,Green / Black
StarTech ST2000PEXPSE,148.57,PCIe x1,
SIIG LB-GE0211-S1,223.2,PCIe x4,Green / Black
Supermicro AOC-STG-i2T,369,PCIe x8,
Intel E1G44HTBLK,80,PCIe x4,
Monoprice 112909,14.11,USB Type-C 3.2 Gen 2,White
TRENDnet TEG-25GECTX,24.99,PCIe x1,Blue
StarTech ST10GSPEXNB2,173.48,PCIe x2,Silver / Black
QNAP QXG2G2TI225,79,PCIe x2,Green / Copper
SIIG LB-GE0311-S1,218.5,PCIe x8,Black / Green
Intel X710-T2L,259,PCIe x8,Green / Black
TP-Link UE300,12.99,USB Type-A 3.2 Gen 1,
Intel EXPI9301CT,65,PCIe x1,
Intel I226T1,83.15,PCIe x1,Green
StarTech ST10GSPEXNDP2,287.58,PCIe x4,Black / Silver
StarTech ST1000SPEX4,345.99,PCIe x4,
Asus USB-C2500,29.99,USB Type-A 3.2 Gen 1,Gray
TP-Link UE306,12.98,USB Type-A 3.2 Gen 1,Black
Syba SD-PEX24055,82.28,PCIe x4,Green / Black
Syba SI-PEX24042,46.78,PCIe x1,Green / Black
Intel EXPI9404PTLBLK-1PK,,PCIe x4,
Intel E1G44HT,124.5,PCIe x4,
Intel EXPI9404PTLBLK,,PCIe x4,
Intel EXPI9402PTG2P20,65,PCIe x4,Green / Black
Belkin F5D5000,8.83,PCI,
EDUP EP-9602GS,,PCIe x1,Black
QNAP QXG5G1T111C,99,PCIe x1,Blue / Silver
Syba SD-PEX24009,16.39,PCIe x1,
QLogic QLE3242-CU-CK,,PCIe x8,
StarTech ST10GSPEXNB,125.55,PCIe x4,Black
Linksys USB3GIG,49.61,USB Type-A 3.2 Gen 1,Black
Intel X520-T2,,PCIe x8,Green / Black
StarTech ST1000SPEX2L,24.99,PCIe x1,
StarTech ST1000SPEX2,22.22,PCIe x1,
QNAP QXG-10G1T,139,PCIe x4,
TRENDnet TUC-ET2G,24.99,USB Type-C 3.2 Gen 1,Black
Rosewill RC-NIC416Dual,,PCIe x4,Black / Silver
Asus PCE-C2500,,PCIe x1,Red
StarTech ST2GPEX,33.99,PCIe x1,Black
Gigabyte GC-AQC113C 10G,,PCIe x4,White / Silver
QNAP QXG-2G1T-I225,43.1,PCIe x1,Green / Silver
Syba SY-PEX24045,89.99,PCIe x4,Green / Black
Asus ROG AREION,,PCIe x4,Black
TP-Link UE300C,16.98,USB Type-C,Black
Syba SY-HUB24047,47.99,USB Type-A 3.2 Gen 1,Black
Intel E10G42BT,,PCIe x8,
HP E0X95AA,,PCIe x1,Green
StarTech PEX100S,19.98,PCIe x1,
StarTech ST1000BT32,16.05,PCI,
Syba SD-PEX24065,20.99,PCIe x1,Green
Syba SY-PEX24028,46.43,PCIe x1,
Intel EXPI9404PTL,,PCIe x4,
Intel E1G44ET2,,PCIe x4,
D-Link DXE-820T,,PCIe x8,
Lenovo 7ZT7A00482,84,PCIe x1,Green / Black
Intel E1G42ET,,PCIe x4,
StarTech USB31000SW,24.14,USB Type-A 3.2 Gen 1,
TP-Link TG-3269,11.79,PCI,
Belkin B2B145-BLK,27.99,USB Type-C 3.2 Gen 1,Black
Edimax EU-4208,10.99,USB Type-A 2.0,
Tripp Lite U436-06N-2P5,39.21,USB Type-C 3.2 Gen 1,Black
Syba SY-PEX24030,22.65,PCIe x1,
Edimax EU-4306,,USB Type-A 3.2 Gen 1,
D-Link DUB-1312,54.46,USB Type-A 3.2 Gen 1,Black
Plugable USBC-E1000,18.95,USB Type-C 3.2 Gen 1,
StarTech USB31000SPTB,35.97,USB Type-A 3.2 Gen 1,
StarTech ST1000SPEXD3,99.99,PCIe x1,
Syba SY-ADA24027,,USB Type-A 2.0,
VisionTek Bigfoot Killer 2100,,PCIe x1,
StarTech ST10000SPEX,,PCIe x4,
Plugable USB3-E1000,16.95,USB Type-A 3.2 Gen 1,
StarTech USB31000S2,29.23,USB Type-A 3.2 Gen 1,Black / Silver
SIIG LB-GE0611-S1,51.52,PCIe x1,Green / Black
Edimax EN-9320TX-E,,PCIe x4,Silver / Green
StarTech USB31000S,23,USB Type-A 3.2 Gen 1,
StarTech USB31000NDS,31.99,USB Type-A 3.2 Gen 1,
SIIG LB-GE0014-S1,110.59,PCIe x4,Green / Black
Intel EXPI9402PT,,PCIe x4,
Intel PWLA8391GTBLK,37,PCI,
StarTech ST1000SPEX,,PCIe x1,
Rosewill RC-402,,PCI,
D-Link DFE530TX+,9,PCI,
D-Link DUB-E100,,USB Type-A 2.0,
Rosewill RNG-407-Dual,,PCIe x1,
StarTech USB31000SPTW,33.21,USB Type-A 3.2 Gen 1,
Belkin F2CU040btBLK,22.37,USB Type-C 3.2 Gen 1,
Syba SY-PEX24056,,PCIe x4,Green / Black
Intel PWLA8492MT,92,PCI-X,
Lenovo 4X90E51405,24.59,USB Type-A 3.2 Gen 1,
Netgear GA311,50,PCI,
StarTech ST3300U3S,45.77,USB Type-A 3.2 Gen 1,
Intel PWLA8391GT,35,PCI,
Supermicro SGP-i4,,PCIe x4,Green / Silver
Rosewill RC-404,,PCI,
StarTech ST100S,,PCI,
StarTech USB21000S2,29.99,USB Type-A 2.0,
Intel PWLA8391GTBLK-1PK,,PCI,
Rosewill RC-400-LX,21.99,PCI,
StarTech ST1000SPEXD2,,PCIe x1,
SIIG CN-GP1021-S3,30.59,PCIe x1,
D-Link DGE-530T,25.04,PCI,
Rosewill RC-411,,PCIe x1,
SIIG JU-NE0711-S1,,USB Type-A 3.2 Gen 1,Black
V7 V7UCRJ45-BLK-1N,28.99,USB Type-C 3.2 Gen 1,Black
D-Link DGE-560T,,PCIe x1,
Rosewill RC-20001,,PCIe x1,Black
Intel PWLA8391GTLBLK,60.6,PCI,
TP-Link TF-3239DL,19.98,PCI,
Rosewill RC-400,,PCI,
Rosewill RNF-405U,,USB Type-A 2.0,
Rosewill RNG-406U,,USB Type-A 3.2 Gen 1,
Supermicro AOC-SG-i2,,PCIe x4,
Syba SY-ADA24024,,USB Type-A 2.0,
TRENDnet TE100-PCIWN,,PCI,
Intel EXPI9402PTBLK-1PK,,PCIe x4,
Intel PWLA8490MTBLK,,PCI-X,
Intel PWLA8492MTBLK5,,PCI-X,
SIIG CN-GP1011-S3,,PCI,
Syba SY-ADA24005,,USB Type-A 2.0,
TRENDnet TEG-PCITXR,33.64,PCI,
SIIG CN-GP2011-S1,,PCIe x1,
Asus NX1101,,PCI,
Belkin F4U047-RS,,USB Type-A 2.0,
Rosewill RC-401-EX,,PCIe x1,
Acer NP.OTH11.005,,USB Type-A 2.0,
SIIG CN-GP4011-S1,,PCIe x4,
Syba SD-ADA24032,,USB Type-A 3.2 Gen 1,
Cisco N2XX-ABPCI03-M3=,,PCIe x4,
SIIG JU-NE0511-S1,,USB Type-A 3.2 Gen 1,
Edimax EN-9130TXL,,PCI,
Syba SI-ADA24037,,USB Type-A 3.2 Gen 1,
SIIG CN-GP1111-S1,,PCIe x4,
SIIG CN-GP4111-S1,,PCIe x4,
Syba SY-ADA24040,,USB Type-A 3.2 Gen 1,
Rosewill RNG-408U,,USB Type-C 3.2 Gen 1,Black
Tripp Lite U436-000-GB,27.3,USB Type-C 3.2 Gen 1,Black
SIIG JU-NE0621-S2,,USB Type-A 3.2 Gen 1,White
TP-Link UE305,,USB Type-A 3.2 Gen 1,Black
