[{"name": "NZXT HUE 2 RGB Lighting Kit", "rating": 4, "rating_count": 6, "price_usd": null, "type": "LED Controller", "form_factor": "2.5\""}, {"name": "NZXT Hue+", "rating": 4, "rating_count": 54, "price_usd": null, "type": "LED Controller", "form_factor": "2.5\""}, {"name": "NZXT Hue", "rating": 4, "rating_count": 44, "price_usd": 29.95, "type": "LED Controller", "form_factor": "5.25\""}, {"name": "Vantec UGT-CR935", "rating": 3, "rating_count": 2, "price_usd": 20.82, "type": "Card Reader", "form_factor": "3.5\""}, {"name": "NZXT Aperture M", "rating": 3, "rating_count": 4, "price_usd": null, "type": "Card Reader", "form_factor": "5.25\""}, {"name": "nMEDIAPC ZE-C668", "rating": 0, "rating_count": 0, "price_usd": null, "type": "Card Reader", "form_factor": "5.25\""}, {"name": "nMEDIAPC ZE-C288", "rating": 0, "rating_count": 0, "price_usd": null, "type": "Card Reader", "form_factor": "5.25\""}, {"name": "Unitech U3903", "rating": 0, "rating_count": 0, "price_usd": null, "type": "Card Reader", "form_factor": "5.25\""}]