[{"name": "Western Digital Elements", "rating": 4, "rating_count": 10, "price_usd": 47.99, "type": "Portable", "interface": "USB 3.0", "capacity": "1000 GB", "price_/_gb": "$0.048", "color": null}, {"name": "Western Digital My Book Duo", "rating": 0, "rating_count": 0, "price_usd": 989.89, "type": "Desktop", "interface": "USB 3.0, USB Type-C", "capacity": "28000 GB", "price_/_gb": "$0.035", "color": "Black"}, {"name": "Seagate Expansion", "rating": 4, "rating_count": 5, "price_usd": 92.18, "type": "Desktop", "interface": "USB 3.0", "capacity": "4000 GB", "price_/_gb": "$0.023", "color": null}, {"name": "Western Digital My Book Duo", "rating": 0, "rating_count": 0, "price_usd": 719.67, "type": "Desktop", "interface": "USB 3.0, USB Type-C", "capacity": "20000 GB", "price_/_gb": "$0.036", "color": "Black"}, {"name": "Seagate Backup Plus", "rating": 4, "rating_count": 2, "price_usd": 59.99, "type": "Portable", "interface": "USB 3.0", "capacity": "2000 GB", "price_/_gb": "$0.030", "color": null}, {"name": "Seagate Expansion", "rating": 5, "rating_count": 2, "price_usd": 134.99, "type": "Desktop", "interface": "USB 3.0", "capacity": "8000 GB", "price_/_gb": "$0.017", "color": null}, {"name": "Samsung T5", "rating": 4, "rating_count": 3, "price_usd": 129.99, "type": "Portable", "interface": "USB Type-C", "capacity": "1000 GB", "price_/_gb": "$0.130", "color": null}, {"name": "Seagate Backup Plus Slim", "rating": 5, "rating_count": 2, "price_usd": 54.99, "type": "Portable", "interface": "USB 3.0", "capacity": "1000 GB", "price_/_gb": "$0.055", "color": "Black"}, {"name": "Samsung T5", "rating": 0, "rating_count": 0, "price_usd": 229.99, "type": "Portable", "interface": "USB Type-C", "capacity": "2000 GB", "price_/_gb": "$0.115", "color": "Black"}, {"name": "Seagate Expansion", "rating": 0, "rating_count": 0, "price_usd": 308.99, "type": "Desktop", "interface": "USB 3.0", "capacity": "16000 GB", "price_/_gb": "$0.019", "color": "Black"}, {"name": "Western Digital ELEMENTS", "rating": 4, "rating_count": 5, "price_usd": 139.99, "type": "Desktop", "interface": "USB 3.0", "capacity": "8000 GB", "price_/_gb": "$0.017", "color": "Black"}, {"name": "Western Digital WD_BLACK P10", "rating": 0, "rating_count": 0, "price_usd": 62.99, "type": "Portable", "interface": "USB 3.0", "capacity": "2000 GB", "price_/_gb": "$0.031", "color": "Black"}, {"name": "Western Digital WD_BLACK P10", "rating": 0, "rating_count": 0, "price_usd": 119.99, "type": "Portable", "interface": "USB 3.0", "capacity": "5000 GB", "price_/_gb": "$0.024", "color": "Black"}, {"name": "Samsung T7 Portable", "rating": 0, "rating_count": 0, "price_usd": 291.86, "type": "Portable", "interface": "USB Type-C", "capacity": "2000 GB", "price_/_gb": "$0.146", "color": "Black / Silver"}, {"name": "Western Digital easystore", "rating": 5, "rating_count": 1, "price_usd": 226.9, "type": "Desktop", "interface": "USB 3.0", "capacity": "12000 GB", "price_/_gb": "$0.019", "color": null}, {"name": "Samsung T7 Portable", "rating": 0, "rating_count": 0, "price_usd": 79.98, "type": "Portable", "interface": "USB Type-C", "capacity": "500 GB", "price_/_gb": "$0.160", "color": "Black / Silver"}, {"name": "SanDisk Extreme 900", "rating": 0, "rating_count": 0, "price_usd": 705.99, "type": "Portable", "interface": "USB 3.1", "capacity": "1920 GB", "price_/_gb": "$0.368", "color": null}, {"name": "Western Digital My Passport", "rating": 4, "rating_count": 1, "price_usd": 174.55, "type": "Portable", "interface": "USB 3.0", "capacity": "4000 GB", "price_/_gb": "$0.044", "color": "Black"}, {"name": "Seagate Backup Plus Hub", "rating": 4, "rating_count": 2, "price_usd": 154.99, "type": "Desktop", "interface": "USB 3.1", "capacity": "8000 GB", "price_/_gb": "$0.019", "color": null}, {"name": "Western Digital My Book", "rating": 5, "rating_count": 1, "price_usd": 198.0, "type": "Desktop", "interface": "USB 3.0", "capacity": "10000 GB", "price_/_gb": "$0.020", "color": "Black"}, {"name": "Seagate Backup Plus Slim", "rating": 4, "rating_count": 4, "price_usd": 109.0, "type": "Portable", "interface": "USB 3.0", "capacity": "2000 GB", "price_/_gb": "$0.054", "color": null}, {"name": "Seagate Expansion", "rating": 0, "rating_count": 0, "price_usd": 99.99, "type": "Portable", "interface": "USB 3.0", "capacity": "5000 GB", "price_/_gb": "$0.020", "color": "Black"}, {"name": "Western Digital My Book Duo", "rating": 0, "rating_count": 0, "price_usd": 899.99, "type": "Desktop", "interface": "USB 3.0, USB Type-C", "capacity": "24000 GB", "price_/_gb": "$0.037", "color": "Black"}, {"name": "Samsung T5", "rating": 5, "rating_count": 3, "price_usd": 121.97, "type": "Portable", "interface": "USB Type-C", "capacity": "500 GB", "price_/_gb": "$0.244", "color": null}, {"name": "Western Digital WDBYVG0020BBK-WESN", "rating": 0, "rating_count": 0, "price_usd": 62.99, "type": "Portable", "interface": "USB 3.0", "capacity": "2000 GB", "price_/_gb": "$0.031", "color": "Black"}, {"name": "Western Digital My Book", "rating": 0, "rating_count": 0, "price_usd": 89.0, "type": "Desktop", "interface": "USB 3.0", "capacity": "4000 GB", "price_/_gb": "$0.022", "color": "Black"}, {"name": "Seagate Backup Plus Portable", "rating": 0, "rating_count": 0, "price_usd": 99.99, "type": "Portable", "interface": "USB 3.0", "capacity": "4000 GB", "price_/_gb": "$0.025", "color": "Black"}, {"name": "Western Digital easystore", "rating": 4, "rating_count": 1, "price_usd": 309.99, "type": "Desktop", "interface": "USB 3.0", "capacity": "14000 GB", "price_/_gb": "$0.022", "color": "Black"}, {"name": "Toshiba Canvio Basics", "rating": 4, "rating_count": 3, "price_usd": 58.77, "type": "Portable", "interface": "USB 3.0", "capacity": "1000 GB", "price_/_gb": "$0.059", "color": null}, {"name": "Western Digital WD_BLACK P50", "rating": 0, "rating_count": 0, "price_usd": 199.99, "type": "Portable", "interface": "USB Type-C", "capacity": "1000 GB", "price_/_gb": "$0.200", "color": "Black / Silver"}, {"name": "Western Digital WDBYVG0010BBK-WESN", "rating": 0, "rating_count": 0, "price_usd": 49.99, "type": "Portable", "interface": "USB 3.0", "capacity": "1000 GB", "price_/_gb": "$0.050", "color": "Black"}, {"name": "Buslink DL-4TSDU31G2", "rating": 0, "rating_count": 0, "price_usd": 664.46, "type": "Portable", "interface": "USB 3.1", "capacity": "4000 GB", "price_/_gb": "$0.166", "color": "Black"}, {"name": "Western Digital WDBWLG0100HBK-NESN", "rating": 0, "rating_count": 0, "price_usd": 179.99, "type": "Desktop", "interface": "USB 3.0", "capacity": "10000 GB", "price_/_gb": "$0.018", "color": "Black"}, {"name": "Seagate Expansion", "rating": 0, "rating_count": 0, "price_usd": 169.99, "type": "Desktop", "interface": "USB 3.0", "capacity": "10000 GB", "price_/_gb": "$0.017", "color": "Black"}, {"name": "Western Digital WD_BLACK P10", "rating": 0, "rating_count": 0, "price_usd": 107.99, "type": "Portable", "interface": "USB 3.0", "capacity": "4000 GB", "price_/_gb": "$0.027", "color": "Black"}, {"name": "ADATA SD700", "rating": 0, "rating_count": 0, "price_usd": 54.1, "type": "Portable", "interface": "USB 3.0", "capacity": "256 GB", "price_/_gb": "$0.211", "color": null}, {"name": "ADATA DashDrive Durable HD650", "rating": 4, "rating_count": 3, "price_usd": 57.55, "type": "Portable", "interface": "USB 3.0", "capacity": "1000 GB", "price_/_gb": "$0.058", "color": null}, {"name": "Samsung T7 Portable", "rating": 0, "rating_count": 0, "price_usd": 159.99, "type": "Portable", "interface": "USB Type-C", "capacity": "1000 GB", "price_/_gb": "$0.160", "color": "Black / Silver"}, {"name": "Western Digital My Book", "rating": 0, "rating_count": 0, "price_usd": 142.99, "type": "Desktop", "interface": "USB 3.0", "capacity": "8000 GB", "price_/_gb": "$0.018", "color": "Black"}, {"name": "Western Digital Elements Portable", "rating": 0, "rating_count": 0, "price_usd": 94.99, "type": "Portable", "interface": "USB 3.0", "capacity": "4000 GB", "price_/_gb": "$0.024", "color": "Black"}, {"name": "Seagate Expansion", "rating": 4, "rating_count": 3, "price_usd": 89.99, "type": "Desktop", "interface": "USB 3.0", "capacity": "3000 GB", "price_/_gb": "$0.030", "color": null}, {"name": "Western Digital My Passport Ultra Portable", "rating": 4, "rating_count": 4, "price_usd": 158.0, "type": "Portable", "interface": "USB 3.0", "capacity": "2000 GB", "price_/_gb": "$0.079", "color": null}, {"name": "Toshiba Canvio Basics 3.0", "rating": 0, "rating_count": 0, "price_usd": 67.9, "type": "Portable", "interface": null, "capacity": "2000 GB", "price_/_gb": "$0.034", "color": null}, {"name": "Western Digital Elements", "rating": 0, "rating_count": 0, "price_usd": 219.99, "type": "Desktop", "interface": "USB 3.0", "capacity": "12000 GB", "price_/_gb": "$0.018", "color": null}, {"name": "Western Digital My Book Duo", "rating": 0, "rating_count": 0, "price_usd": 479.99, "type": "Desktop", "interface": "USB 3.0, USB Type-C", "capacity": "16000 GB", "price_/_gb": "$0.030", "color": "Black"}, {"name": "Western Digital ELEMENTS", "rating": 0, "rating_count": 0, "price_usd": 258.67, "type": "Desktop", "interface": "USB 3.1", "capacity": "14000 GB", "price_/_gb": "$0.018", "color": "Black"}, {"name": "Samsung T7 Portable", "rating": 0, "rating_count": 0, "price_usd": 291.06, "type": "Portable", "interface": "USB Type-C", "capacity": "2000 GB", "price_/_gb": "$0.146", "color": "Blue / Silver"}, {"name": "Western Digital Elements", "rating": 4, "rating_count": 1, "price_usd": 79.99, "type": "Desktop", "interface": "USB 3.0", "capacity": "3000 GB", "price_/_gb": "$0.027", "color": null}, {"name": "Western Digital My Book", "rating": 5, "rating_count": 1, "price_usd": 559.46, "type": "Desktop", "interface": "USB 3.0", "capacity": "3000 GB", "price_/_gb": "$0.186", "color": null}, {"name": "LaCie 5big", "rating": 0, "rating_count": 0, "price_usd": null, "type": "Desktop", "interface": "Thunderbolt", "capacity": "25000 GB", "price_/_gb": null, "color": null}, {"name": "Apricom ASSD-3PL256-120F", "rating": 0, "rating_count": 0, "price_usd": null, "type": "Desktop", "interface": "USB 2.0", "capacity": "120 GB", "price_/_gb": null, "color": null}, {"name": "Western Digital Elements", "rating": 4, "rating_count": 7, "price_usd": null, "type": "Portable", "interface": "USB 3.0", "capacity": "1000 GB", "price_/_gb": null, "color": null}, {"name": "Western Digital easystore", "rating": 3, "rating_count": 3, "price_usd": 188.63, "type": "Desktop", "interface": "USB 3.0", "capacity": "8000 GB", "price_/_gb": "$0.024", "color": null}, {"name": "Samsung T7 Portable", "rating": 0, "rating_count": 0, "price_usd": 299.99, "type": "Portable", "interface": "USB Type-C", "capacity": "2000 GB", "price_/_gb": "$0.150", "color": "Red / Silver"}, {"name": "Western Digital WDBYVG0010BBL-WESN", "rating": 0, "rating_count": 0, "price_usd": 59.99, "type": "Portable", "interface": "USB 3.0", "capacity": "1000 GB", "price_/_gb": "$0.060", "color": "Blue"}, {"name": "Western Digital My Book", "rating": 0, "rating_count": 0, "price_usd": 270.87, "type": "Desktop", "interface": "USB 3.1", "capacity": "14000 GB", "price_/_gb": "$0.019", "color": "Black"}, {"name": "Seagate Expansion", "rating": 0, "rating_count": 0, "price_usd": null, "type": "Portable", "interface": "USB 3.0", "capacity": "1000 GB", "price_/_gb": null, "color": null}, {"name": "Seagate Backup Plus Portable", "rating": 0, "rating_count": 0, "price_usd": 107.92, "type": "Portable", "interface": "USB 3.0", "capacity": "5000 GB", "price_/_gb": "$0.022", "color": "Black"}, {"name": "Seagate Expansion", "rating": 5, "rating_count": 1, "price_usd": null, "type": "Desktop", "interface": "USB 3.0", "capacity": "2000 GB", "price_/_gb": null, "color": null}, {"name": "Western Digital Elements", "rating": 4, "rating_count": 2, "price_usd": null, "type": "Portable", "interface": "USB 3.0", "capacity": "2000 GB", "price_/_gb": null, "color": null}, {"name": "Seagate STEB6000403", "rating": 0, "rating_count": 0, "price_usd": 114.99, "type": "Desktop", "interface": "USB 3.0", "capacity": "6000 GB", "price_/_gb": "$0.019", "color": "Black"}, {"name": "Seagate Backup Plus Hub", "rating": 0, "rating_count": 0, "price_usd": 188.89, "type": "Desktop", "interface": "USB 3.0", "capacity": "10000 GB", "price_/_gb": "$0.019", "color": "Black"}, {"name": "Seagate Expansion", "rating": 4, "rating_count": 3, "price_usd": 94.99, "type": "Desktop", "interface": "USB 3.0", "capacity": "4000 GB", "price_/_gb": "$0.024", "color": null}, {"name": "Western Digital easystore", "rating": 0, "rating_count": 0, "price_usd": 229.0, "type": "Desktop", "interface": "USB 3.1", "capacity": "10000 GB", "price_/_gb": "$0.023", "color": "Black"}, {"name": "Apricom Aegis Padlock Fortress", "rating": 0, "rating_count": 0, "price_usd": 258.49, "type": "Portable", "interface": "USB 3.0", "capacity": "2000 GB", "price_/_gb": "$0.129", "color": "Black"}, {"name": "Western Digital WDBPKJ0050BBK-WESN", "rating": 0, "rating_count": 0, "price_usd": 114.99, "type": "Portable", "interface": "USB 3.0", "capacity": "5000 GB", "price_/_gb": "$0.023", "color": "Black"}, {"name": "Seagate Backup Plus Ultra Touch", "rating": 0, "rating_count": 0, "price_usd": 79.98, "type": "Portable", "interface": "USB 3.0", "capacity": "2000 GB", "price_/_gb": "$0.040", "color": "Black"}, {"name": "Western Digital My Book Duo", "rating": 0, "rating_count": 0, "price_usd": 388.99, "type": "Desktop", "interface": "USB 3.0, USB Type-C", "capacity": "12000 GB", "price_/_gb": "$0.032", "color": "Black"}, {"name": "Western Digital WDBPKJ0050BWT-WESN", "rating": 0, "rating_count": 0, "price_usd": 149.99, "type": "Portable", "interface": "USB 3.0", "capacity": "5000 GB", "price_/_gb": "$0.030", "color": "White"}, {"name": "Western Digital My Book", "rating": 0, "rating_count": 0, "price_usd": 230.88, "type": "Desktop", "interface": "USB 3.1", "capacity": "12000 GB", "price_/_gb": "$0.019", "color": "Black"}, {"name": "Western Digital My Book", "rating": 2, "rating_count": 1, "price_usd": 119.0, "type": "Desktop", "interface": "USB 3.0", "capacity": "6000 GB", "price_/_gb": "$0.020", "color": "Black"}, {"name": "Seagate Backup Plus", "rating": 0, "rating_count": 0, "price_usd": 229.0, "type": "Desktop", "interface": "USB 3.0", "capacity": "8000 GB", "price_/_gb": "$0.029", "color": null}, {"name": "SanDisk Extreme 900", "rating": 0, "rating_count": 0, "price_usd": 744.31, "type": "Portable", "interface": "USB 3.1", "capacity": "480 GB", "price_/_gb": "$1.551", "color": null}, {"name": "Western Digital WDBYVG0020BBL-WESN", "rating": 0, "rating_count": 0, "price_usd": 69.99, "type": "Portable", "interface": "USB 3.0", "capacity": "2000 GB", "price_/_gb": "$0.035", "color": "Blue"}, {"name": "Seagate Game Drive Xbox GamePass Edition", "rating": 0, "rating_count": 0, "price_usd": 99.99, "type": "Portable", "interface": "USB 3.0", "capacity": "4000 GB", "price_/_gb": "$0.025", "color": "White"}, {"name": "Seagate Backup Plus Ultra Touch", "rating": 0, "rating_count": 0, "price_usd": 79.98, "type": "Portable", "interface": "USB 3.0", "capacity": "2000 GB", "price_/_gb": "$0.040", "color": "White"}, {"name": "Buffalo Technology DriveStation Axis Velocity", "rating": 5, "rating_count": 1, "price_usd": 74.99, "type": "Desktop", "interface": "USB 3.0", "capacity": "1000 GB", "price_/_gb": "$0.075", "color": null}, {"name": "ADATA SD700", "rating": 0, "rating_count": 0, "price_usd": 82.04, "type": "Portable", "interface": "USB 3.0", "capacity": "512 GB", "price_/_gb": "$0.160", "color": null}, {"name": "Western Digital Elements", "rating": 0, "rating_count": 0, "price_usd": 89.99, "type": "Desktop", "interface": "USB 3.0", "capacity": "4000 GB", "price_/_gb": "$0.022", "color": null}, {"name": "Seagate Backup Plus Ultra Touch", "rating": 0, "rating_count": 0, "price_usd": 57.49, "type": "Portable", "interface": "USB 3.0", "capacity": "1000 GB", "price_/_gb": "$0.057", "color": "Black"}, {"name": "Western Digital My Book Thunderbolt Duo", "rating": 5, "rating_count": 1, "price_usd": 499.0, "type": "Desktop", "interface": "Thunderbolt", "capacity": "4000 GB", "price_/_gb": "$0.125", "color": null}, {"name": "Western Digital Elements", "rating": 4, "rating_count": 1, "price_usd": 74.98, "type": "Portable", "interface": "USB 3.0", "capacity": "500 GB", "price_/_gb": "$0.150", "color": null}, {"name": "Western Digital ELEMENTS", "rating": 0, "rating_count": 0, "price_usd": 124.99, "type": "Desktop", "interface": "USB 3.0", "capacity": "6000 GB", "price_/_gb": "$0.021", "color": "Black"}, {"name": "LaCie d2", "rating": 0, "rating_count": 0, "price_usd": 679.9, "type": "Desktop", "interface": "USB 3.0, Thunderbolt", "capacity": "6000 GB", "price_/_gb": "$0.113", "color": null}, {"name": "Samsung T1", "rating": 5, "rating_count": 1, "price_usd": null, "type": "Portable", "interface": "USB 3.0", "capacity": "1000 GB", "price_/_gb": null, "color": null}, {"name": "Western Digital My Passport", "rating": 4, "rating_count": 2, "price_usd": null, "type": "Portable", "interface": "USB 3.0", "capacity": "2000 GB", "price_/_gb": null, "color": null}, {"name": "Western Digital WDBPKJ0040BBK-WESN", "rating": 0, "rating_count": 0, "price_usd": 94.99, "type": "Portable", "interface": "USB 3.0", "capacity": "4000 GB", "price_/_gb": "$0.024", "color": "Black"}, {"name": "Western Digital My Book Duo", "rating": 0, "rating_count": 0, "price_usd": 259.99, "type": "Desktop", "interface": "USB 3.0, USB Type-C", "capacity": "4000 GB", "price_/_gb": "$0.065", "color": "Black"}, {"name": "Western Digital My Book Duo", "rating": 0, "rating_count": 0, "price_usd": 349.99, "type": "Desktop", "interface": "USB 3.0, USB Type-C", "capacity": "8000 GB", "price_/_gb": "$0.044", "color": "Black"}, {"name": "Buffalo Technology Americas MiniStation", "rating": 5, "rating_count": 1, "price_usd": 51.45, "type": "Portable", "interface": "USB 3.0", "capacity": "1000 GB", "price_/_gb": "$0.051", "color": "Black"}, {"name": "Seagate Backup Plus", "rating": 5, "rating_count": 1, "price_usd": 149.97, "type": "Desktop", "interface": "USB 3.0", "capacity": "5000 GB", "price_/_gb": "$0.030", "color": null}, {"name": "Samsung T5", "rating": 0, "rating_count": 0, "price_usd": 126.99, "type": "Portable", "interface": "USB Type-C", "capacity": "250 GB", "price_/_gb": "$0.508", "color": "Blue"}, {"name": "Seagate Backup Plus Ultra Touch", "rating": 0, "rating_count": 0, "price_usd": 57.49, "type": "Portable", "interface": "USB 3.0", "capacity": "1000 GB", "price_/_gb": "$0.057", "color": "White"}, {"name": "ADATA SD700", "rating": 0, "rating_count": 0, "price_usd": 129.99, "type": "Portable", "interface": "USB 3.0", "capacity": "1000 GB", "price_/_gb": "$0.130", "color": null}, {"name": "Seagate Backup Plus", "rating": 4, "rating_count": 8, "price_usd": null, "type": "Portable", "interface": "USB 3.0", "capacity": "1000 GB", "price_/_gb": null, "color": null}, {"name": "Western Digital WDBPKJ0040BBL-WESN", "rating": 0, "rating_count": 0, "price_usd": 109.99, "type": "Portable", "interface": "USB 3.0", "capacity": "4000 GB", "price_/_gb": "$0.027", "color": "Blue"}, {"name": "Western Digital WDBPKJ0040BRD-WESN", "rating": 0, "rating_count": 0, "price_usd": 109.99, "type": "Portable", "interface": "USB 3.0", "capacity": "4000 GB", "price_/_gb": "$0.027", "color": "Red"}, {"name": "Apricom ASSD-3PL256-240F", "rating": 0, "rating_count": 0, "price_usd": 208.95, "type": "Desktop", "interface": "USB 2.0", "capacity": "240 GB", "price_/_gb": "$0.871", "color": null}, {"name": "Seagate Backup Plus", "rating": 0, "rating_count": 0, "price_usd": 140.0, "type": "Portable", "interface": "USB 3.0", "capacity": "4000 GB", "price_/_gb": "$0.035", "color": null}, {"name": "Western Digital Elements", "rating": 4, "rating_count": 10, "price_usd": 47.99, "type": "Portable", "interface": "USB 3.0", "capacity": "1000 GB", "price_/_gb": "$0.048", "color": null}, {"name": "Western Digital My Book Duo", "rating": 0, "rating_count": 0, "price_usd": 989.89, "type": "Desktop", "interface": "USB 3.0, USB Type-C", "capacity": "28000 GB", "price_/_gb": "$0.035", "color": "Black"}, {"name": "Seagate Expansion", "rating": 4, "rating_count": 5, "price_usd": 92.18, "type": "Desktop", "interface": "USB 3.0", "capacity": "4000 GB", "price_/_gb": "$0.023", "color": null}, {"name": "Western Digital My Book Duo", "rating": 0, "rating_count": 0, "price_usd": 719.67, "type": "Desktop", "interface": "USB 3.0, USB Type-C", "capacity": "20000 GB", "price_/_gb": "$0.036", "color": "Black"}, {"name": "Seagate Backup Plus", "rating": 4, "rating_count": 2, "price_usd": 59.99, "type": "Portable", "interface": "USB 3.0", "capacity": "2000 GB", "price_/_gb": "$0.030", "color": null}, {"name": "Seagate Expansion", "rating": 5, "rating_count": 2, "price_usd": 134.99, "type": "Desktop", "interface": "USB 3.0", "capacity": "8000 GB", "price_/_gb": "$0.017", "color": null}, {"name": "Samsung T5", "rating": 4, "rating_count": 3, "price_usd": 129.99, "type": "Portable", "interface": "USB Type-C", "capacity": "1000 GB", "price_/_gb": "$0.130", "color": null}, {"name": "Seagate Backup Plus Slim", "rating": 5, "rating_count": 2, "price_usd": 54.99, "type": "Portable", "interface": "USB 3.0", "capacity": "1000 GB", "price_/_gb": "$0.055", "color": "Black"}, {"name": "Samsung T5", "rating": 0, "rating_count": 0, "price_usd": 229.99, "type": "Portable", "interface": "USB Type-C", "capacity": "2000 GB", "price_/_gb": "$0.115", "color": "Black"}, {"name": "Seagate Expansion", "rating": 0, "rating_count": 0, "price_usd": 308.99, "type": "Desktop", "interface": "USB 3.0", "capacity": "16000 GB", "price_/_gb": "$0.019", "color": "Black"}, {"name": "Western Digital ELEMENTS", "rating": 4, "rating_count": 5, "price_usd": 139.99, "type": "Desktop", "interface": "USB 3.0", "capacity": "8000 GB", "price_/_gb": "$0.017", "color": "Black"}, {"name": "Western Digital WD_BLACK P10", "rating": 0, "rating_count": 0, "price_usd": 62.99, "type": "Portable", "interface": "USB 3.0", "capacity": "2000 GB", "price_/_gb": "$0.031", "color": "Black"}, {"name": "Western Digital WD_BLACK P10", "rating": 0, "rating_count": 0, "price_usd": 119.99, "type": "Portable", "interface": "USB 3.0", "capacity": "5000 GB", "price_/_gb": "$0.024", "color": "Black"}, {"name": "Samsung T7 Portable", "rating": 0, "rating_count": 0, "price_usd": 291.86, "type": "Portable", "interface": "USB Type-C", "capacity": "2000 GB", "price_/_gb": "$0.146", "color": "Black / Silver"}, {"name": "Western Digital easystore", "rating": 5, "rating_count": 1, "price_usd": 226.9, "type": "Desktop", "interface": "USB 3.0", "capacity": "12000 GB", "price_/_gb": "$0.019", "color": null}, {"name": "Samsung T7 Portable", "rating": 0, "rating_count": 0, "price_usd": 79.98, "type": "Portable", "interface": "USB Type-C", "capacity": "500 GB", "price_/_gb": "$0.160", "color": "Black / Silver"}, {"name": "SanDisk Extreme 900", "rating": 0, "rating_count": 0, "price_usd": 705.99, "type": "Portable", "interface": "USB 3.1", "capacity": "1920 GB", "price_/_gb": "$0.368", "color": null}, {"name": "Western Digital My Passport", "rating": 4, "rating_count": 1, "price_usd": 174.55, "type": "Portable", "interface": "USB 3.0", "capacity": "4000 GB", "price_/_gb": "$0.044", "color": "Black"}, {"name": "Seagate Backup Plus Hub", "rating": 4, "rating_count": 2, "price_usd": 154.99, "type": "Desktop", "interface": "USB 3.1", "capacity": "8000 GB", "price_/_gb": "$0.019", "color": null}, {"name": "Western Digital My Book", "rating": 5, "rating_count": 1, "price_usd": 198.0, "type": "Desktop", "interface": "USB 3.0", "capacity": "10000 GB", "price_/_gb": "$0.020", "color": "Black"}, {"name": "Seagate Backup Plus Slim", "rating": 4, "rating_count": 4, "price_usd": 109.0, "type": "Portable", "interface": "USB 3.0", "capacity": "2000 GB", "price_/_gb": "$0.054", "color": null}, {"name": "Seagate Expansion", "rating": 0, "rating_count": 0, "price_usd": 99.99, "type": "Portable", "interface": "USB 3.0", "capacity": "5000 GB", "price_/_gb": "$0.020", "color": "Black"}, {"name": "Western Digital My Book Duo", "rating": 0, "rating_count": 0, "price_usd": 899.99, "type": "Desktop", "interface": "USB 3.0, USB Type-C", "capacity": "24000 GB", "price_/_gb": "$0.037", "color": "Black"}, {"name": "Samsung T5", "rating": 5, "rating_count": 3, "price_usd": 121.97, "type": "Portable", "interface": "USB Type-C", "capacity": "500 GB", "price_/_gb": "$0.244", "color": null}, {"name": "Western Digital WDBYVG0020BBK-WESN", "rating": 0, "rating_count": 0, "price_usd": 62.99, "type": "Portable", "interface": "USB 3.0", "capacity": "2000 GB", "price_/_gb": "$0.031", "color": "Black"}, {"name": "Western Digital My Book", "rating": 0, "rating_count": 0, "price_usd": 89.0, "type": "Desktop", "interface": "USB 3.0", "capacity": "4000 GB", "price_/_gb": "$0.022", "color": "Black"}, {"name": "Seagate Backup Plus Portable", "rating": 0, "rating_count": 0, "price_usd": 99.99, "type": "Portable", "interface": "USB 3.0", "capacity": "4000 GB", "price_/_gb": "$0.025", "color": "Black"}, {"name": "Western Digital easystore", "rating": 4, "rating_count": 1, "price_usd": 309.99, "type": "Desktop", "interface": "USB 3.0", "capacity": "14000 GB", "price_/_gb": "$0.022", "color": "Black"}, {"name": "Toshiba Canvio Basics", "rating": 4, "rating_count": 3, "price_usd": 58.77, "type": "Portable", "interface": "USB 3.0", "capacity": "1000 GB", "price_/_gb": "$0.059", "color": null}, {"name": "Western Digital WD_BLACK P50", "rating": 0, "rating_count": 0, "price_usd": 199.99, "type": "Portable", "interface": "USB Type-C", "capacity": "1000 GB", "price_/_gb": "$0.200", "color": "Black / Silver"}, {"name": "Western Digital WDBYVG0010BBK-WESN", "rating": 0, "rating_count": 0, "price_usd": 49.99, "type": "Portable", "interface": "USB 3.0", "capacity": "1000 GB", "price_/_gb": "$0.050", "color": "Black"}, {"name": "Buslink DL-4TSDU31G2", "rating": 0, "rating_count": 0, "price_usd": 664.46, "type": "Portable", "interface": "USB 3.1", "capacity": "4000 GB", "price_/_gb": "$0.166", "color": "Black"}, {"name": "Western Digital WDBWLG0100HBK-NESN", "rating": 0, "rating_count": 0, "price_usd": 179.99, "type": "Desktop", "interface": "USB 3.0", "capacity": "10000 GB", "price_/_gb": "$0.018", "color": "Black"}, {"name": "Seagate Expansion", "rating": 0, "rating_count": 0, "price_usd": 169.99, "type": "Desktop", "interface": "USB 3.0", "capacity": "10000 GB", "price_/_gb": "$0.017", "color": "Black"}, {"name": "Western Digital WD_BLACK P10", "rating": 0, "rating_count": 0, "price_usd": 107.99, "type": "Portable", "interface": "USB 3.0", "capacity": "4000 GB", "price_/_gb": "$0.027", "color": "Black"}, {"name": "ADATA SD700", "rating": 0, "rating_count": 0, "price_usd": 54.1, "type": "Portable", "interface": "USB 3.0", "capacity": "256 GB", "price_/_gb": "$0.211", "color": null}, {"name": "ADATA DashDrive Durable HD650", "rating": 4, "rating_count": 3, "price_usd": 57.55, "type": "Portable", "interface": "USB 3.0", "capacity": "1000 GB", "price_/_gb": "$0.058", "color": null}, {"name": "Samsung T7 Portable", "rating": 0, "rating_count": 0, "price_usd": 159.99, "type": "Portable", "interface": "USB Type-C", "capacity": "1000 GB", "price_/_gb": "$0.160", "color": "Black / Silver"}, {"name": "Western Digital My Book", "rating": 0, "rating_count": 0, "price_usd": 142.99, "type": "Desktop", "interface": "USB 3.0", "capacity": "8000 GB", "price_/_gb": "$0.018", "color": "Black"}, {"name": "Western Digital Elements Portable", "rating": 0, "rating_count": 0, "price_usd": 94.99, "type": "Portable", "interface": "USB 3.0", "capacity": "4000 GB", "price_/_gb": "$0.024", "color": "Black"}, {"name": "Seagate Expansion", "rating": 4, "rating_count": 3, "price_usd": 89.99, "type": "Desktop", "interface": "USB 3.0", "capacity": "3000 GB", "price_/_gb": "$0.030", "color": null}, {"name": "Western Digital My Passport Ultra Portable", "rating": 4, "rating_count": 4, "price_usd": 158.0, "type": "Portable", "interface": "USB 3.0", "capacity": "2000 GB", "price_/_gb": "$0.079", "color": null}, {"name": "Toshiba Canvio Basics 3.0", "rating": 0, "rating_count": 0, "price_usd": 67.9, "type": "Portable", "interface": null, "capacity": "2000 GB", "price_/_gb": "$0.034", "color": null}, {"name": "Western Digital Elements", "rating": 0, "rating_count": 0, "price_usd": 219.99, "type": "Desktop", "interface": "USB 3.0", "capacity": "12000 GB", "price_/_gb": "$0.018", "color": null}, {"name": "Western Digital My Book Duo", "rating": 0, "rating_count": 0, "price_usd": 479.99, "type": "Desktop", "interface": "USB 3.0, USB Type-C", "capacity": "16000 GB", "price_/_gb": "$0.030", "color": "Black"}, {"name": "Western Digital ELEMENTS", "rating": 0, "rating_count": 0, "price_usd": 258.67, "type": "Desktop", "interface": "USB 3.1", "capacity": "14000 GB", "price_/_gb": "$0.018", "color": "Black"}, {"name": "Samsung T7 Portable", "rating": 0, "rating_count": 0, "price_usd": 291.06, "type": "Portable", "interface": "USB Type-C", "capacity": "2000 GB", "price_/_gb": "$0.146", "color": "Blue / Silver"}, {"name": "Western Digital Elements", "rating": 4, "rating_count": 1, "price_usd": 79.99, "type": "Desktop", "interface": "USB 3.0", "capacity": "3000 GB", "price_/_gb": "$0.027", "color": null}, {"name": "Western Digital My Book", "rating": 5, "rating_count": 1, "price_usd": 559.46, "type": "Desktop", "interface": "USB 3.0", "capacity": "3000 GB", "price_/_gb": "$0.186", "color": null}, {"name": "LaCie 5big", "rating": 0, "rating_count": 0, "price_usd": null, "type": "Desktop", "interface": "Thunderbolt", "capacity": "25000 GB", "price_/_gb": null, "color": null}, {"name": "Apricom ASSD-3PL256-120F", "rating": 0, "rating_count": 0, "price_usd": null, "type": "Desktop", "interface": "USB 2.0", "capacity": "120 GB", "price_/_gb": null, "color": null}, {"name": "Western Digital Elements", "rating": 4, "rating_count": 7, "price_usd": null, "type": "Portable", "interface": "USB 3.0", "capacity": "1000 GB", "price_/_gb": null, "color": null}, {"name": "Western Digital easystore", "rating": 3, "rating_count": 3, "price_usd": 188.63, "type": "Desktop", "interface": "USB 3.0", "capacity": "8000 GB", "price_/_gb": "$0.024", "color": null}, {"name": "Samsung T7 Portable", "rating": 0, "rating_count": 0, "price_usd": 299.99, "type": "Portable", "interface": "USB Type-C", "capacity": "2000 GB", "price_/_gb": "$0.150", "color": "Red / Silver"}, {"name": "Western Digital WDBYVG0010BBL-WESN", "rating": 0, "rating_count": 0, "price_usd": 59.99, "type": "Portable", "interface": "USB 3.0", "capacity": "1000 GB", "price_/_gb": "$0.060", "color": "Blue"}, {"name": "Western Digital My Book", "rating": 0, "rating_count": 0, "price_usd": 270.87, "type": "Desktop", "interface": "USB 3.1", "capacity": "14000 GB", "price_/_gb": "$0.019", "color": "Black"}, {"name": "Seagate Expansion", "rating": 0, "rating_count": 0, "price_usd": null, "type": "Portable", "interface": "USB 3.0", "capacity": "1000 GB", "price_/_gb": null, "color": null}, {"name": "Seagate Backup Plus Portable", "rating": 0, "rating_count": 0, "price_usd": 107.92, "type": "Portable", "interface": "USB 3.0", "capacity": "5000 GB", "price_/_gb": "$0.022", "color": "Black"}, {"name": "Seagate Expansion", "rating": 5, "rating_count": 1, "price_usd": null, "type": "Desktop", "interface": "USB 3.0", "capacity": "2000 GB", "price_/_gb": null, "color": null}, {"name": "Western Digital Elements", "rating": 4, "rating_count": 2, "price_usd": null, "type": "Portable", "interface": "USB 3.0", "capacity": "2000 GB", "price_/_gb": null, "color": null}, {"name": "Seagate STEB6000403", "rating": 0, "rating_count": 0, "price_usd": 114.99, "type": "Desktop", "interface": "USB 3.0", "capacity": "6000 GB", "price_/_gb": "$0.019", "color": "Black"}, {"name": "Seagate Backup Plus Hub", "rating": 0, "rating_count": 0, "price_usd": 188.89, "type": "Desktop", "interface": "USB 3.0", "capacity": "10000 GB", "price_/_gb": "$0.019", "color": "Black"}, {"name": "Seagate Expansion", "rating": 4, "rating_count": 3, "price_usd": 94.99, "type": "Desktop", "interface": "USB 3.0", "capacity": "4000 GB", "price_/_gb": "$0.024", "color": null}, {"name": "Western Digital easystore", "rating": 0, "rating_count": 0, "price_usd": 229.0, "type": "Desktop", "interface": "USB 3.1", "capacity": "10000 GB", "price_/_gb": "$0.023", "color": "Black"}, {"name": "Apricom Aegis Padlock Fortress", "rating": 0, "rating_count": 0, "price_usd": 258.49, "type": "Portable", "interface": "USB 3.0", "capacity": "2000 GB", "price_/_gb": "$0.129", "color": "Black"}, {"name": "Western Digital WDBPKJ0050BBK-WESN", "rating": 0, "rating_count": 0, "price_usd": 114.99, "type": "Portable", "interface": "USB 3.0", "capacity": "5000 GB", "price_/_gb": "$0.023", "color": "Black"}, {"name": "Seagate Backup Plus Ultra Touch", "rating": 0, "rating_count": 0, "price_usd": 79.98, "type": "Portable", "interface": "USB 3.0", "capacity": "2000 GB", "price_/_gb": "$0.040", "color": "Black"}, {"name": "Western Digital My Book Duo", "rating": 0, "rating_count": 0, "price_usd": 388.99, "type": "Desktop", "interface": "USB 3.0, USB Type-C", "capacity": "12000 GB", "price_/_gb": "$0.032", "color": "Black"}, {"name": "Western Digital WDBPKJ0050BWT-WESN", "rating": 0, "rating_count": 0, "price_usd": 149.99, "type": "Portable", "interface": "USB 3.0", "capacity": "5000 GB", "price_/_gb": "$0.030", "color": "White"}, {"name": "Western Digital My Book", "rating": 0, "rating_count": 0, "price_usd": 230.88, "type": "Desktop", "interface": "USB 3.1", "capacity": "12000 GB", "price_/_gb": "$0.019", "color": "Black"}, {"name": "Western Digital My Book", "rating": 2, "rating_count": 1, "price_usd": 119.0, "type": "Desktop", "interface": "USB 3.0", "capacity": "6000 GB", "price_/_gb": "$0.020", "color": "Black"}, {"name": "Seagate Backup Plus", "rating": 0, "rating_count": 0, "price_usd": 229.0, "type": "Desktop", "interface": "USB 3.0", "capacity": "8000 GB", "price_/_gb": "$0.029", "color": null}, {"name": "SanDisk Extreme 900", "rating": 0, "rating_count": 0, "price_usd": 744.31, "type": "Portable", "interface": "USB 3.1", "capacity": "480 GB", "price_/_gb": "$1.551", "color": null}, {"name": "Western Digital WDBYVG0020BBL-WESN", "rating": 0, "rating_count": 0, "price_usd": 69.99, "type": "Portable", "interface": "USB 3.0", "capacity": "2000 GB", "price_/_gb": "$0.035", "color": "Blue"}, {"name": "Seagate Game Drive Xbox GamePass Edition", "rating": 0, "rating_count": 0, "price_usd": 99.99, "type": "Portable", "interface": "USB 3.0", "capacity": "4000 GB", "price_/_gb": "$0.025", "color": "White"}, {"name": "Seagate Backup Plus Ultra Touch", "rating": 0, "rating_count": 0, "price_usd": 79.98, "type": "Portable", "interface": "USB 3.0", "capacity": "2000 GB", "price_/_gb": "$0.040", "color": "White"}, {"name": "Buffalo Technology DriveStation Axis Velocity", "rating": 5, "rating_count": 1, "price_usd": 74.99, "type": "Desktop", "interface": "USB 3.0", "capacity": "1000 GB", "price_/_gb": "$0.075", "color": null}, {"name": "ADATA SD700", "rating": 0, "rating_count": 0, "price_usd": 82.04, "type": "Portable", "interface": "USB 3.0", "capacity": "512 GB", "price_/_gb": "$0.160", "color": null}, {"name": "Western Digital Elements", "rating": 0, "rating_count": 0, "price_usd": 89.99, "type": "Desktop", "interface": "USB 3.0", "capacity": "4000 GB", "price_/_gb": "$0.022", "color": null}, {"name": "Seagate Backup Plus Ultra Touch", "rating": 0, "rating_count": 0, "price_usd": 57.49, "type": "Portable", "interface": "USB 3.0", "capacity": "1000 GB", "price_/_gb": "$0.057", "color": "Black"}, {"name": "Western Digital My Book Thunderbolt Duo", "rating": 5, "rating_count": 1, "price_usd": 499.0, "type": "Desktop", "interface": "Thunderbolt", "capacity": "4000 GB", "price_/_gb": "$0.125", "color": null}, {"name": "Western Digital Elements", "rating": 4, "rating_count": 1, "price_usd": 74.98, "type": "Portable", "interface": "USB 3.0", "capacity": "500 GB", "price_/_gb": "$0.150", "color": null}, {"name": "Western Digital ELEMENTS", "rating": 0, "rating_count": 0, "price_usd": 124.99, "type": "Desktop", "interface": "USB 3.0", "capacity": "6000 GB", "price_/_gb": "$0.021", "color": "Black"}, {"name": "LaCie d2", "rating": 0, "rating_count": 0, "price_usd": 679.9, "type": "Desktop", "interface": "USB 3.0, Thunderbolt", "capacity": "6000 GB", "price_/_gb": "$0.113", "color": null}, {"name": "Samsung T1", "rating": 5, "rating_count": 1, "price_usd": null, "type": "Portable", "interface": "USB 3.0", "capacity": "1000 GB", "price_/_gb": null, "color": null}, {"name": "Western Digital My Passport", "rating": 4, "rating_count": 2, "price_usd": null, "type": "Portable", "interface": "USB 3.0", "capacity": "2000 GB", "price_/_gb": null, "color": null}, {"name": "Western Digital WDBPKJ0040BBK-WESN", "rating": 0, "rating_count": 0, "price_usd": 94.99, "type": "Portable", "interface": "USB 3.0", "capacity": "4000 GB", "price_/_gb": "$0.024", "color": "Black"}, {"name": "Western Digital My Book Duo", "rating": 0, "rating_count": 0, "price_usd": 259.99, "type": "Desktop", "interface": "USB 3.0, USB Type-C", "capacity": "4000 GB", "price_/_gb": "$0.065", "color": "Black"}, {"name": "Western Digital My Book Duo", "rating": 0, "rating_count": 0, "price_usd": 349.99, "type": "Desktop", "interface": "USB 3.0, USB Type-C", "capacity": "8000 GB", "price_/_gb": "$0.044", "color": "Black"}, {"name": "Buffalo Technology Americas MiniStation", "rating": 5, "rating_count": 1, "price_usd": 51.45, "type": "Portable", "interface": "USB 3.0", "capacity": "1000 GB", "price_/_gb": "$0.051", "color": "Black"}, {"name": "Seagate Backup Plus", "rating": 5, "rating_count": 1, "price_usd": 149.97, "type": "Desktop", "interface": "USB 3.0", "capacity": "5000 GB", "price_/_gb": "$0.030", "color": null}, {"name": "Samsung T5", "rating": 0, "rating_count": 0, "price_usd": 126.99, "type": "Portable", "interface": "USB Type-C", "capacity": "250 GB", "price_/_gb": "$0.508", "color": "Blue"}, {"name": "Seagate Backup Plus Ultra Touch", "rating": 0, "rating_count": 0, "price_usd": 57.49, "type": "Portable", "interface": "USB 3.0", "capacity": "1000 GB", "price_/_gb": "$0.057", "color": "White"}, {"name": "ADATA SD700", "rating": 0, "rating_count": 0, "price_usd": 129.99, "type": "Portable", "interface": "USB 3.0", "capacity": "1000 GB", "price_/_gb": "$0.130", "color": null}, {"name": "Seagate Backup Plus", "rating": 4, "rating_count": 8, "price_usd": null, "type": "Portable", "interface": "USB 3.0", "capacity": "1000 GB", "price_/_gb": null, "color": null}, {"name": "Western Digital WDBPKJ0040BBL-WESN", "rating": 0, "rating_count": 0, "price_usd": 109.99, "type": "Portable", "interface": "USB 3.0", "capacity": "4000 GB", "price_/_gb": "$0.027", "color": "Blue"}, {"name": "Western Digital WDBPKJ0040BRD-WESN", "rating": 0, "rating_count": 0, "price_usd": 109.99, "type": "Portable", "interface": "USB 3.0", "capacity": "4000 GB", "price_/_gb": "$0.027", "color": "Red"}, {"name": "Apricom ASSD-3PL256-240F", "rating": 0, "rating_count": 0, "price_usd": 208.95, "type": "Desktop", "interface": "USB 2.0", "capacity": "240 GB", "price_/_gb": "$0.871", "color": null}, {"name": "Seagate Backup Plus", "rating": 0, "rating_count": 0, "price_usd": 140.0, "type": "Portable", "interface": "USB 3.0", "capacity": "4000 GB", "price_/_gb": "$0.035", "color": null}, {"name": "Western Digital Elements", "rating": 4, "rating_count": 10, "price_usd": 47.99, "type": "Portable", "interface": "USB 3.0", "capacity": "1000 GB", "price_/_gb": "$0.048", "color": null}, {"name": "Western Digital My Book Duo", "rating": 0, "rating_count": 0, "price_usd": 989.89, "type": "Desktop", "interface": "USB 3.0, USB Type-C", "capacity": "28000 GB", "price_/_gb": "$0.035", "color": "Black"}, {"name": "Seagate Expansion", "rating": 4, "rating_count": 5, "price_usd": 92.18, "type": "Desktop", "interface": "USB 3.0", "capacity": "4000 GB", "price_/_gb": "$0.023", "color": null}, {"name": "Western Digital My Book Duo", "rating": 0, "rating_count": 0, "price_usd": 719.67, "type": "Desktop", "interface": "USB 3.0, USB Type-C", "capacity": "20000 GB", "price_/_gb": "$0.036", "color": "Black"}, {"name": "Seagate Backup Plus", "rating": 4, "rating_count": 2, "price_usd": 59.99, "type": "Portable", "interface": "USB 3.0", "capacity": "2000 GB", "price_/_gb": "$0.030", "color": null}, {"name": "Seagate Expansion", "rating": 5, "rating_count": 2, "price_usd": 134.99, "type": "Desktop", "interface": "USB 3.0", "capacity": "8000 GB", "price_/_gb": "$0.017", "color": null}, {"name": "Samsung T5", "rating": 4, "rating_count": 3, "price_usd": 129.99, "type": "Portable", "interface": "USB Type-C", "capacity": "1000 GB", "price_/_gb": "$0.130", "color": null}, {"name": "Seagate Backup Plus Slim", "rating": 5, "rating_count": 2, "price_usd": 54.99, "type": "Portable", "interface": "USB 3.0", "capacity": "1000 GB", "price_/_gb": "$0.055", "color": "Black"}, {"name": "Samsung T5", "rating": 0, "rating_count": 0, "price_usd": 229.99, "type": "Portable", "interface": "USB Type-C", "capacity": "2000 GB", "price_/_gb": "$0.115", "color": "Black"}, {"name": "Seagate Expansion", "rating": 0, "rating_count": 0, "price_usd": 308.99, "type": "Desktop", "interface": "USB 3.0", "capacity": "16000 GB", "price_/_gb": "$0.019", "color": "Black"}, {"name": "Western Digital ELEMENTS", "rating": 4, "rating_count": 5, "price_usd": 139.99, "type": "Desktop", "interface": "USB 3.0", "capacity": "8000 GB", "price_/_gb": "$0.017", "color": "Black"}, {"name": "Western Digital WD_BLACK P10", "rating": 0, "rating_count": 0, "price_usd": 62.99, "type": "Portable", "interface": "USB 3.0", "capacity": "2000 GB", "price_/_gb": "$0.031", "color": "Black"}, {"name": "Western Digital WD_BLACK P10", "rating": 0, "rating_count": 0, "price_usd": 119.99, "type": "Portable", "interface": "USB 3.0", "capacity": "5000 GB", "price_/_gb": "$0.024", "color": "Black"}, {"name": "Samsung T7 Portable", "rating": 0, "rating_count": 0, "price_usd": 291.86, "type": "Portable", "interface": "USB Type-C", "capacity": "2000 GB", "price_/_gb": "$0.146", "color": "Black / Silver"}, {"name": "Western Digital easystore", "rating": 5, "rating_count": 1, "price_usd": 226.9, "type": "Desktop", "interface": "USB 3.0", "capacity": "12000 GB", "price_/_gb": "$0.019", "color": null}, {"name": "Samsung T7 Portable", "rating": 0, "rating_count": 0, "price_usd": 79.98, "type": "Portable", "interface": "USB Type-C", "capacity": "500 GB", "price_/_gb": "$0.160", "color": "Black / Silver"}, {"name": "SanDisk Extreme 900", "rating": 0, "rating_count": 0, "price_usd": 705.99, "type": "Portable", "interface": "USB 3.1", "capacity": "1920 GB", "price_/_gb": "$0.368", "color": null}, {"name": "Western Digital My Passport", "rating": 4, "rating_count": 1, "price_usd": 174.55, "type": "Portable", "interface": "USB 3.0", "capacity": "4000 GB", "price_/_gb": "$0.044", "color": "Black"}, {"name": "Seagate Backup Plus Hub", "rating": 4, "rating_count": 2, "price_usd": 154.99, "type": "Desktop", "interface": "USB 3.1", "capacity": "8000 GB", "price_/_gb": "$0.019", "color": null}, {"name": "Western Digital My Book", "rating": 5, "rating_count": 1, "price_usd": 198.0, "type": "Desktop", "interface": "USB 3.0", "capacity": "10000 GB", "price_/_gb": "$0.020", "color": "Black"}, {"name": "Seagate Backup Plus Slim", "rating": 4, "rating_count": 4, "price_usd": 109.0, "type": "Portable", "interface": "USB 3.0", "capacity": "2000 GB", "price_/_gb": "$0.054", "color": null}, {"name": "Seagate Expansion", "rating": 0, "rating_count": 0, "price_usd": 99.99, "type": "Portable", "interface": "USB 3.0", "capacity": "5000 GB", "price_/_gb": "$0.020", "color": "Black"}, {"name": "Western Digital My Book Duo", "rating": 0, "rating_count": 0, "price_usd": 899.99, "type": "Desktop", "interface": "USB 3.0, USB Type-C", "capacity": "24000 GB", "price_/_gb": "$0.037", "color": "Black"}, {"name": "Samsung T5", "rating": 5, "rating_count": 3, "price_usd": 121.97, "type": "Portable", "interface": "USB Type-C", "capacity": "500 GB", "price_/_gb": "$0.244", "color": null}, {"name": "Western Digital WDBYVG0020BBK-WESN", "rating": 0, "rating_count": 0, "price_usd": 62.99, "type": "Portable", "interface": "USB 3.0", "capacity": "2000 GB", "price_/_gb": "$0.031", "color": "Black"}, {"name": "Western Digital My Book", "rating": 0, "rating_count": 0, "price_usd": 89.0, "type": "Desktop", "interface": "USB 3.0", "capacity": "4000 GB", "price_/_gb": "$0.022", "color": "Black"}, {"name": "Seagate Backup Plus Portable", "rating": 0, "rating_count": 0, "price_usd": 99.99, "type": "Portable", "interface": "USB 3.0", "capacity": "4000 GB", "price_/_gb": "$0.025", "color": "Black"}, {"name": "Western Digital easystore", "rating": 4, "rating_count": 1, "price_usd": 309.99, "type": "Desktop", "interface": "USB 3.0", "capacity": "14000 GB", "price_/_gb": "$0.022", "color": "Black"}, {"name": "Toshiba Canvio Basics", "rating": 4, "rating_count": 3, "price_usd": 58.77, "type": "Portable", "interface": "USB 3.0", "capacity": "1000 GB", "price_/_gb": "$0.059", "color": null}, {"name": "Western Digital WD_BLACK P50", "rating": 0, "rating_count": 0, "price_usd": 199.99, "type": "Portable", "interface": "USB Type-C", "capacity": "1000 GB", "price_/_gb": "$0.200", "color": "Black / Silver"}, {"name": "Western Digital WDBYVG0010BBK-WESN", "rating": 0, "rating_count": 0, "price_usd": 49.99, "type": "Portable", "interface": "USB 3.0", "capacity": "1000 GB", "price_/_gb": "$0.050", "color": "Black"}, {"name": "Buslink DL-4TSDU31G2", "rating": 0, "rating_count": 0, "price_usd": 664.46, "type": "Portable", "interface": "USB 3.1", "capacity": "4000 GB", "price_/_gb": "$0.166", "color": "Black"}, {"name": "Western Digital WDBWLG0100HBK-NESN", "rating": 0, "rating_count": 0, "price_usd": 179.99, "type": "Desktop", "interface": "USB 3.0", "capacity": "10000 GB", "price_/_gb": "$0.018", "color": "Black"}, {"name": "Seagate Expansion", "rating": 0, "rating_count": 0, "price_usd": 169.99, "type": "Desktop", "interface": "USB 3.0", "capacity": "10000 GB", "price_/_gb": "$0.017", "color": "Black"}, {"name": "Western Digital WD_BLACK P10", "rating": 0, "rating_count": 0, "price_usd": 107.99, "type": "Portable", "interface": "USB 3.0", "capacity": "4000 GB", "price_/_gb": "$0.027", "color": "Black"}, {"name": "ADATA SD700", "rating": 0, "rating_count": 0, "price_usd": 54.1, "type": "Portable", "interface": "USB 3.0", "capacity": "256 GB", "price_/_gb": "$0.211", "color": null}, {"name": "ADATA DashDrive Durable HD650", "rating": 4, "rating_count": 3, "price_usd": 57.55, "type": "Portable", "interface": "USB 3.0", "capacity": "1000 GB", "price_/_gb": "$0.058", "color": null}, {"name": "Samsung T7 Portable", "rating": 0, "rating_count": 0, "price_usd": 159.99, "type": "Portable", "interface": "USB Type-C", "capacity": "1000 GB", "price_/_gb": "$0.160", "color": "Black / Silver"}, {"name": "Western Digital My Book", "rating": 0, "rating_count": 0, "price_usd": 142.99, "type": "Desktop", "interface": "USB 3.0", "capacity": "8000 GB", "price_/_gb": "$0.018", "color": "Black"}, {"name": "Western Digital Elements Portable", "rating": 0, "rating_count": 0, "price_usd": 94.99, "type": "Portable", "interface": "USB 3.0", "capacity": "4000 GB", "price_/_gb": "$0.024", "color": "Black"}, {"name": "Seagate Expansion", "rating": 4, "rating_count": 3, "price_usd": 89.99, "type": "Desktop", "interface": "USB 3.0", "capacity": "3000 GB", "price_/_gb": "$0.030", "color": null}, {"name": "Western Digital My Passport Ultra Portable", "rating": 4, "rating_count": 4, "price_usd": 158.0, "type": "Portable", "interface": "USB 3.0", "capacity": "2000 GB", "price_/_gb": "$0.079", "color": null}, {"name": "Toshiba Canvio Basics 3.0", "rating": 0, "rating_count": 0, "price_usd": 67.9, "type": "Portable", "interface": null, "capacity": "2000 GB", "price_/_gb": "$0.034", "color": null}, {"name": "Western Digital Elements", "rating": 0, "rating_count": 0, "price_usd": 219.99, "type": "Desktop", "interface": "USB 3.0", "capacity": "12000 GB", "price_/_gb": "$0.018", "color": null}, {"name": "Western Digital My Book Duo", "rating": 0, "rating_count": 0, "price_usd": 479.99, "type": "Desktop", "interface": "USB 3.0, USB Type-C", "capacity": "16000 GB", "price_/_gb": "$0.030", "color": "Black"}, {"name": "Western Digital ELEMENTS", "rating": 0, "rating_count": 0, "price_usd": 258.67, "type": "Desktop", "interface": "USB 3.1", "capacity": "14000 GB", "price_/_gb": "$0.018", "color": "Black"}, {"name": "Samsung T7 Portable", "rating": 0, "rating_count": 0, "price_usd": 291.06, "type": "Portable", "interface": "USB Type-C", "capacity": "2000 GB", "price_/_gb": "$0.146", "color": "Blue / Silver"}, {"name": "Western Digital Elements", "rating": 4, "rating_count": 1, "price_usd": 79.99, "type": "Desktop", "interface": "USB 3.0", "capacity": "3000 GB", "price_/_gb": "$0.027", "color": null}, {"name": "Western Digital My Book", "rating": 5, "rating_count": 1, "price_usd": 559.46, "type": "Desktop", "interface": "USB 3.0", "capacity": "3000 GB", "price_/_gb": "$0.186", "color": null}, {"name": "LaCie 5big", "rating": 0, "rating_count": 0, "price_usd": null, "type": "Desktop", "interface": "Thunderbolt", "capacity": "25000 GB", "price_/_gb": null, "color": null}, {"name": "Apricom ASSD-3PL256-120F", "rating": 0, "rating_count": 0, "price_usd": null, "type": "Desktop", "interface": "USB 2.0", "capacity": "120 GB", "price_/_gb": null, "color": null}, {"name": "Western Digital Elements", "rating": 4, "rating_count": 7, "price_usd": null, "type": "Portable", "interface": "USB 3.0", "capacity": "1000 GB", "price_/_gb": null, "color": null}, {"name": "Western Digital easystore", "rating": 3, "rating_count": 3, "price_usd": 188.63, "type": "Desktop", "interface": "USB 3.0", "capacity": "8000 GB", "price_/_gb": "$0.024", "color": null}, {"name": "Samsung T7 Portable", "rating": 0, "rating_count": 0, "price_usd": 299.99, "type": "Portable", "interface": "USB Type-C", "capacity": "2000 GB", "price_/_gb": "$0.150", "color": "Red / Silver"}, {"name": "Western Digital WDBYVG0010BBL-WESN", "rating": 0, "rating_count": 0, "price_usd": 59.99, "type": "Portable", "interface": "USB 3.0", "capacity": "1000 GB", "price_/_gb": "$0.060", "color": "Blue"}, {"name": "Western Digital My Book", "rating": 0, "rating_count": 0, "price_usd": 270.87, "type": "Desktop", "interface": "USB 3.1", "capacity": "14000 GB", "price_/_gb": "$0.019", "color": "Black"}, {"name": "Seagate Expansion", "rating": 0, "rating_count": 0, "price_usd": null, "type": "Portable", "interface": "USB 3.0", "capacity": "1000 GB", "price_/_gb": null, "color": null}, {"name": "Seagate Backup Plus Portable", "rating": 0, "rating_count": 0, "price_usd": 107.92, "type": "Portable", "interface": "USB 3.0", "capacity": "5000 GB", "price_/_gb": "$0.022", "color": "Black"}, {"name": "Seagate Expansion", "rating": 5, "rating_count": 1, "price_usd": null, "type": "Desktop", "interface": "USB 3.0", "capacity": "2000 GB", "price_/_gb": null, "color": null}, {"name": "Western Digital Elements", "rating": 4, "rating_count": 2, "price_usd": null, "type": "Portable", "interface": "USB 3.0", "capacity": "2000 GB", "price_/_gb": null, "color": null}, {"name": "Seagate STEB6000403", "rating": 0, "rating_count": 0, "price_usd": 114.99, "type": "Desktop", "interface": "USB 3.0", "capacity": "6000 GB", "price_/_gb": "$0.019", "color": "Black"}, {"name": "Seagate Backup Plus Hub", "rating": 0, "rating_count": 0, "price_usd": 188.89, "type": "Desktop", "interface": "USB 3.0", "capacity": "10000 GB", "price_/_gb": "$0.019", "color": "Black"}, {"name": "Seagate Expansion", "rating": 4, "rating_count": 3, "price_usd": 94.99, "type": "Desktop", "interface": "USB 3.0", "capacity": "4000 GB", "price_/_gb": "$0.024", "color": null}, {"name": "Western Digital easystore", "rating": 0, "rating_count": 0, "price_usd": 229.0, "type": "Desktop", "interface": "USB 3.1", "capacity": "10000 GB", "price_/_gb": "$0.023", "color": "Black"}, {"name": "Apricom Aegis Padlock Fortress", "rating": 0, "rating_count": 0, "price_usd": 258.49, "type": "Portable", "interface": "USB 3.0", "capacity": "2000 GB", "price_/_gb": "$0.129", "color": "Black"}, {"name": "Western Digital WDBPKJ0050BBK-WESN", "rating": 0, "rating_count": 0, "price_usd": 114.99, "type": "Portable", "interface": "USB 3.0", "capacity": "5000 GB", "price_/_gb": "$0.023", "color": "Black"}, {"name": "Seagate Backup Plus Ultra Touch", "rating": 0, "rating_count": 0, "price_usd": 79.98, "type": "Portable", "interface": "USB 3.0", "capacity": "2000 GB", "price_/_gb": "$0.040", "color": "Black"}, {"name": "Western Digital My Book Duo", "rating": 0, "rating_count": 0, "price_usd": 388.99, "type": "Desktop", "interface": "USB 3.0, USB Type-C", "capacity": "12000 GB", "price_/_gb": "$0.032", "color": "Black"}, {"name": "Western Digital WDBPKJ0050BWT-WESN", "rating": 0, "rating_count": 0, "price_usd": 149.99, "type": "Portable", "interface": "USB 3.0", "capacity": "5000 GB", "price_/_gb": "$0.030", "color": "White"}, {"name": "Western Digital My Book", "rating": 0, "rating_count": 0, "price_usd": 230.88, "type": "Desktop", "interface": "USB 3.1", "capacity": "12000 GB", "price_/_gb": "$0.019", "color": "Black"}, {"name": "Western Digital My Book", "rating": 2, "rating_count": 1, "price_usd": 119.0, "type": "Desktop", "interface": "USB 3.0", "capacity": "6000 GB", "price_/_gb": "$0.020", "color": "Black"}, {"name": "Seagate Backup Plus", "rating": 0, "rating_count": 0, "price_usd": 229.0, "type": "Desktop", "interface": "USB 3.0", "capacity": "8000 GB", "price_/_gb": "$0.029", "color": null}, {"name": "SanDisk Extreme 900", "rating": 0, "rating_count": 0, "price_usd": 744.31, "type": "Portable", "interface": "USB 3.1", "capacity": "480 GB", "price_/_gb": "$1.551", "color": null}, {"name": "Western Digital WDBYVG0020BBL-WESN", "rating": 0, "rating_count": 0, "price_usd": 69.99, "type": "Portable", "interface": "USB 3.0", "capacity": "2000 GB", "price_/_gb": "$0.035", "color": "Blue"}, {"name": "Seagate Game Drive Xbox GamePass Edition", "rating": 0, "rating_count": 0, "price_usd": 99.99, "type": "Portable", "interface": "USB 3.0", "capacity": "4000 GB", "price_/_gb": "$0.025", "color": "White"}, {"name": "Seagate Backup Plus Ultra Touch", "rating": 0, "rating_count": 0, "price_usd": 79.98, "type": "Portable", "interface": "USB 3.0", "capacity": "2000 GB", "price_/_gb": "$0.040", "color": "White"}, {"name": "Buffalo Technology DriveStation Axis Velocity", "rating": 5, "rating_count": 1, "price_usd": 74.99, "type": "Desktop", "interface": "USB 3.0", "capacity": "1000 GB", "price_/_gb": "$0.075", "color": null}, {"name": "ADATA SD700", "rating": 0, "rating_count": 0, "price_usd": 82.04, "type": "Portable", "interface": "USB 3.0", "capacity": "512 GB", "price_/_gb": "$0.160", "color": null}, {"name": "Western Digital Elements", "rating": 0, "rating_count": 0, "price_usd": 89.99, "type": "Desktop", "interface": "USB 3.0", "capacity": "4000 GB", "price_/_gb": "$0.022", "color": null}, {"name": "Seagate Backup Plus Ultra Touch", "rating": 0, "rating_count": 0, "price_usd": 57.49, "type": "Portable", "interface": "USB 3.0", "capacity": "1000 GB", "price_/_gb": "$0.057", "color": "Black"}, {"name": "Western Digital My Book Thunderbolt Duo", "rating": 5, "rating_count": 1, "price_usd": 499.0, "type": "Desktop", "interface": "Thunderbolt", "capacity": "4000 GB", "price_/_gb": "$0.125", "color": null}, {"name": "Western Digital Elements", "rating": 4, "rating_count": 1, "price_usd": 74.98, "type": "Portable", "interface": "USB 3.0", "capacity": "500 GB", "price_/_gb": "$0.150", "color": null}, {"name": "Western Digital ELEMENTS", "rating": 0, "rating_count": 0, "price_usd": 124.99, "type": "Desktop", "interface": "USB 3.0", "capacity": "6000 GB", "price_/_gb": "$0.021", "color": "Black"}, {"name": "LaCie d2", "rating": 0, "rating_count": 0, "price_usd": 679.9, "type": "Desktop", "interface": "USB 3.0, Thunderbolt", "capacity": "6000 GB", "price_/_gb": "$0.113", "color": null}, {"name": "Samsung T1", "rating": 5, "rating_count": 1, "price_usd": null, "type": "Portable", "interface": "USB 3.0", "capacity": "1000 GB", "price_/_gb": null, "color": null}, {"name": "Western Digital My Passport", "rating": 4, "rating_count": 2, "price_usd": null, "type": "Portable", "interface": "USB 3.0", "capacity": "2000 GB", "price_/_gb": null, "color": null}, {"name": "Western Digital WDBPKJ0040BBK-WESN", "rating": 0, "rating_count": 0, "price_usd": 94.99, "type": "Portable", "interface": "USB 3.0", "capacity": "4000 GB", "price_/_gb": "$0.024", "color": "Black"}, {"name": "Western Digital My Book Duo", "rating": 0, "rating_count": 0, "price_usd": 259.99, "type": "Desktop", "interface": "USB 3.0, USB Type-C", "capacity": "4000 GB", "price_/_gb": "$0.065", "color": "Black"}, {"name": "Western Digital My Book Duo", "rating": 0, "rating_count": 0, "price_usd": 349.99, "type": "Desktop", "interface": "USB 3.0, USB Type-C", "capacity": "8000 GB", "price_/_gb": "$0.044", "color": "Black"}, {"name": "Buffalo Technology Americas MiniStation", "rating": 5, "rating_count": 1, "price_usd": 51.45, "type": "Portable", "interface": "USB 3.0", "capacity": "1000 GB", "price_/_gb": "$0.051", "color": "Black"}, {"name": "Seagate Backup Plus", "rating": 5, "rating_count": 1, "price_usd": 149.97, "type": "Desktop", "interface": "USB 3.0", "capacity": "5000 GB", "price_/_gb": "$0.030", "color": null}, {"name": "Samsung T5", "rating": 0, "rating_count": 0, "price_usd": 126.99, "type": "Portable", "interface": "USB Type-C", "capacity": "250 GB", "price_/_gb": "$0.508", "color": "Blue"}, {"name": "Seagate Backup Plus Ultra Touch", "rating": 0, "rating_count": 0, "price_usd": 57.49, "type": "Portable", "interface": "USB 3.0", "capacity": "1000 GB", "price_/_gb": "$0.057", "color": "White"}, {"name": "ADATA SD700", "rating": 0, "rating_count": 0, "price_usd": 129.99, "type": "Portable", "interface": "USB 3.0", "capacity": "1000 GB", "price_/_gb": "$0.130", "color": null}, {"name": "Seagate Backup Plus", "rating": 4, "rating_count": 8, "price_usd": null, "type": "Portable", "interface": "USB 3.0", "capacity": "1000 GB", "price_/_gb": null, "color": null}, {"name": "Western Digital WDBPKJ0040BBL-WESN", "rating": 0, "rating_count": 0, "price_usd": 109.99, "type": "Portable", "interface": "USB 3.0", "capacity": "4000 GB", "price_/_gb": "$0.027", "color": "Blue"}, {"name": "Western Digital WDBPKJ0040BRD-WESN", "rating": 0, "rating_count": 0, "price_usd": 109.99, "type": "Portable", "interface": "USB 3.0", "capacity": "4000 GB", "price_/_gb": "$0.027", "color": "Red"}, {"name": "Apricom ASSD-3PL256-240F", "rating": 0, "rating_count": 0, "price_usd": 208.95, "type": "Desktop", "interface": "USB 2.0", "capacity": "240 GB", "price_/_gb": "$0.871", "color": null}, {"name": "Seagate Backup Plus", "rating": 0, "rating_count": 0, "price_usd": 140.0, "type": "Portable", "interface": "USB 3.0", "capacity": "4000 GB", "price_/_gb": "$0.035", "color": null}, {"name": "Western Digital Elements", "rating": 4, "rating_count": 10, "price_usd": 47.99, "type": "Portable", "interface": "USB 3.0", "capacity": "1000 GB", "price_/_gb": "$0.048", "color": null}, {"name": "Western Digital My Book Duo", "rating": 0, "rating_count": 0, "price_usd": 989.89, "type": "Desktop", "interface": "USB 3.0, USB Type-C", "capacity": "28000 GB", "price_/_gb": "$0.035", "color": "Black"}, {"name": "Seagate Expansion", "rating": 4, "rating_count": 5, "price_usd": 92.18, "type": "Desktop", "interface": "USB 3.0", "capacity": "4000 GB", "price_/_gb": "$0.023", "color": null}, {"name": "Western Digital My Book Duo", "rating": 0, "rating_count": 0, "price_usd": 719.67, "type": "Desktop", "interface": "USB 3.0, USB Type-C", "capacity": "20000 GB", "price_/_gb": "$0.036", "color": "Black"}, {"name": "Seagate Backup Plus", "rating": 4, "rating_count": 2, "price_usd": 59.99, "type": "Portable", "interface": "USB 3.0", "capacity": "2000 GB", "price_/_gb": "$0.030", "color": null}, {"name": "Seagate Expansion", "rating": 5, "rating_count": 2, "price_usd": 134.99, "type": "Desktop", "interface": "USB 3.0", "capacity": "8000 GB", "price_/_gb": "$0.017", "color": null}, {"name": "Samsung T5", "rating": 4, "rating_count": 3, "price_usd": 129.99, "type": "Portable", "interface": "USB Type-C", "capacity": "1000 GB", "price_/_gb": "$0.130", "color": null}, {"name": "Seagate Backup Plus Slim", "rating": 5, "rating_count": 2, "price_usd": 54.99, "type": "Portable", "interface": "USB 3.0", "capacity": "1000 GB", "price_/_gb": "$0.055", "color": "Black"}, {"name": "Samsung T5", "rating": 0, "rating_count": 0, "price_usd": 229.99, "type": "Portable", "interface": "USB Type-C", "capacity": "2000 GB", "price_/_gb": "$0.115", "color": "Black"}, {"name": "Seagate Expansion", "rating": 0, "rating_count": 0, "price_usd": 308.99, "type": "Desktop", "interface": "USB 3.0", "capacity": "16000 GB", "price_/_gb": "$0.019", "color": "Black"}, {"name": "Western Digital ELEMENTS", "rating": 4, "rating_count": 5, "price_usd": 139.99, "type": "Desktop", "interface": "USB 3.0", "capacity": "8000 GB", "price_/_gb": "$0.017", "color": "Black"}, {"name": "Western Digital WD_BLACK P10", "rating": 0, "rating_count": 0, "price_usd": 62.99, "type": "Portable", "interface": "USB 3.0", "capacity": "2000 GB", "price_/_gb": "$0.031", "color": "Black"}, {"name": "Western Digital WD_BLACK P10", "rating": 0, "rating_count": 0, "price_usd": 119.99, "type": "Portable", "interface": "USB 3.0", "capacity": "5000 GB", "price_/_gb": "$0.024", "color": "Black"}, {"name": "Samsung T7 Portable", "rating": 0, "rating_count": 0, "price_usd": 291.86, "type": "Portable", "interface": "USB Type-C", "capacity": "2000 GB", "price_/_gb": "$0.146", "color": "Black / Silver"}, {"name": "Western Digital easystore", "rating": 5, "rating_count": 1, "price_usd": 226.9, "type": "Desktop", "interface": "USB 3.0", "capacity": "12000 GB", "price_/_gb": "$0.019", "color": null}, {"name": "Samsung T7 Portable", "rating": 0, "rating_count": 0, "price_usd": 79.98, "type": "Portable", "interface": "USB Type-C", "capacity": "500 GB", "price_/_gb": "$0.160", "color": "Black / Silver"}, {"name": "SanDisk Extreme 900", "rating": 0, "rating_count": 0, "price_usd": 705.99, "type": "Portable", "interface": "USB 3.1", "capacity": "1920 GB", "price_/_gb": "$0.368", "color": null}, {"name": "Western Digital My Passport", "rating": 4, "rating_count": 1, "price_usd": 174.55, "type": "Portable", "interface": "USB 3.0", "capacity": "4000 GB", "price_/_gb": "$0.044", "color": "Black"}, {"name": "Seagate Backup Plus Hub", "rating": 4, "rating_count": 2, "price_usd": 154.99, "type": "Desktop", "interface": "USB 3.1", "capacity": "8000 GB", "price_/_gb": "$0.019", "color": null}, {"name": "Western Digital My Book", "rating": 5, "rating_count": 1, "price_usd": 198.0, "type": "Desktop", "interface": "USB 3.0", "capacity": "10000 GB", "price_/_gb": "$0.020", "color": "Black"}, {"name": "Seagate Backup Plus Slim", "rating": 4, "rating_count": 4, "price_usd": 109.0, "type": "Portable", "interface": "USB 3.0", "capacity": "2000 GB", "price_/_gb": "$0.054", "color": null}, {"name": "Seagate Expansion", "rating": 0, "rating_count": 0, "price_usd": 99.99, "type": "Portable", "interface": "USB 3.0", "capacity": "5000 GB", "price_/_gb": "$0.020", "color": "Black"}, {"name": "Western Digital My Book Duo", "rating": 0, "rating_count": 0, "price_usd": 899.99, "type": "Desktop", "interface": "USB 3.0, USB Type-C", "capacity": "24000 GB", "price_/_gb": "$0.037", "color": "Black"}, {"name": "Samsung T5", "rating": 5, "rating_count": 3, "price_usd": 121.97, "type": "Portable", "interface": "USB Type-C", "capacity": "500 GB", "price_/_gb": "$0.244", "color": null}, {"name": "Western Digital WDBYVG0020BBK-WESN", "rating": 0, "rating_count": 0, "price_usd": 62.99, "type": "Portable", "interface": "USB 3.0", "capacity": "2000 GB", "price_/_gb": "$0.031", "color": "Black"}, {"name": "Western Digital My Book", "rating": 0, "rating_count": 0, "price_usd": 89.0, "type": "Desktop", "interface": "USB 3.0", "capacity": "4000 GB", "price_/_gb": "$0.022", "color": "Black"}, {"name": "Seagate Backup Plus Portable", "rating": 0, "rating_count": 0, "price_usd": 99.99, "type": "Portable", "interface": "USB 3.0", "capacity": "4000 GB", "price_/_gb": "$0.025", "color": "Black"}, {"name": "Western Digital easystore", "rating": 4, "rating_count": 1, "price_usd": 309.99, "type": "Desktop", "interface": "USB 3.0", "capacity": "14000 GB", "price_/_gb": "$0.022", "color": "Black"}, {"name": "Toshiba Canvio Basics", "rating": 4, "rating_count": 3, "price_usd": 58.77, "type": "Portable", "interface": "USB 3.0", "capacity": "1000 GB", "price_/_gb": "$0.059", "color": null}, {"name": "Western Digital WD_BLACK P50", "rating": 0, "rating_count": 0, "price_usd": 199.99, "type": "Portable", "interface": "USB Type-C", "capacity": "1000 GB", "price_/_gb": "$0.200", "color": "Black / Silver"}, {"name": "Western Digital WDBYVG0010BBK-WESN", "rating": 0, "rating_count": 0, "price_usd": 49.99, "type": "Portable", "interface": "USB 3.0", "capacity": "1000 GB", "price_/_gb": "$0.050", "color": "Black"}, {"name": "Buslink DL-4TSDU31G2", "rating": 0, "rating_count": 0, "price_usd": 664.46, "type": "Portable", "interface": "USB 3.1", "capacity": "4000 GB", "price_/_gb": "$0.166", "color": "Black"}, {"name": "Western Digital WDBWLG0100HBK-NESN", "rating": 0, "rating_count": 0, "price_usd": 179.99, "type": "Desktop", "interface": "USB 3.0", "capacity": "10000 GB", "price_/_gb": "$0.018", "color": "Black"}, {"name": "Seagate Expansion", "rating": 0, "rating_count": 0, "price_usd": 169.99, "type": "Desktop", "interface": "USB 3.0", "capacity": "10000 GB", "price_/_gb": "$0.017", "color": "Black"}, {"name": "Western Digital WD_BLACK P10", "rating": 0, "rating_count": 0, "price_usd": 107.99, "type": "Portable", "interface": "USB 3.0", "capacity": "4000 GB", "price_/_gb": "$0.027", "color": "Black"}, {"name": "ADATA SD700", "rating": 0, "rating_count": 0, "price_usd": 54.1, "type": "Portable", "interface": "USB 3.0", "capacity": "256 GB", "price_/_gb": "$0.211", "color": null}, {"name": "ADATA DashDrive Durable HD650", "rating": 4, "rating_count": 3, "price_usd": 57.55, "type": "Portable", "interface": "USB 3.0", "capacity": "1000 GB", "price_/_gb": "$0.058", "color": null}, {"name": "Samsung T7 Portable", "rating": 0, "rating_count": 0, "price_usd": 159.99, "type": "Portable", "interface": "USB Type-C", "capacity": "1000 GB", "price_/_gb": "$0.160", "color": "Black / Silver"}, {"name": "Western Digital My Book", "rating": 0, "rating_count": 0, "price_usd": 142.99, "type": "Desktop", "interface": "USB 3.0", "capacity": "8000 GB", "price_/_gb": "$0.018", "color": "Black"}, {"name": "Western Digital Elements Portable", "rating": 0, "rating_count": 0, "price_usd": 94.99, "type": "Portable", "interface": "USB 3.0", "capacity": "4000 GB", "price_/_gb": "$0.024", "color": "Black"}, {"name": "Seagate Expansion", "rating": 4, "rating_count": 3, "price_usd": 89.99, "type": "Desktop", "interface": "USB 3.0", "capacity": "3000 GB", "price_/_gb": "$0.030", "color": null}, {"name": "Western Digital My Passport Ultra Portable", "rating": 4, "rating_count": 4, "price_usd": 158.0, "type": "Portable", "interface": "USB 3.0", "capacity": "2000 GB", "price_/_gb": "$0.079", "color": null}, {"name": "Toshiba Canvio Basics 3.0", "rating": 0, "rating_count": 0, "price_usd": 67.9, "type": "Portable", "interface": null, "capacity": "2000 GB", "price_/_gb": "$0.034", "color": null}, {"name": "Western Digital Elements", "rating": 0, "rating_count": 0, "price_usd": 219.99, "type": "Desktop", "interface": "USB 3.0", "capacity": "12000 GB", "price_/_gb": "$0.018", "color": null}, {"name": "Western Digital My Book Duo", "rating": 0, "rating_count": 0, "price_usd": 479.99, "type": "Desktop", "interface": "USB 3.0, USB Type-C", "capacity": "16000 GB", "price_/_gb": "$0.030", "color": "Black"}, {"name": "Western Digital ELEMENTS", "rating": 0, "rating_count": 0, "price_usd": 258.67, "type": "Desktop", "interface": "USB 3.1", "capacity": "14000 GB", "price_/_gb": "$0.018", "color": "Black"}, {"name": "Samsung T7 Portable", "rating": 0, "rating_count": 0, "price_usd": 291.06, "type": "Portable", "interface": "USB Type-C", "capacity": "2000 GB", "price_/_gb": "$0.146", "color": "Blue / Silver"}, {"name": "Western Digital Elements", "rating": 4, "rating_count": 1, "price_usd": 79.99, "type": "Desktop", "interface": "USB 3.0", "capacity": "3000 GB", "price_/_gb": "$0.027", "color": null}, {"name": "Western Digital My Book", "rating": 5, "rating_count": 1, "price_usd": 559.46, "type": "Desktop", "interface": "USB 3.0", "capacity": "3000 GB", "price_/_gb": "$0.186", "color": null}, {"name": "LaCie 5big", "rating": 0, "rating_count": 0, "price_usd": null, "type": "Desktop", "interface": "Thunderbolt", "capacity": "25000 GB", "price_/_gb": null, "color": null}, {"name": "Apricom ASSD-3PL256-120F", "rating": 0, "rating_count": 0, "price_usd": null, "type": "Desktop", "interface": "USB 2.0", "capacity": "120 GB", "price_/_gb": null, "color": null}, {"name": "Western Digital Elements", "rating": 4, "rating_count": 7, "price_usd": null, "type": "Portable", "interface": "USB 3.0", "capacity": "1000 GB", "price_/_gb": null, "color": null}, {"name": "Western Digital easystore", "rating": 3, "rating_count": 3, "price_usd": 188.63, "type": "Desktop", "interface": "USB 3.0", "capacity": "8000 GB", "price_/_gb": "$0.024", "color": null}, {"name": "Samsung T7 Portable", "rating": 0, "rating_count": 0, "price_usd": 299.99, "type": "Portable", "interface": "USB Type-C", "capacity": "2000 GB", "price_/_gb": "$0.150", "color": "Red / Silver"}, {"name": "Western Digital WDBYVG0010BBL-WESN", "rating": 0, "rating_count": 0, "price_usd": 59.99, "type": "Portable", "interface": "USB 3.0", "capacity": "1000 GB", "price_/_gb": "$0.060", "color": "Blue"}, {"name": "Western Digital My Book", "rating": 0, "rating_count": 0, "price_usd": 270.87, "type": "Desktop", "interface": "USB 3.1", "capacity": "14000 GB", "price_/_gb": "$0.019", "color": "Black"}, {"name": "Seagate Expansion", "rating": 0, "rating_count": 0, "price_usd": null, "type": "Portable", "interface": "USB 3.0", "capacity": "1000 GB", "price_/_gb": null, "color": null}, {"name": "Seagate Backup Plus Portable", "rating": 0, "rating_count": 0, "price_usd": 107.92, "type": "Portable", "interface": "USB 3.0", "capacity": "5000 GB", "price_/_gb": "$0.022", "color": "Black"}, {"name": "Seagate Expansion", "rating": 5, "rating_count": 1, "price_usd": null, "type": "Desktop", "interface": "USB 3.0", "capacity": "2000 GB", "price_/_gb": null, "color": null}, {"name": "Western Digital Elements", "rating": 4, "rating_count": 2, "price_usd": null, "type": "Portable", "interface": "USB 3.0", "capacity": "2000 GB", "price_/_gb": null, "color": null}, {"name": "Seagate STEB6000403", "rating": 0, "rating_count": 0, "price_usd": 114.99, "type": "Desktop", "interface": "USB 3.0", "capacity": "6000 GB", "price_/_gb": "$0.019", "color": "Black"}, {"name": "Seagate Backup Plus Hub", "rating": 0, "rating_count": 0, "price_usd": 188.89, "type": "Desktop", "interface": "USB 3.0", "capacity": "10000 GB", "price_/_gb": "$0.019", "color": "Black"}, {"name": "Seagate Expansion", "rating": 4, "rating_count": 3, "price_usd": 94.99, "type": "Desktop", "interface": "USB 3.0", "capacity": "4000 GB", "price_/_gb": "$0.024", "color": null}, {"name": "Western Digital easystore", "rating": 0, "rating_count": 0, "price_usd": 229.0, "type": "Desktop", "interface": "USB 3.1", "capacity": "10000 GB", "price_/_gb": "$0.023", "color": "Black"}, {"name": "Apricom Aegis Padlock Fortress", "rating": 0, "rating_count": 0, "price_usd": 258.49, "type": "Portable", "interface": "USB 3.0", "capacity": "2000 GB", "price_/_gb": "$0.129", "color": "Black"}, {"name": "Western Digital WDBPKJ0050BBK-WESN", "rating": 0, "rating_count": 0, "price_usd": 114.99, "type": "Portable", "interface": "USB 3.0", "capacity": "5000 GB", "price_/_gb": "$0.023", "color": "Black"}, {"name": "Seagate Backup Plus Ultra Touch", "rating": 0, "rating_count": 0, "price_usd": 79.98, "type": "Portable", "interface": "USB 3.0", "capacity": "2000 GB", "price_/_gb": "$0.040", "color": "Black"}, {"name": "Western Digital My Book Duo", "rating": 0, "rating_count": 0, "price_usd": 388.99, "type": "Desktop", "interface": "USB 3.0, USB Type-C", "capacity": "12000 GB", "price_/_gb": "$0.032", "color": "Black"}, {"name": "Western Digital WDBPKJ0050BWT-WESN", "rating": 0, "rating_count": 0, "price_usd": 149.99, "type": "Portable", "interface": "USB 3.0", "capacity": "5000 GB", "price_/_gb": "$0.030", "color": "White"}, {"name": "Western Digital My Book", "rating": 0, "rating_count": 0, "price_usd": 230.88, "type": "Desktop", "interface": "USB 3.1", "capacity": "12000 GB", "price_/_gb": "$0.019", "color": "Black"}, {"name": "Western Digital My Book", "rating": 2, "rating_count": 1, "price_usd": 119.0, "type": "Desktop", "interface": "USB 3.0", "capacity": "6000 GB", "price_/_gb": "$0.020", "color": "Black"}, {"name": "Seagate Backup Plus", "rating": 0, "rating_count": 0, "price_usd": 229.0, "type": "Desktop", "interface": "USB 3.0", "capacity": "8000 GB", "price_/_gb": "$0.029", "color": null}, {"name": "SanDisk Extreme 900", "rating": 0, "rating_count": 0, "price_usd": 744.31, "type": "Portable", "interface": "USB 3.1", "capacity": "480 GB", "price_/_gb": "$1.551", "color": null}, {"name": "Western Digital WDBYVG0020BBL-WESN", "rating": 0, "rating_count": 0, "price_usd": 69.99, "type": "Portable", "interface": "USB 3.0", "capacity": "2000 GB", "price_/_gb": "$0.035", "color": "Blue"}, {"name": "Seagate Game Drive Xbox GamePass Edition", "rating": 0, "rating_count": 0, "price_usd": 99.99, "type": "Portable", "interface": "USB 3.0", "capacity": "4000 GB", "price_/_gb": "$0.025", "color": "White"}, {"name": "Seagate Backup Plus Ultra Touch", "rating": 0, "rating_count": 0, "price_usd": 79.98, "type": "Portable", "interface": "USB 3.0", "capacity": "2000 GB", "price_/_gb": "$0.040", "color": "White"}, {"name": "Buffalo Technology DriveStation Axis Velocity", "rating": 5, "rating_count": 1, "price_usd": 74.99, "type": "Desktop", "interface": "USB 3.0", "capacity": "1000 GB", "price_/_gb": "$0.075", "color": null}, {"name": "ADATA SD700", "rating": 0, "rating_count": 0, "price_usd": 82.04, "type": "Portable", "interface": "USB 3.0", "capacity": "512 GB", "price_/_gb": "$0.160", "color": null}, {"name": "Western Digital Elements", "rating": 0, "rating_count": 0, "price_usd": 89.99, "type": "Desktop", "interface": "USB 3.0", "capacity": "4000 GB", "price_/_gb": "$0.022", "color": null}, {"name": "Seagate Backup Plus Ultra Touch", "rating": 0, "rating_count": 0, "price_usd": 57.49, "type": "Portable", "interface": "USB 3.0", "capacity": "1000 GB", "price_/_gb": "$0.057", "color": "Black"}, {"name": "Western Digital My Book Thunderbolt Duo", "rating": 5, "rating_count": 1, "price_usd": 499.0, "type": "Desktop", "interface": "Thunderbolt", "capacity": "4000 GB", "price_/_gb": "$0.125", "color": null}, {"name": "Western Digital Elements", "rating": 4, "rating_count": 1, "price_usd": 74.98, "type": "Portable", "interface": "USB 3.0", "capacity": "500 GB", "price_/_gb": "$0.150", "color": null}, {"name": "Western Digital ELEMENTS", "rating": 0, "rating_count": 0, "price_usd": 124.99, "type": "Desktop", "interface": "USB 3.0", "capacity": "6000 GB", "price_/_gb": "$0.021", "color": "Black"}, {"name": "LaCie d2", "rating": 0, "rating_count": 0, "price_usd": 679.9, "type": "Desktop", "interface": "USB 3.0, Thunderbolt", "capacity": "6000 GB", "price_/_gb": "$0.113", "color": null}, {"name": "Samsung T1", "rating": 5, "rating_count": 1, "price_usd": null, "type": "Portable", "interface": "USB 3.0", "capacity": "1000 GB", "price_/_gb": null, "color": null}, {"name": "Western Digital My Passport", "rating": 4, "rating_count": 2, "price_usd": null, "type": "Portable", "interface": "USB 3.0", "capacity": "2000 GB", "price_/_gb": null, "color": null}, {"name": "Western Digital WDBPKJ0040BBK-WESN", "rating": 0, "rating_count": 0, "price_usd": 94.99, "type": "Portable", "interface": "USB 3.0", "capacity": "4000 GB", "price_/_gb": "$0.024", "color": "Black"}, {"name": "Western Digital My Book Duo", "rating": 0, "rating_count": 0, "price_usd": 259.99, "type": "Desktop", "interface": "USB 3.0, USB Type-C", "capacity": "4000 GB", "price_/_gb": "$0.065", "color": "Black"}, {"name": "Western Digital My Book Duo", "rating": 0, "rating_count": 0, "price_usd": 349.99, "type": "Desktop", "interface": "USB 3.0, USB Type-C", "capacity": "8000 GB", "price_/_gb": "$0.044", "color": "Black"}, {"name": "Buffalo Technology Americas MiniStation", "rating": 5, "rating_count": 1, "price_usd": 51.45, "type": "Portable", "interface": "USB 3.0", "capacity": "1000 GB", "price_/_gb": "$0.051", "color": "Black"}, {"name": "Seagate Backup Plus", "rating": 5, "rating_count": 1, "price_usd": 149.97, "type": "Desktop", "interface": "USB 3.0", "capacity": "5000 GB", "price_/_gb": "$0.030", "color": null}, {"name": "Samsung T5", "rating": 0, "rating_count": 0, "price_usd": 126.99, "type": "Portable", "interface": "USB Type-C", "capacity": "250 GB", "price_/_gb": "$0.508", "color": "Blue"}, {"name": "Seagate Backup Plus Ultra Touch", "rating": 0, "rating_count": 0, "price_usd": 57.49, "type": "Portable", "interface": "USB 3.0", "capacity": "1000 GB", "price_/_gb": "$0.057", "color": "White"}, {"name": "ADATA SD700", "rating": 0, "rating_count": 0, "price_usd": 129.99, "type": "Portable", "interface": "USB 3.0", "capacity": "1000 GB", "price_/_gb": "$0.130", "color": null}, {"name": "Seagate Backup Plus", "rating": 4, "rating_count": 8, "price_usd": null, "type": "Portable", "interface": "USB 3.0", "capacity": "1000 GB", "price_/_gb": null, "color": null}, {"name": "Western Digital WDBPKJ0040BBL-WESN", "rating": 0, "rating_count": 0, "price_usd": 109.99, "type": "Portable", "interface": "USB 3.0", "capacity": "4000 GB", "price_/_gb": "$0.027", "color": "Blue"}, {"name": "Western Digital WDBPKJ0040BRD-WESN", "rating": 0, "rating_count": 0, "price_usd": 109.99, "type": "Portable", "interface": "USB 3.0", "capacity": "4000 GB", "price_/_gb": "$0.027", "color": "Red"}, {"name": "Apricom ASSD-3PL256-240F", "rating": 0, "rating_count": 0, "price_usd": 208.95, "type": "Desktop", "interface": "USB 2.0", "capacity": "240 GB", "price_/_gb": "$0.871", "color": null}, {"name": "Seagate Backup Plus", "rating": 0, "rating_count": 0, "price_usd": 140.0, "type": "Portable", "interface": "USB 3.0", "capacity": "4000 GB", "price_/_gb": "$0.035", "color": null}]