[{"name": "SanDisk Extreme 900", "rating": 0, "rating_count": 0, "price_usd": 1286.53, "type": "Portable", "interface": "USB 3.1", "capacity": "1920 GB", "price_/_gb": "$0.670", "color": null}, {"name": "Western Digital My Book Duo", "rating": 0, "rating_count": 0, "price_usd": 999.99, "type": "Desktop", "interface": "USB 3.0, USB Type-C", "capacity": "28000 GB", "price_/_gb": "$0.036", "color": "Black"}, {"name": "Western Digital My Book Duo", "rating": 0, "rating_count": 0, "price_usd": 749.99, "type": "Desktop", "interface": "USB 3.0, USB Type-C", "capacity": "20000 GB", "price_/_gb": "$0.037", "color": "Black"}, {"name": "Western Digital My Book Duo", "rating": 0, "rating_count": 0, "price_usd": 899.99, "type": "Desktop", "interface": "USB 3.0, USB Type-C", "capacity": "24000 GB", "price_/_gb": "$0.037", "color": "Black"}, {"name": "Western Digital Elements", "rating": 4, "rating_count": 11, "price_usd": 47.99, "type": "Portable", "interface": "USB 3.0", "capacity": "1000 GB", "price_/_gb": "$0.048", "color": null}, {"name": "Seagate Expansion", "rating": 5, "rating_count": 2, "price_usd": 159.99, "type": "Desktop", "interface": "USB 3.0", "capacity": "8000 GB", "price_/_gb": "$0.020", "color": null}, {"name": "Seagate Expansion", "rating": 4, "rating_count": 5, "price_usd": 94.99, "type": "Desktop", "interface": "USB 3.0", "capacity": "4000 GB", "price_/_gb": "$0.024", "color": null}, {"name": "Western Digital WD_BLACK P10", "rating": 5, "rating_count": 1, "price_usd": 124.99, "type": "Portable", "interface": "USB 3.0", "capacity": "5000 GB", "price_/_gb": "$0.025", "color": "Black"}, {"name": "Seagate Backup Plus", "rating": 4, "rating_count": 4, "price_usd": 59.99, "type": "Portable", "interface": "USB 3.0", "capacity": "2000 GB", "price_/_gb": "$0.030", "color": null}, {"name": "Samsung T5", "rating": 4, "rating_count": 5, "price_usd": 119.99, "type": "Portable", "interface": "USB Type-C", "capacity": "1000 GB", "price_/_gb": "$0.120", "color": null}, {"name": "Samsung T7 Portable", "rating": 0, "rating_count": 0, "price_usd": 319.99, "type": "Portable", "interface": "USB Type-C", "capacity": "2000 GB", "price_/_gb": "$0.160", "color": "Black / Silver"}, {"name": "Seagate Expansion", "rating": 0, "rating_count": 0, "price_usd": 214.99, "type": "Desktop", "interface": "USB 3.0", "capacity": "10000 GB", "price_/_gb": "$0.021", "color": "Black"}, {"name": "Sabrent Rocket XTRM", "rating": 0, "rating_count": 0, "price_usd": 799.99, "type": "Portable", "interface": "Thunderbolt", "capacity": "4000 GB", "price_/_gb": "$0.200", "color": "Silver"}, {"name": "Seagate Expansion", "rating": 0, "rating_count": 0, "price_usd": 109.99, "type": "Portable", "interface": "USB 3.0", "capacity": "5000 GB", "price_/_gb": "$0.022", "color": "Black"}, {"name": "Apricom ASSD-3PL256-120F", "rating": 0, "rating_count": 0, "price_usd": null, "type": "Desktop", "interface": "USB 2.0", "capacity": "120 GB", "price_/_gb": null, "color": null}, {"name": "Seagate Expansion", "rating": 0, "rating_count": 0, "price_usd": 449.99, "type": "Desktop", "interface": "USB 3.0", "capacity": "16000 GB", "price_/_gb": "$0.028", "color": "Black"}, {"name": "Seagate Backup Plus Hub", "rating": 4, "rating_count": 2, "price_usd": 184.99, "type": "Desktop", "interface": "USB 3.1", "capacity": "8000 GB", "price_/_gb": "$0.023", "color": null}, {"name": "Seagate Backup Plus Portable", "rating": 3, "rating_count": 1, "price_usd": 121.99, "type": "Portable", "interface": "USB 3.0", "capacity": "5000 GB", "price_/_gb": "$0.024", "color": "Black"}, {"name": "Samsung T5", "rating": 0, "rating_count": 0, "price_usd": 219.99, "type": "Portable", "interface": "USB Type-C", "capacity": "2000 GB", "price_/_gb": "$0.110", "color": "Black"}, {"name": "Western Digital WD_BLACK D10", "rating": 0, "rating_count": 0, "price_usd": 199.99, "type": "Desktop", "interface": "USB 3.1", "capacity": "8000 GB", "price_/_gb": "$0.025", "color": "Black"}, {"name": "Western Digital My Book", "rating": 0, "rating_count": 0, "price_usd": 94.99, "type": "Desktop", "interface": "USB 3.0", "capacity": "4000 GB", "price_/_gb": "$0.024", "color": "Black"}, {"name": "Seagate Backup Plus Slim", "rating": 5, "rating_count": 2, "price_usd": 49.97, "type": "Portable", "interface": "USB 3.0", "capacity": "1000 GB", "price_/_gb": "$0.050", "color": "Black"}, {"name": "Western Digital WDBYVG0020BBK-WESN", "rating": 0, "rating_count": 0, "price_usd": 69.98, "type": "Portable", "interface": "USB 3.0", "capacity": "2000 GB", "price_/_gb": "$0.035", "color": "Black"}, {"name": "Seagate Backup Plus Hub", "rating": 0, "rating_count": 0, "price_usd": 224.99, "type": "Desktop", "interface": "USB 3.0", "capacity": "10000 GB", "price_/_gb": "$0.022", "color": "Black"}, {"name": "Samsung T7 Portable", "rating": 0, "rating_count": 0, "price_usd": 78.61, "type": "Portable", "interface": "USB Type-C", "capacity": "500 GB", "price_/_gb": "$0.157", "color": "Black / Silver"}, {"name": "Western Digital easystore", "rating": 4, "rating_count": 2, "price_usd": 379.99, "type": "Desktop", "interface": "USB 3.0", "capacity": "14000 GB", "price_/_gb": "$0.027", "color": "Black"}, {"name": "Western Digital ELEMENTS", "rating": 0, "rating_count": 0, "price_usd": 124.99, "type": "Desktop", "interface": "USB 3.0", "capacity": "6000 GB", "price_/_gb": "$0.021", "color": "Black"}, {"name": "Western Digital WDBPKJ0040BBK-WESN", "rating": 5, "rating_count": 1, "price_usd": 89.0, "type": "Portable", "interface": "USB 3.0", "capacity": "4000 GB", "price_/_gb": "$0.022", "color": "Black"}, {"name": "Seagate STEB6000403", "rating": 0, "rating_count": 0, "price_usd": 124.99, "type": "Desktop", "interface": "USB 3.0", "capacity": "6000 GB", "price_/_gb": "$0.021", "color": "Black"}, {"name": "Western Digital My Book Duo", "rating": 0, "rating_count": 0, "price_usd": 484.99, "type": "Desktop", "interface": "USB 3.0, USB Type-C", "capacity": "16000 GB", "price_/_gb": "$0.030", "color": "Black"}, {"name": "Western Digital Elements", "rating": 0, "rating_count": 0, "price_usd": 298.45, "type": "Desktop", "interface": "USB 3.0", "capacity": "12000 GB", "price_/_gb": "$0.025", "color": null}, {"name": "Transcend TS128GESD200K", "rating": 0, "rating_count": 0, "price_usd": 41.58, "type": "Portable", "interface": "USB 3.0", "capacity": "128 GB", "price_/_gb": "$0.325", "color": null}, {"name": "Samsung T7 Portable", "rating": 0, "rating_count": 0, "price_usd": 159.99, "type": "Portable", "interface": "USB Type-C", "capacity": "1000 GB", "price_/_gb": "$0.160", "color": "Black / Silver"}, {"name": "Western Digital ELEMENTS", "rating": 4, "rating_count": 6, "price_usd": 249.99, "type": "Desktop", "interface": "USB 3.0", "capacity": "8000 GB", "price_/_gb": "$0.031", "color": "Black"}, {"name": "Western Digital ELEMENTS", "rating": 0, "rating_count": 0, "price_usd": 352.11, "type": "Desktop", "interface": "USB 3.1", "capacity": "14000 GB", "price_/_gb": "$0.025", "color": "Black"}, {"name": "Samsung T7 Portable", "rating": 0, "rating_count": 0, "price_usd": 320.85, "type": "Portable", "interface": "USB Type-C", "capacity": "2000 GB", "price_/_gb": "$0.160", "color": "Blue / Silver"}, {"name": "Western Digital My Book", "rating": 3, "rating_count": 2, "price_usd": 129.99, "type": "Desktop", "interface": "USB 3.0", "capacity": "6000 GB", "price_/_gb": "$0.022", "color": "Black"}, {"name": "Western Digital Elements", "rating": 4, "rating_count": 1, "price_usd": 89.99, "type": "Desktop", "interface": "USB 3.0", "capacity": "4000 GB", "price_/_gb": "$0.022", "color": null}, {"name": "Western Digital WDBYVG0010BBK-WESN", "rating": 0, "rating_count": 0, "price_usd": 44.97, "type": "Portable", "interface": "USB 3.0", "capacity": "1000 GB", "price_/_gb": "$0.045", "color": "Black"}, {"name": "Western Digital WD_BLACK P10", "rating": 0, "rating_count": 0, "price_usd": 72.97, "type": "Portable", "interface": "USB 3.0", "capacity": "2000 GB", "price_/_gb": "$0.036", "color": "Black"}, {"name": "Buslink DL-4TSDU31G2", "rating": 0, "rating_count": 0, "price_usd": 660.83, "type": "Portable", "interface": "USB 3.1", "capacity": "4000 GB", "price_/_gb": "$0.165", "color": "Black"}, {"name": "Seagate Backup Plus Portable", "rating": 0, "rating_count": 0, "price_usd": 94.0, "type": "Portable", "interface": "USB 3.0", "capacity": "4000 GB", "price_/_gb": "$0.024", "color": "Black"}, {"name": "Seagate Expansion", "rating": 0, "rating_count": 0, "price_usd": 379.99, "type": "Desktop", "interface": "USB 3.0", "capacity": "14000 GB", "price_/_gb": "$0.027", "color": "Black"}, {"name": "Western Digital Elements Portable", "rating": 0, "rating_count": 0, "price_usd": 92.99, "type": "Portable", "interface": "USB 3.0", "capacity": "4000 GB", "price_/_gb": "$0.023", "color": "Black"}, {"name": "Western Digital easystore", "rating": 3, "rating_count": 3, "price_usd": 239.99, "type": "Desktop", "interface": "USB 3.0", "capacity": "8000 GB", "price_/_gb": "$0.030", "color": null}, {"name": "Seagate Backup Plus Hub", "rating": 0, "rating_count": 0, "price_usd": 419.99, "type": "Desktop", "interface": "USB 3.0", "capacity": "14000 GB", "price_/_gb": "$0.030", "color": "Black"}, {"name": "Western Digital WDBPKJ0050BBK-WESN", "rating": 0, "rating_count": 0, "price_usd": 114.99, "type": "Portable", "interface": "USB 3.0", "capacity": "5000 GB", "price_/_gb": "$0.023", "color": "Black"}, {"name": "Western Digital easystore", "rating": 0, "rating_count": 0, "price_usd": 529.99, "type": "Desktop", "interface": "USB 3.0, USB 2.0", "capacity": "18000 GB", "price_/_gb": "$0.029", "color": "Black"}, {"name": "Western Digital WDBWLG0100HBK-NESN", "rating": 0, "rating_count": 0, "price_usd": 241.93, "type": "Desktop", "interface": "USB 3.0", "capacity": "10000 GB", "price_/_gb": "$0.024", "color": "Black"}, {"name": "Western Digital WD_BLACK D10", "rating": 0, "rating_count": 0, "price_usd": 280.0, "type": "Desktop", "interface": "USB 3.1", "capacity": "12000 GB", "price_/_gb": "$0.023", "color": "Black"}, {"name": "Western Digital WD_BLACK P50", "rating": 0, "rating_count": 0, "price_usd": 199.99, "type": "Portable", "interface": "USB Type-C", "capacity": "1000 GB", "price_/_gb": "$0.200", "color": "Black / Silver"}, {"name": "Western Digital My Passport", "rating": 4, "rating_count": 1, "price_usd": null, "type": "Portable", "interface": "USB 3.0", "capacity": "4000 GB", "price_/_gb": null, "color": "Black"}, {"name": "Samsung T7 Portable", "rating": 0, "rating_count": 0, "price_usd": 152.99, "type": "Portable", "interface": "USB Type-C", "capacity": "1000 GB", "price_/_gb": "$0.153", "color": "Blue / Silver"}, {"name": "Apricom Aegis Padlock DT", "rating": 0, "rating_count": 0, "price_usd": null, "type": "Portable", "interface": "USB 3.0", "capacity": "14000 GB", "price_/_gb": null, "color": "Black"}, {"name": "Western Digital My Book", "rating": 4, "rating_count": 1, "price_usd": 383.25, "type": "Desktop", "interface": "USB 3.1", "capacity": "14000 GB", "price_/_gb": "$0.027", "color": "Black"}, {"name": "Western Digital My Passport Ultra Portable", "rating": 4, "rating_count": 4, "price_usd": 149.99, "type": "Portable", "interface": "USB 3.0", "capacity": "2000 GB", "price_/_gb": "$0.075", "color": null}, {"name": "Toshiba Canvio Basics", "rating": 4, "rating_count": 4, "price_usd": 82.56, "type": "Portable", "interface": "USB 3.0", "capacity": "1000 GB", "price_/_gb": "$0.083", "color": null}, {"name": "Western Digital WDBPKJ0050BWT-WESN", "rating": 0, "rating_count": 0, "price_usd": 149.99, "type": "Portable", "interface": "USB 3.0", "capacity": "5000 GB", "price_/_gb": "$0.030", "color": "White"}, {"name": "Western Digital Elements", "rating": 4, "rating_count": 1, "price_usd": 79.99, "type": "Desktop", "interface": "USB 3.0", "capacity": "3000 GB", "price_/_gb": "$0.027", "color": null}, {"name": "Samsung T7 Portable", "rating": 0, "rating_count": 0, "price_usd": 320.19, "type": "Portable", "interface": "USB Type-C", "capacity": "2000 GB", "price_/_gb": "$0.160", "color": "Red / Silver"}, {"name": "Western Digital My Book Duo", "rating": 0, "rating_count": 0, "price_usd": 419.99, "type": "Desktop", "interface": "USB 3.0, USB Type-C", "capacity": "12000 GB", "price_/_gb": "$0.035", "color": "Black"}, {"name": "Seagate Backup Plus", "rating": 0, "rating_count": 0, "price_usd": 239.0, "type": "Desktop", "interface": "USB 3.0", "capacity": "8000 GB", "price_/_gb": "$0.030", "color": null}, {"name": "Samsung T7 Portable", "rating": 0, "rating_count": 0, "price_usd": 79.0, "type": "Portable", "interface": "USB Type-C", "capacity": "500 GB", "price_/_gb": "$0.158", "color": "Red / Silver"}, {"name": "Western Digital easystore", "rating": 5, "rating_count": 1, "price_usd": 329.99, "type": "Desktop", "interface": "USB 3.0", "capacity": "12000 GB", "price_/_gb": "$0.027", "color": null}, {"name": "Western Digital WD_BLACK P10", "rating": 0, "rating_count": 0, "price_usd": 109.99, "type": "Portable", "interface": "USB 3.0", "capacity": "4000 GB", "price_/_gb": "$0.027", "color": "Black"}, {"name": "Samsung T5", "rating": 5, "rating_count": 3, "price_usd": 89.98, "type": "Portable", "interface": "USB Type-C", "capacity": "500 GB", "price_/_gb": "$0.180", "color": null}, {"name": "Western Digital WDBYVG0020BBL-WESN", "rating": 0, "rating_count": 0, "price_usd": 74.99, "type": "Portable", "interface": "USB 3.0", "capacity": "2000 GB", "price_/_gb": "$0.037", "color": "Blue"}, {"name": "Seagate Backup Plus Slim", "rating": 4, "rating_count": 4, "price_usd": 186.0, "type": "Portable", "interface": "USB 3.0", "capacity": "2000 GB", "price_/_gb": "$0.093", "color": null}, {"name": "Seagate Expansion", "rating": 5, "rating_count": 1, "price_usd": null, "type": "Desktop", "interface": "USB 3.0", "capacity": "2000 GB", "price_/_gb": null, "color": null}, {"name": "Western Digital Elements", "rating": 4, "rating_count": 2, "price_usd": null, "type": "Portable", "interface": "USB 3.0", "capacity": "2000 GB", "price_/_gb": null, "color": null}, {"name": "Seagate Expansion", "rating": 0, "rating_count": 0, "price_usd": null, "type": "Portable", "interface": "USB 3.0", "capacity": "1000 GB", "price_/_gb": null, "color": null}, {"name": "Western Digital My Passport", "rating": 4, "rating_count": 2, "price_usd": null, "type": "Portable", "interface": "USB 3.0", "capacity": "2000 GB", "price_/_gb": null, "color": null}, {"name": "Western Digital easystore", "rating": 0, "rating_count": 0, "price_usd": 199.99, "type": "Desktop", "interface": "USB 3.0, USB 2.0", "capacity": "8000 GB", "price_/_gb": "$0.025", "color": "Black"}, {"name": "Western Digital easystore", "rating": 0, "rating_count": 0, "price_usd": 309.99, "type": "Desktop", "interface": "USB 3.0, USB 2.0", "capacity": "12000 GB", "price_/_gb": "$0.026", "color": "Black"}, {"name": "Asus FX HDD", "rating": 0, "rating_count": 0, "price_usd": null, "type": "Portable", "interface": "USB 3.1", "capacity": "2000 GB", "price_/_gb": null, "color": "Black"}, {"name": "LaCie d2", "rating": 0, "rating_count": 0, "price_usd": 679.9, "type": "Desktop", "interface": "USB 3.0, Thunderbolt", "capacity": "6000 GB", "price_/_gb": "$0.113", "color": null}, {"name": "Seagate Backup Plus", "rating": 5, "rating_count": 1, "price_usd": 405.83, "type": "Desktop", "interface": "USB 3.0", "capacity": "5000 GB", "price_/_gb": "$0.081", "color": null}, {"name": "Western Digital Elements", "rating": 4, "rating_count": 7, "price_usd": null, "type": "Portable", "interface": "USB 3.0", "capacity": "1000 GB", "price_/_gb": null, "color": null}, {"name": "Western Digital My Book", "rating": 0, "rating_count": 0, "price_usd": 209.99, "type": "Desktop", "interface": "USB 3.0", "capacity": "8000 GB", "price_/_gb": "$0.026", "color": "Black"}, {"name": "Western Digital WDBYVG0010BBL-WESN", "rating": 0, "rating_count": 0, "price_usd": 59.99, "type": "Portable", "interface": "USB 3.0", "capacity": "1000 GB", "price_/_gb": "$0.060", "color": "Blue"}, {"name": "Western Digital My Book", "rating": 5, "rating_count": 1, "price_usd": null, "type": "Desktop", "interface": "USB 3.0", "capacity": "10000 GB", "price_/_gb": null, "color": "Black"}, {"name": "Western Digital easystore", "rating": 0, "rating_count": 0, "price_usd": 449.99, "type": "Desktop", "interface": "USB 3.0, USB 2.0", "capacity": "16000 GB", "price_/_gb": "$0.028", "color": "Black"}, {"name": "SanDisk Extreme 900", "rating": 0, "rating_count": 0, "price_usd": 285.99, "type": "Portable", "interface": "USB 3.1", "capacity": "960 GB", "price_/_gb": "$0.298", "color": null}, {"name": "LaCie Rugged Mini", "rating": 0, "rating_count": 0, "price_usd": 79.99, "type": "Portable", "interface": "USB 3.0", "capacity": "1000 GB", "price_/_gb": "$0.080", "color": null}, {"name": "Buslink CipherShield", "rating": 0, "rating_count": 0, "price_usd": 517.45, "type": "Desktop", "interface": "USB 3.0", "capacity": "6000 GB", "price_/_gb": "$0.086", "color": null}, {"name": "Western Digital WDBPKJ0050BBL-WESN", "rating": 0, "rating_count": 0, "price_usd": 149.99, "type": "Portable", "interface": "USB 3.0", "capacity": "5000 GB", "price_/_gb": "$0.030", "color": "Blue"}, {"name": "Western Digital My Book Thunderbolt Duo", "rating": 5, "rating_count": 1, "price_usd": null, "type": "Desktop", "interface": "Thunderbolt", "capacity": "4000 GB", "price_/_gb": null, "color": null}, {"name": "G-Technology 0G02538", "rating": 0, "rating_count": 0, "price_usd": null, "type": "Desktop", "interface": "USB 3.0, IEEE 1394b, eSATA 6Gb/s", "capacity": "4000 GB", "price_/_gb": null, "color": null}, {"name": "Seagate Backup Plus Ultra Touch", "rating": 0, "rating_count": 0, "price_usd": 79.99, "type": "Portable", "interface": "USB 3.0", "capacity": "2000 GB", "price_/_gb": "$0.040", "color": "Black"}, {"name": "Samsung T7 Portable", "rating": 0, "rating_count": 0, "price_usd": 79.98, "type": "Portable", "interface": "USB Type-C", "capacity": "500 GB", "price_/_gb": "$0.160", "color": "Blue / Silver"}, {"name": "Western Digital My Book Duo", "rating": 0, "rating_count": 0, "price_usd": 259.99, "type": "Desktop", "interface": "USB 3.0, USB Type-C", "capacity": "4000 GB", "price_/_gb": "$0.065", "color": "Black"}, {"name": "ADATA DashDrive Durable HD650", "rating": 4, "rating_count": 3, "price_usd": 55.69, "type": "Portable", "interface": "USB 3.0", "capacity": "1000 GB", "price_/_gb": "$0.056", "color": null}, {"name": "Transcend StoreJet", "rating": 5, "rating_count": 1, "price_usd": 67.66, "type": "Portable", "interface": "USB 3.0", "capacity": "1000 GB", "price_/_gb": "$0.068", "color": null}, {"name": "Seagate Backup Plus Portable", "rating": 0, "rating_count": 0, "price_usd": 110.0, "type": "Portable", "interface": "USB 3.0", "capacity": "5000 GB", "price_/_gb": "$0.022", "color": "Black"}, {"name": "Western Digital easystore", "rating": 0, "rating_count": 0, "price_usd": 349.99, "type": "Desktop", "interface": "USB 3.1", "capacity": "10000 GB", "price_/_gb": "$0.035", "color": "Black"}, {"name": "Western Digital My Book", "rating": 5, "rating_count": 1, "price_usd": 144.69, "type": "Desktop", "interface": "USB 3.0", "capacity": "3000 GB", "price_/_gb": "$0.048", "color": "Black"}, {"name": "Apricom Aegis Padlock Fortress", "rating": 0, "rating_count": 0, "price_usd": 253.46, "type": "Portable", "interface": "USB 3.0", "capacity": "2000 GB", "price_/_gb": "$0.127", "color": "Black"}, {"name": "Toshiba Canvio Desk", "rating": 0, "rating_count": 0, "price_usd": null, "type": "Desktop", "interface": "USB 3.0", "capacity": "2000 GB", "price_/_gb": null, "color": null}, {"name": "Seagate Backup Plus Portable", "rating": 0, "rating_count": 0, "price_usd": 114.99, "type": "Portable", "interface": "USB 3.0", "capacity": "4000 GB", "price_/_gb": "$0.029", "color": "Blue / White"}, {"name": "Western Digital My Book Essential", "rating": 3, "rating_count": 2, "price_usd": 150.0, "type": "Desktop", "interface": "USB 3.0", "capacity": "1000 GB", "price_/_gb": "$0.150", "color": null}, {"name": "SanDisk Extreme 900", "rating": 0, "rating_count": 0, "price_usd": 1286.53, "type": "Portable", "interface": "USB 3.1", "capacity": "1920 GB", "price_/_gb": "$0.670", "color": null}, {"name": "Western Digital My Book Duo", "rating": 0, "rating_count": 0, "price_usd": 999.99, "type": "Desktop", "interface": "USB 3.0, USB Type-C", "capacity": "28000 GB", "price_/_gb": "$0.036", "color": "Black"}, {"name": "Western Digital My Book Duo", "rating": 0, "rating_count": 0, "price_usd": 749.99, "type": "Desktop", "interface": "USB 3.0, USB Type-C", "capacity": "20000 GB", "price_/_gb": "$0.037", "color": "Black"}, {"name": "Western Digital My Book Duo", "rating": 0, "rating_count": 0, "price_usd": 899.99, "type": "Desktop", "interface": "USB 3.0, USB Type-C", "capacity": "24000 GB", "price_/_gb": "$0.037", "color": "Black"}, {"name": "Western Digital Elements", "rating": 4, "rating_count": 11, "price_usd": 47.99, "type": "Portable", "interface": "USB 3.0", "capacity": "1000 GB", "price_/_gb": "$0.048", "color": null}, {"name": "Seagate Expansion", "rating": 5, "rating_count": 2, "price_usd": 159.99, "type": "Desktop", "interface": "USB 3.0", "capacity": "8000 GB", "price_/_gb": "$0.020", "color": null}, {"name": "Seagate Expansion", "rating": 4, "rating_count": 5, "price_usd": 94.99, "type": "Desktop", "interface": "USB 3.0", "capacity": "4000 GB", "price_/_gb": "$0.024", "color": null}, {"name": "Western Digital WD_BLACK P10", "rating": 5, "rating_count": 1, "price_usd": 124.99, "type": "Portable", "interface": "USB 3.0", "capacity": "5000 GB", "price_/_gb": "$0.025", "color": "Black"}, {"name": "Seagate Backup Plus", "rating": 4, "rating_count": 4, "price_usd": 59.99, "type": "Portable", "interface": "USB 3.0", "capacity": "2000 GB", "price_/_gb": "$0.030", "color": null}, {"name": "Samsung T5", "rating": 4, "rating_count": 5, "price_usd": 119.99, "type": "Portable", "interface": "USB Type-C", "capacity": "1000 GB", "price_/_gb": "$0.120", "color": null}, {"name": "Samsung T7 Portable", "rating": 0, "rating_count": 0, "price_usd": 319.99, "type": "Portable", "interface": "USB Type-C", "capacity": "2000 GB", "price_/_gb": "$0.160", "color": "Black / Silver"}, {"name": "Seagate Expansion", "rating": 0, "rating_count": 0, "price_usd": 214.99, "type": "Desktop", "interface": "USB 3.0", "capacity": "10000 GB", "price_/_gb": "$0.021", "color": "Black"}, {"name": "Sabrent Rocket XTRM", "rating": 0, "rating_count": 0, "price_usd": 799.99, "type": "Portable", "interface": "Thunderbolt", "capacity": "4000 GB", "price_/_gb": "$0.200", "color": "Silver"}, {"name": "Seagate Expansion", "rating": 0, "rating_count": 0, "price_usd": 109.99, "type": "Portable", "interface": "USB 3.0", "capacity": "5000 GB", "price_/_gb": "$0.022", "color": "Black"}, {"name": "Apricom ASSD-3PL256-120F", "rating": 0, "rating_count": 0, "price_usd": null, "type": "Desktop", "interface": "USB 2.0", "capacity": "120 GB", "price_/_gb": null, "color": null}, {"name": "Seagate Expansion", "rating": 0, "rating_count": 0, "price_usd": 449.99, "type": "Desktop", "interface": "USB 3.0", "capacity": "16000 GB", "price_/_gb": "$0.028", "color": "Black"}, {"name": "Seagate Backup Plus Hub", "rating": 4, "rating_count": 2, "price_usd": 184.99, "type": "Desktop", "interface": "USB 3.1", "capacity": "8000 GB", "price_/_gb": "$0.023", "color": null}, {"name": "Seagate Backup Plus Portable", "rating": 3, "rating_count": 1, "price_usd": 121.99, "type": "Portable", "interface": "USB 3.0", "capacity": "5000 GB", "price_/_gb": "$0.024", "color": "Black"}, {"name": "Samsung T5", "rating": 0, "rating_count": 0, "price_usd": 219.99, "type": "Portable", "interface": "USB Type-C", "capacity": "2000 GB", "price_/_gb": "$0.110", "color": "Black"}, {"name": "Western Digital WD_BLACK D10", "rating": 0, "rating_count": 0, "price_usd": 199.99, "type": "Desktop", "interface": "USB 3.1", "capacity": "8000 GB", "price_/_gb": "$0.025", "color": "Black"}, {"name": "Western Digital My Book", "rating": 0, "rating_count": 0, "price_usd": 94.99, "type": "Desktop", "interface": "USB 3.0", "capacity": "4000 GB", "price_/_gb": "$0.024", "color": "Black"}, {"name": "Seagate Backup Plus Slim", "rating": 5, "rating_count": 2, "price_usd": 49.97, "type": "Portable", "interface": "USB 3.0", "capacity": "1000 GB", "price_/_gb": "$0.050", "color": "Black"}, {"name": "Western Digital WDBYVG0020BBK-WESN", "rating": 0, "rating_count": 0, "price_usd": 69.98, "type": "Portable", "interface": "USB 3.0", "capacity": "2000 GB", "price_/_gb": "$0.035", "color": "Black"}, {"name": "Seagate Backup Plus Hub", "rating": 0, "rating_count": 0, "price_usd": 224.99, "type": "Desktop", "interface": "USB 3.0", "capacity": "10000 GB", "price_/_gb": "$0.022", "color": "Black"}, {"name": "Samsung T7 Portable", "rating": 0, "rating_count": 0, "price_usd": 78.61, "type": "Portable", "interface": "USB Type-C", "capacity": "500 GB", "price_/_gb": "$0.157", "color": "Black / Silver"}, {"name": "Western Digital easystore", "rating": 4, "rating_count": 2, "price_usd": 379.99, "type": "Desktop", "interface": "USB 3.0", "capacity": "14000 GB", "price_/_gb": "$0.027", "color": "Black"}, {"name": "Western Digital ELEMENTS", "rating": 0, "rating_count": 0, "price_usd": 124.99, "type": "Desktop", "interface": "USB 3.0", "capacity": "6000 GB", "price_/_gb": "$0.021", "color": "Black"}, {"name": "Western Digital WDBPKJ0040BBK-WESN", "rating": 5, "rating_count": 1, "price_usd": 89.0, "type": "Portable", "interface": "USB 3.0", "capacity": "4000 GB", "price_/_gb": "$0.022", "color": "Black"}, {"name": "Seagate STEB6000403", "rating": 0, "rating_count": 0, "price_usd": 124.99, "type": "Desktop", "interface": "USB 3.0", "capacity": "6000 GB", "price_/_gb": "$0.021", "color": "Black"}, {"name": "Western Digital My Book Duo", "rating": 0, "rating_count": 0, "price_usd": 484.99, "type": "Desktop", "interface": "USB 3.0, USB Type-C", "capacity": "16000 GB", "price_/_gb": "$0.030", "color": "Black"}, {"name": "Western Digital Elements", "rating": 0, "rating_count": 0, "price_usd": 298.45, "type": "Desktop", "interface": "USB 3.0", "capacity": "12000 GB", "price_/_gb": "$0.025", "color": null}, {"name": "Transcend TS128GESD200K", "rating": 0, "rating_count": 0, "price_usd": 41.58, "type": "Portable", "interface": "USB 3.0", "capacity": "128 GB", "price_/_gb": "$0.325", "color": null}, {"name": "Samsung T7 Portable", "rating": 0, "rating_count": 0, "price_usd": 159.99, "type": "Portable", "interface": "USB Type-C", "capacity": "1000 GB", "price_/_gb": "$0.160", "color": "Black / Silver"}, {"name": "Western Digital ELEMENTS", "rating": 4, "rating_count": 6, "price_usd": 249.99, "type": "Desktop", "interface": "USB 3.0", "capacity": "8000 GB", "price_/_gb": "$0.031", "color": "Black"}, {"name": "Western Digital ELEMENTS", "rating": 0, "rating_count": 0, "price_usd": 352.11, "type": "Desktop", "interface": "USB 3.1", "capacity": "14000 GB", "price_/_gb": "$0.025", "color": "Black"}, {"name": "Samsung T7 Portable", "rating": 0, "rating_count": 0, "price_usd": 320.85, "type": "Portable", "interface": "USB Type-C", "capacity": "2000 GB", "price_/_gb": "$0.160", "color": "Blue / Silver"}, {"name": "Western Digital My Book", "rating": 3, "rating_count": 2, "price_usd": 129.99, "type": "Desktop", "interface": "USB 3.0", "capacity": "6000 GB", "price_/_gb": "$0.022", "color": "Black"}, {"name": "Western Digital Elements", "rating": 4, "rating_count": 1, "price_usd": 89.99, "type": "Desktop", "interface": "USB 3.0", "capacity": "4000 GB", "price_/_gb": "$0.022", "color": null}, {"name": "Western Digital WDBYVG0010BBK-WESN", "rating": 0, "rating_count": 0, "price_usd": 44.97, "type": "Portable", "interface": "USB 3.0", "capacity": "1000 GB", "price_/_gb": "$0.045", "color": "Black"}, {"name": "Western Digital WD_BLACK P10", "rating": 0, "rating_count": 0, "price_usd": 72.97, "type": "Portable", "interface": "USB 3.0", "capacity": "2000 GB", "price_/_gb": "$0.036", "color": "Black"}, {"name": "Buslink DL-4TSDU31G2", "rating": 0, "rating_count": 0, "price_usd": 660.83, "type": "Portable", "interface": "USB 3.1", "capacity": "4000 GB", "price_/_gb": "$0.165", "color": "Black"}, {"name": "Seagate Backup Plus Portable", "rating": 0, "rating_count": 0, "price_usd": 94.0, "type": "Portable", "interface": "USB 3.0", "capacity": "4000 GB", "price_/_gb": "$0.024", "color": "Black"}, {"name": "Seagate Expansion", "rating": 0, "rating_count": 0, "price_usd": 379.99, "type": "Desktop", "interface": "USB 3.0", "capacity": "14000 GB", "price_/_gb": "$0.027", "color": "Black"}, {"name": "Western Digital Elements Portable", "rating": 0, "rating_count": 0, "price_usd": 92.99, "type": "Portable", "interface": "USB 3.0", "capacity": "4000 GB", "price_/_gb": "$0.023", "color": "Black"}, {"name": "Western Digital easystore", "rating": 3, "rating_count": 3, "price_usd": 239.99, "type": "Desktop", "interface": "USB 3.0", "capacity": "8000 GB", "price_/_gb": "$0.030", "color": null}, {"name": "Seagate Backup Plus Hub", "rating": 0, "rating_count": 0, "price_usd": 419.99, "type": "Desktop", "interface": "USB 3.0", "capacity": "14000 GB", "price_/_gb": "$0.030", "color": "Black"}, {"name": "Western Digital WDBPKJ0050BBK-WESN", "rating": 0, "rating_count": 0, "price_usd": 114.99, "type": "Portable", "interface": "USB 3.0", "capacity": "5000 GB", "price_/_gb": "$0.023", "color": "Black"}, {"name": "Western Digital easystore", "rating": 0, "rating_count": 0, "price_usd": 529.99, "type": "Desktop", "interface": "USB 3.0, USB 2.0", "capacity": "18000 GB", "price_/_gb": "$0.029", "color": "Black"}, {"name": "Western Digital WDBWLG0100HBK-NESN", "rating": 0, "rating_count": 0, "price_usd": 241.93, "type": "Desktop", "interface": "USB 3.0", "capacity": "10000 GB", "price_/_gb": "$0.024", "color": "Black"}, {"name": "Western Digital WD_BLACK D10", "rating": 0, "rating_count": 0, "price_usd": 280.0, "type": "Desktop", "interface": "USB 3.1", "capacity": "12000 GB", "price_/_gb": "$0.023", "color": "Black"}, {"name": "Western Digital WD_BLACK P50", "rating": 0, "rating_count": 0, "price_usd": 199.99, "type": "Portable", "interface": "USB Type-C", "capacity": "1000 GB", "price_/_gb": "$0.200", "color": "Black / Silver"}, {"name": "Western Digital My Passport", "rating": 4, "rating_count": 1, "price_usd": null, "type": "Portable", "interface": "USB 3.0", "capacity": "4000 GB", "price_/_gb": null, "color": "Black"}, {"name": "Samsung T7 Portable", "rating": 0, "rating_count": 0, "price_usd": 152.99, "type": "Portable", "interface": "USB Type-C", "capacity": "1000 GB", "price_/_gb": "$0.153", "color": "Blue / Silver"}, {"name": "Apricom Aegis Padlock DT", "rating": 0, "rating_count": 0, "price_usd": null, "type": "Portable", "interface": "USB 3.0", "capacity": "14000 GB", "price_/_gb": null, "color": "Black"}, {"name": "Western Digital My Book", "rating": 4, "rating_count": 1, "price_usd": 383.25, "type": "Desktop", "interface": "USB 3.1", "capacity": "14000 GB", "price_/_gb": "$0.027", "color": "Black"}, {"name": "Western Digital My Passport Ultra Portable", "rating": 4, "rating_count": 4, "price_usd": 149.99, "type": "Portable", "interface": "USB 3.0", "capacity": "2000 GB", "price_/_gb": "$0.075", "color": null}, {"name": "Toshiba Canvio Basics", "rating": 4, "rating_count": 4, "price_usd": 82.56, "type": "Portable", "interface": "USB 3.0", "capacity": "1000 GB", "price_/_gb": "$0.083", "color": null}, {"name": "Western Digital WDBPKJ0050BWT-WESN", "rating": 0, "rating_count": 0, "price_usd": 149.99, "type": "Portable", "interface": "USB 3.0", "capacity": "5000 GB", "price_/_gb": "$0.030", "color": "White"}, {"name": "Western Digital Elements", "rating": 4, "rating_count": 1, "price_usd": 79.99, "type": "Desktop", "interface": "USB 3.0", "capacity": "3000 GB", "price_/_gb": "$0.027", "color": null}, {"name": "Samsung T7 Portable", "rating": 0, "rating_count": 0, "price_usd": 320.19, "type": "Portable", "interface": "USB Type-C", "capacity": "2000 GB", "price_/_gb": "$0.160", "color": "Red / Silver"}, {"name": "Western Digital My Book Duo", "rating": 0, "rating_count": 0, "price_usd": 419.99, "type": "Desktop", "interface": "USB 3.0, USB Type-C", "capacity": "12000 GB", "price_/_gb": "$0.035", "color": "Black"}, {"name": "Seagate Backup Plus", "rating": 0, "rating_count": 0, "price_usd": 239.0, "type": "Desktop", "interface": "USB 3.0", "capacity": "8000 GB", "price_/_gb": "$0.030", "color": null}, {"name": "Samsung T7 Portable", "rating": 0, "rating_count": 0, "price_usd": 79.0, "type": "Portable", "interface": "USB Type-C", "capacity": "500 GB", "price_/_gb": "$0.158", "color": "Red / Silver"}, {"name": "Western Digital easystore", "rating": 5, "rating_count": 1, "price_usd": 329.99, "type": "Desktop", "interface": "USB 3.0", "capacity": "12000 GB", "price_/_gb": "$0.027", "color": null}, {"name": "Western Digital WD_BLACK P10", "rating": 0, "rating_count": 0, "price_usd": 109.99, "type": "Portable", "interface": "USB 3.0", "capacity": "4000 GB", "price_/_gb": "$0.027", "color": "Black"}, {"name": "Samsung T5", "rating": 5, "rating_count": 3, "price_usd": 89.98, "type": "Portable", "interface": "USB Type-C", "capacity": "500 GB", "price_/_gb": "$0.180", "color": null}, {"name": "Western Digital WDBYVG0020BBL-WESN", "rating": 0, "rating_count": 0, "price_usd": 74.99, "type": "Portable", "interface": "USB 3.0", "capacity": "2000 GB", "price_/_gb": "$0.037", "color": "Blue"}, {"name": "Seagate Backup Plus Slim", "rating": 4, "rating_count": 4, "price_usd": 186.0, "type": "Portable", "interface": "USB 3.0", "capacity": "2000 GB", "price_/_gb": "$0.093", "color": null}, {"name": "Seagate Expansion", "rating": 5, "rating_count": 1, "price_usd": null, "type": "Desktop", "interface": "USB 3.0", "capacity": "2000 GB", "price_/_gb": null, "color": null}, {"name": "Western Digital Elements", "rating": 4, "rating_count": 2, "price_usd": null, "type": "Portable", "interface": "USB 3.0", "capacity": "2000 GB", "price_/_gb": null, "color": null}, {"name": "Seagate Expansion", "rating": 0, "rating_count": 0, "price_usd": null, "type": "Portable", "interface": "USB 3.0", "capacity": "1000 GB", "price_/_gb": null, "color": null}, {"name": "Western Digital My Passport", "rating": 4, "rating_count": 2, "price_usd": null, "type": "Portable", "interface": "USB 3.0", "capacity": "2000 GB", "price_/_gb": null, "color": null}, {"name": "Western Digital easystore", "rating": 0, "rating_count": 0, "price_usd": 199.99, "type": "Desktop", "interface": "USB 3.0, USB 2.0", "capacity": "8000 GB", "price_/_gb": "$0.025", "color": "Black"}, {"name": "Western Digital easystore", "rating": 0, "rating_count": 0, "price_usd": 309.99, "type": "Desktop", "interface": "USB 3.0, USB 2.0", "capacity": "12000 GB", "price_/_gb": "$0.026", "color": "Black"}, {"name": "Asus FX HDD", "rating": 0, "rating_count": 0, "price_usd": null, "type": "Portable", "interface": "USB 3.1", "capacity": "2000 GB", "price_/_gb": null, "color": "Black"}, {"name": "LaCie d2", "rating": 0, "rating_count": 0, "price_usd": 679.9, "type": "Desktop", "interface": "USB 3.0, Thunderbolt", "capacity": "6000 GB", "price_/_gb": "$0.113", "color": null}, {"name": "Seagate Backup Plus", "rating": 5, "rating_count": 1, "price_usd": 405.83, "type": "Desktop", "interface": "USB 3.0", "capacity": "5000 GB", "price_/_gb": "$0.081", "color": null}, {"name": "Western Digital Elements", "rating": 4, "rating_count": 7, "price_usd": null, "type": "Portable", "interface": "USB 3.0", "capacity": "1000 GB", "price_/_gb": null, "color": null}, {"name": "Western Digital My Book", "rating": 0, "rating_count": 0, "price_usd": 209.99, "type": "Desktop", "interface": "USB 3.0", "capacity": "8000 GB", "price_/_gb": "$0.026", "color": "Black"}, {"name": "Western Digital WDBYVG0010BBL-WESN", "rating": 0, "rating_count": 0, "price_usd": 59.99, "type": "Portable", "interface": "USB 3.0", "capacity": "1000 GB", "price_/_gb": "$0.060", "color": "Blue"}, {"name": "Western Digital My Book", "rating": 5, "rating_count": 1, "price_usd": null, "type": "Desktop", "interface": "USB 3.0", "capacity": "10000 GB", "price_/_gb": null, "color": "Black"}, {"name": "Western Digital easystore", "rating": 0, "rating_count": 0, "price_usd": 449.99, "type": "Desktop", "interface": "USB 3.0, USB 2.0", "capacity": "16000 GB", "price_/_gb": "$0.028", "color": "Black"}, {"name": "SanDisk Extreme 900", "rating": 0, "rating_count": 0, "price_usd": 285.99, "type": "Portable", "interface": "USB 3.1", "capacity": "960 GB", "price_/_gb": "$0.298", "color": null}, {"name": "LaCie Rugged Mini", "rating": 0, "rating_count": 0, "price_usd": 79.99, "type": "Portable", "interface": "USB 3.0", "capacity": "1000 GB", "price_/_gb": "$0.080", "color": null}, {"name": "Buslink CipherShield", "rating": 0, "rating_count": 0, "price_usd": 517.45, "type": "Desktop", "interface": "USB 3.0", "capacity": "6000 GB", "price_/_gb": "$0.086", "color": null}, {"name": "Western Digital WDBPKJ0050BBL-WESN", "rating": 0, "rating_count": 0, "price_usd": 149.99, "type": "Portable", "interface": "USB 3.0", "capacity": "5000 GB", "price_/_gb": "$0.030", "color": "Blue"}, {"name": "Western Digital My Book Thunderbolt Duo", "rating": 5, "rating_count": 1, "price_usd": null, "type": "Desktop", "interface": "Thunderbolt", "capacity": "4000 GB", "price_/_gb": null, "color": null}, {"name": "G-Technology 0G02538", "rating": 0, "rating_count": 0, "price_usd": null, "type": "Desktop", "interface": "USB 3.0, IEEE 1394b, eSATA 6Gb/s", "capacity": "4000 GB", "price_/_gb": null, "color": null}, {"name": "Seagate Backup Plus Ultra Touch", "rating": 0, "rating_count": 0, "price_usd": 79.99, "type": "Portable", "interface": "USB 3.0", "capacity": "2000 GB", "price_/_gb": "$0.040", "color": "Black"}, {"name": "Samsung T7 Portable", "rating": 0, "rating_count": 0, "price_usd": 79.98, "type": "Portable", "interface": "USB Type-C", "capacity": "500 GB", "price_/_gb": "$0.160", "color": "Blue / Silver"}, {"name": "Western Digital My Book Duo", "rating": 0, "rating_count": 0, "price_usd": 259.99, "type": "Desktop", "interface": "USB 3.0, USB Type-C", "capacity": "4000 GB", "price_/_gb": "$0.065", "color": "Black"}, {"name": "ADATA DashDrive Durable HD650", "rating": 4, "rating_count": 3, "price_usd": 55.69, "type": "Portable", "interface": "USB 3.0", "capacity": "1000 GB", "price_/_gb": "$0.056", "color": null}, {"name": "Transcend StoreJet", "rating": 5, "rating_count": 1, "price_usd": 67.66, "type": "Portable", "interface": "USB 3.0", "capacity": "1000 GB", "price_/_gb": "$0.068", "color": null}, {"name": "Seagate Backup Plus Portable", "rating": 0, "rating_count": 0, "price_usd": 110.0, "type": "Portable", "interface": "USB 3.0", "capacity": "5000 GB", "price_/_gb": "$0.022", "color": "Black"}, {"name": "Western Digital easystore", "rating": 0, "rating_count": 0, "price_usd": 349.99, "type": "Desktop", "interface": "USB 3.1", "capacity": "10000 GB", "price_/_gb": "$0.035", "color": "Black"}, {"name": "Western Digital My Book", "rating": 5, "rating_count": 1, "price_usd": 144.69, "type": "Desktop", "interface": "USB 3.0", "capacity": "3000 GB", "price_/_gb": "$0.048", "color": "Black"}, {"name": "Apricom Aegis Padlock Fortress", "rating": 0, "rating_count": 0, "price_usd": 253.46, "type": "Portable", "interface": "USB 3.0", "capacity": "2000 GB", "price_/_gb": "$0.127", "color": "Black"}, {"name": "Toshiba Canvio Desk", "rating": 0, "rating_count": 0, "price_usd": null, "type": "Desktop", "interface": "USB 3.0", "capacity": "2000 GB", "price_/_gb": null, "color": null}, {"name": "Seagate Backup Plus Portable", "rating": 0, "rating_count": 0, "price_usd": 114.99, "type": "Portable", "interface": "USB 3.0", "capacity": "4000 GB", "price_/_gb": "$0.029", "color": "Blue / White"}, {"name": "Western Digital My Book Essential", "rating": 3, "rating_count": 2, "price_usd": 150.0, "type": "Desktop", "interface": "USB 3.0", "capacity": "1000 GB", "price_/_gb": "$0.150", "color": null}, {"name": "SanDisk Extreme 900", "rating": 0, "rating_count": 0, "price_usd": 1286.53, "type": "Portable", "interface": "USB 3.1", "capacity": "1920 GB", "price_/_gb": "$0.670", "color": null}, {"name": "Western Digital My Book Duo", "rating": 0, "rating_count": 0, "price_usd": 999.99, "type": "Desktop", "interface": "USB 3.0, USB Type-C", "capacity": "28000 GB", "price_/_gb": "$0.036", "color": "Black"}, {"name": "Western Digital My Book Duo", "rating": 0, "rating_count": 0, "price_usd": 749.99, "type": "Desktop", "interface": "USB 3.0, USB Type-C", "capacity": "20000 GB", "price_/_gb": "$0.037", "color": "Black"}, {"name": "Western Digital My Book Duo", "rating": 0, "rating_count": 0, "price_usd": 899.99, "type": "Desktop", "interface": "USB 3.0, USB Type-C", "capacity": "24000 GB", "price_/_gb": "$0.037", "color": "Black"}, {"name": "Western Digital Elements", "rating": 4, "rating_count": 11, "price_usd": 47.99, "type": "Portable", "interface": "USB 3.0", "capacity": "1000 GB", "price_/_gb": "$0.048", "color": null}, {"name": "Seagate Expansion", "rating": 5, "rating_count": 2, "price_usd": 159.99, "type": "Desktop", "interface": "USB 3.0", "capacity": "8000 GB", "price_/_gb": "$0.020", "color": null}, {"name": "Seagate Expansion", "rating": 4, "rating_count": 5, "price_usd": 94.99, "type": "Desktop", "interface": "USB 3.0", "capacity": "4000 GB", "price_/_gb": "$0.024", "color": null}, {"name": "Western Digital WD_BLACK P10", "rating": 5, "rating_count": 1, "price_usd": 124.99, "type": "Portable", "interface": "USB 3.0", "capacity": "5000 GB", "price_/_gb": "$0.025", "color": "Black"}, {"name": "Seagate Backup Plus", "rating": 4, "rating_count": 4, "price_usd": 59.99, "type": "Portable", "interface": "USB 3.0", "capacity": "2000 GB", "price_/_gb": "$0.030", "color": null}, {"name": "Samsung T5", "rating": 4, "rating_count": 5, "price_usd": 119.99, "type": "Portable", "interface": "USB Type-C", "capacity": "1000 GB", "price_/_gb": "$0.120", "color": null}, {"name": "Samsung T7 Portable", "rating": 0, "rating_count": 0, "price_usd": 319.99, "type": "Portable", "interface": "USB Type-C", "capacity": "2000 GB", "price_/_gb": "$0.160", "color": "Black / Silver"}, {"name": "Seagate Expansion", "rating": 0, "rating_count": 0, "price_usd": 214.99, "type": "Desktop", "interface": "USB 3.0", "capacity": "10000 GB", "price_/_gb": "$0.021", "color": "Black"}, {"name": "Sabrent Rocket XTRM", "rating": 0, "rating_count": 0, "price_usd": 799.99, "type": "Portable", "interface": "Thunderbolt", "capacity": "4000 GB", "price_/_gb": "$0.200", "color": "Silver"}, {"name": "Seagate Expansion", "rating": 0, "rating_count": 0, "price_usd": 109.99, "type": "Portable", "interface": "USB 3.0", "capacity": "5000 GB", "price_/_gb": "$0.022", "color": "Black"}, {"name": "Apricom ASSD-3PL256-120F", "rating": 0, "rating_count": 0, "price_usd": null, "type": "Desktop", "interface": "USB 2.0", "capacity": "120 GB", "price_/_gb": null, "color": null}, {"name": "Seagate Expansion", "rating": 0, "rating_count": 0, "price_usd": 449.99, "type": "Desktop", "interface": "USB 3.0", "capacity": "16000 GB", "price_/_gb": "$0.028", "color": "Black"}, {"name": "Seagate Backup Plus Hub", "rating": 4, "rating_count": 2, "price_usd": 184.99, "type": "Desktop", "interface": "USB 3.1", "capacity": "8000 GB", "price_/_gb": "$0.023", "color": null}, {"name": "Seagate Backup Plus Portable", "rating": 3, "rating_count": 1, "price_usd": 121.99, "type": "Portable", "interface": "USB 3.0", "capacity": "5000 GB", "price_/_gb": "$0.024", "color": "Black"}, {"name": "Samsung T5", "rating": 0, "rating_count": 0, "price_usd": 219.99, "type": "Portable", "interface": "USB Type-C", "capacity": "2000 GB", "price_/_gb": "$0.110", "color": "Black"}, {"name": "Western Digital WD_BLACK D10", "rating": 0, "rating_count": 0, "price_usd": 199.99, "type": "Desktop", "interface": "USB 3.1", "capacity": "8000 GB", "price_/_gb": "$0.025", "color": "Black"}, {"name": "Western Digital My Book", "rating": 0, "rating_count": 0, "price_usd": 94.99, "type": "Desktop", "interface": "USB 3.0", "capacity": "4000 GB", "price_/_gb": "$0.024", "color": "Black"}, {"name": "Seagate Backup Plus Slim", "rating": 5, "rating_count": 2, "price_usd": 49.97, "type": "Portable", "interface": "USB 3.0", "capacity": "1000 GB", "price_/_gb": "$0.050", "color": "Black"}, {"name": "Western Digital WDBYVG0020BBK-WESN", "rating": 0, "rating_count": 0, "price_usd": 69.98, "type": "Portable", "interface": "USB 3.0", "capacity": "2000 GB", "price_/_gb": "$0.035", "color": "Black"}, {"name": "Seagate Backup Plus Hub", "rating": 0, "rating_count": 0, "price_usd": 224.99, "type": "Desktop", "interface": "USB 3.0", "capacity": "10000 GB", "price_/_gb": "$0.022", "color": "Black"}, {"name": "Samsung T7 Portable", "rating": 0, "rating_count": 0, "price_usd": 78.61, "type": "Portable", "interface": "USB Type-C", "capacity": "500 GB", "price_/_gb": "$0.157", "color": "Black / Silver"}, {"name": "Western Digital easystore", "rating": 4, "rating_count": 2, "price_usd": 379.99, "type": "Desktop", "interface": "USB 3.0", "capacity": "14000 GB", "price_/_gb": "$0.027", "color": "Black"}, {"name": "Western Digital ELEMENTS", "rating": 0, "rating_count": 0, "price_usd": 124.99, "type": "Desktop", "interface": "USB 3.0", "capacity": "6000 GB", "price_/_gb": "$0.021", "color": "Black"}, {"name": "Western Digital WDBPKJ0040BBK-WESN", "rating": 5, "rating_count": 1, "price_usd": 89.0, "type": "Portable", "interface": "USB 3.0", "capacity": "4000 GB", "price_/_gb": "$0.022", "color": "Black"}, {"name": "Seagate STEB6000403", "rating": 0, "rating_count": 0, "price_usd": 124.99, "type": "Desktop", "interface": "USB 3.0", "capacity": "6000 GB", "price_/_gb": "$0.021", "color": "Black"}, {"name": "Western Digital My Book Duo", "rating": 0, "rating_count": 0, "price_usd": 484.99, "type": "Desktop", "interface": "USB 3.0, USB Type-C", "capacity": "16000 GB", "price_/_gb": "$0.030", "color": "Black"}, {"name": "Western Digital Elements", "rating": 0, "rating_count": 0, "price_usd": 298.45, "type": "Desktop", "interface": "USB 3.0", "capacity": "12000 GB", "price_/_gb": "$0.025", "color": null}, {"name": "Transcend TS128GESD200K", "rating": 0, "rating_count": 0, "price_usd": 41.58, "type": "Portable", "interface": "USB 3.0", "capacity": "128 GB", "price_/_gb": "$0.325", "color": null}, {"name": "Samsung T7 Portable", "rating": 0, "rating_count": 0, "price_usd": 159.99, "type": "Portable", "interface": "USB Type-C", "capacity": "1000 GB", "price_/_gb": "$0.160", "color": "Black / Silver"}, {"name": "Western Digital ELEMENTS", "rating": 4, "rating_count": 6, "price_usd": 249.99, "type": "Desktop", "interface": "USB 3.0", "capacity": "8000 GB", "price_/_gb": "$0.031", "color": "Black"}, {"name": "Western Digital ELEMENTS", "rating": 0, "rating_count": 0, "price_usd": 352.11, "type": "Desktop", "interface": "USB 3.1", "capacity": "14000 GB", "price_/_gb": "$0.025", "color": "Black"}, {"name": "Samsung T7 Portable", "rating": 0, "rating_count": 0, "price_usd": 320.85, "type": "Portable", "interface": "USB Type-C", "capacity": "2000 GB", "price_/_gb": "$0.160", "color": "Blue / Silver"}, {"name": "Western Digital My Book", "rating": 3, "rating_count": 2, "price_usd": 129.99, "type": "Desktop", "interface": "USB 3.0", "capacity": "6000 GB", "price_/_gb": "$0.022", "color": "Black"}, {"name": "Western Digital Elements", "rating": 4, "rating_count": 1, "price_usd": 89.99, "type": "Desktop", "interface": "USB 3.0", "capacity": "4000 GB", "price_/_gb": "$0.022", "color": null}, {"name": "Western Digital WDBYVG0010BBK-WESN", "rating": 0, "rating_count": 0, "price_usd": 44.97, "type": "Portable", "interface": "USB 3.0", "capacity": "1000 GB", "price_/_gb": "$0.045", "color": "Black"}, {"name": "Western Digital WD_BLACK P10", "rating": 0, "rating_count": 0, "price_usd": 72.97, "type": "Portable", "interface": "USB 3.0", "capacity": "2000 GB", "price_/_gb": "$0.036", "color": "Black"}, {"name": "Buslink DL-4TSDU31G2", "rating": 0, "rating_count": 0, "price_usd": 660.83, "type": "Portable", "interface": "USB 3.1", "capacity": "4000 GB", "price_/_gb": "$0.165", "color": "Black"}, {"name": "Seagate Backup Plus Portable", "rating": 0, "rating_count": 0, "price_usd": 94.0, "type": "Portable", "interface": "USB 3.0", "capacity": "4000 GB", "price_/_gb": "$0.024", "color": "Black"}, {"name": "Seagate Expansion", "rating": 0, "rating_count": 0, "price_usd": 379.99, "type": "Desktop", "interface": "USB 3.0", "capacity": "14000 GB", "price_/_gb": "$0.027", "color": "Black"}, {"name": "Western Digital Elements Portable", "rating": 0, "rating_count": 0, "price_usd": 92.99, "type": "Portable", "interface": "USB 3.0", "capacity": "4000 GB", "price_/_gb": "$0.023", "color": "Black"}, {"name": "Western Digital easystore", "rating": 3, "rating_count": 3, "price_usd": 239.99, "type": "Desktop", "interface": "USB 3.0", "capacity": "8000 GB", "price_/_gb": "$0.030", "color": null}, {"name": "Seagate Backup Plus Hub", "rating": 0, "rating_count": 0, "price_usd": 419.99, "type": "Desktop", "interface": "USB 3.0", "capacity": "14000 GB", "price_/_gb": "$0.030", "color": "Black"}, {"name": "Western Digital WDBPKJ0050BBK-WESN", "rating": 0, "rating_count": 0, "price_usd": 114.99, "type": "Portable", "interface": "USB 3.0", "capacity": "5000 GB", "price_/_gb": "$0.023", "color": "Black"}, {"name": "Western Digital easystore", "rating": 0, "rating_count": 0, "price_usd": 529.99, "type": "Desktop", "interface": "USB 3.0, USB 2.0", "capacity": "18000 GB", "price_/_gb": "$0.029", "color": "Black"}, {"name": "Western Digital WDBWLG0100HBK-NESN", "rating": 0, "rating_count": 0, "price_usd": 241.93, "type": "Desktop", "interface": "USB 3.0", "capacity": "10000 GB", "price_/_gb": "$0.024", "color": "Black"}, {"name": "Western Digital WD_BLACK D10", "rating": 0, "rating_count": 0, "price_usd": 280.0, "type": "Desktop", "interface": "USB 3.1", "capacity": "12000 GB", "price_/_gb": "$0.023", "color": "Black"}, {"name": "Western Digital WD_BLACK P50", "rating": 0, "rating_count": 0, "price_usd": 199.99, "type": "Portable", "interface": "USB Type-C", "capacity": "1000 GB", "price_/_gb": "$0.200", "color": "Black / Silver"}, {"name": "Western Digital My Passport", "rating": 4, "rating_count": 1, "price_usd": null, "type": "Portable", "interface": "USB 3.0", "capacity": "4000 GB", "price_/_gb": null, "color": "Black"}, {"name": "Samsung T7 Portable", "rating": 0, "rating_count": 0, "price_usd": 152.99, "type": "Portable", "interface": "USB Type-C", "capacity": "1000 GB", "price_/_gb": "$0.153", "color": "Blue / Silver"}, {"name": "Apricom Aegis Padlock DT", "rating": 0, "rating_count": 0, "price_usd": null, "type": "Portable", "interface": "USB 3.0", "capacity": "14000 GB", "price_/_gb": null, "color": "Black"}, {"name": "Western Digital My Book", "rating": 4, "rating_count": 1, "price_usd": 383.25, "type": "Desktop", "interface": "USB 3.1", "capacity": "14000 GB", "price_/_gb": "$0.027", "color": "Black"}, {"name": "Western Digital My Passport Ultra Portable", "rating": 4, "rating_count": 4, "price_usd": 149.99, "type": "Portable", "interface": "USB 3.0", "capacity": "2000 GB", "price_/_gb": "$0.075", "color": null}, {"name": "Toshiba Canvio Basics", "rating": 4, "rating_count": 4, "price_usd": 82.56, "type": "Portable", "interface": "USB 3.0", "capacity": "1000 GB", "price_/_gb": "$0.083", "color": null}, {"name": "Western Digital WDBPKJ0050BWT-WESN", "rating": 0, "rating_count": 0, "price_usd": 149.99, "type": "Portable", "interface": "USB 3.0", "capacity": "5000 GB", "price_/_gb": "$0.030", "color": "White"}, {"name": "Western Digital Elements", "rating": 4, "rating_count": 1, "price_usd": 79.99, "type": "Desktop", "interface": "USB 3.0", "capacity": "3000 GB", "price_/_gb": "$0.027", "color": null}, {"name": "Samsung T7 Portable", "rating": 0, "rating_count": 0, "price_usd": 320.19, "type": "Portable", "interface": "USB Type-C", "capacity": "2000 GB", "price_/_gb": "$0.160", "color": "Red / Silver"}, {"name": "Western Digital My Book Duo", "rating": 0, "rating_count": 0, "price_usd": 419.99, "type": "Desktop", "interface": "USB 3.0, USB Type-C", "capacity": "12000 GB", "price_/_gb": "$0.035", "color": "Black"}, {"name": "Seagate Backup Plus", "rating": 0, "rating_count": 0, "price_usd": 239.0, "type": "Desktop", "interface": "USB 3.0", "capacity": "8000 GB", "price_/_gb": "$0.030", "color": null}, {"name": "Samsung T7 Portable", "rating": 0, "rating_count": 0, "price_usd": 79.0, "type": "Portable", "interface": "USB Type-C", "capacity": "500 GB", "price_/_gb": "$0.158", "color": "Red / Silver"}, {"name": "Western Digital easystore", "rating": 5, "rating_count": 1, "price_usd": 329.99, "type": "Desktop", "interface": "USB 3.0", "capacity": "12000 GB", "price_/_gb": "$0.027", "color": null}, {"name": "Western Digital WD_BLACK P10", "rating": 0, "rating_count": 0, "price_usd": 109.99, "type": "Portable", "interface": "USB 3.0", "capacity": "4000 GB", "price_/_gb": "$0.027", "color": "Black"}, {"name": "Samsung T5", "rating": 5, "rating_count": 3, "price_usd": 89.98, "type": "Portable", "interface": "USB Type-C", "capacity": "500 GB", "price_/_gb": "$0.180", "color": null}, {"name": "Western Digital WDBYVG0020BBL-WESN", "rating": 0, "rating_count": 0, "price_usd": 74.99, "type": "Portable", "interface": "USB 3.0", "capacity": "2000 GB", "price_/_gb": "$0.037", "color": "Blue"}, {"name": "Seagate Backup Plus Slim", "rating": 4, "rating_count": 4, "price_usd": 186.0, "type": "Portable", "interface": "USB 3.0", "capacity": "2000 GB", "price_/_gb": "$0.093", "color": null}, {"name": "Seagate Expansion", "rating": 5, "rating_count": 1, "price_usd": null, "type": "Desktop", "interface": "USB 3.0", "capacity": "2000 GB", "price_/_gb": null, "color": null}, {"name": "Western Digital Elements", "rating": 4, "rating_count": 2, "price_usd": null, "type": "Portable", "interface": "USB 3.0", "capacity": "2000 GB", "price_/_gb": null, "color": null}, {"name": "Seagate Expansion", "rating": 0, "rating_count": 0, "price_usd": null, "type": "Portable", "interface": "USB 3.0", "capacity": "1000 GB", "price_/_gb": null, "color": null}, {"name": "Western Digital My Passport", "rating": 4, "rating_count": 2, "price_usd": null, "type": "Portable", "interface": "USB 3.0", "capacity": "2000 GB", "price_/_gb": null, "color": null}, {"name": "Western Digital easystore", "rating": 0, "rating_count": 0, "price_usd": 199.99, "type": "Desktop", "interface": "USB 3.0, USB 2.0", "capacity": "8000 GB", "price_/_gb": "$0.025", "color": "Black"}, {"name": "Western Digital easystore", "rating": 0, "rating_count": 0, "price_usd": 309.99, "type": "Desktop", "interface": "USB 3.0, USB 2.0", "capacity": "12000 GB", "price_/_gb": "$0.026", "color": "Black"}, {"name": "Asus FX HDD", "rating": 0, "rating_count": 0, "price_usd": null, "type": "Portable", "interface": "USB 3.1", "capacity": "2000 GB", "price_/_gb": null, "color": "Black"}, {"name": "LaCie d2", "rating": 0, "rating_count": 0, "price_usd": 679.9, "type": "Desktop", "interface": "USB 3.0, Thunderbolt", "capacity": "6000 GB", "price_/_gb": "$0.113", "color": null}, {"name": "Seagate Backup Plus", "rating": 5, "rating_count": 1, "price_usd": 405.83, "type": "Desktop", "interface": "USB 3.0", "capacity": "5000 GB", "price_/_gb": "$0.081", "color": null}, {"name": "Western Digital Elements", "rating": 4, "rating_count": 7, "price_usd": null, "type": "Portable", "interface": "USB 3.0", "capacity": "1000 GB", "price_/_gb": null, "color": null}, {"name": "Western Digital My Book", "rating": 0, "rating_count": 0, "price_usd": 209.99, "type": "Desktop", "interface": "USB 3.0", "capacity": "8000 GB", "price_/_gb": "$0.026", "color": "Black"}, {"name": "Western Digital WDBYVG0010BBL-WESN", "rating": 0, "rating_count": 0, "price_usd": 59.99, "type": "Portable", "interface": "USB 3.0", "capacity": "1000 GB", "price_/_gb": "$0.060", "color": "Blue"}, {"name": "Western Digital My Book", "rating": 5, "rating_count": 1, "price_usd": null, "type": "Desktop", "interface": "USB 3.0", "capacity": "10000 GB", "price_/_gb": null, "color": "Black"}, {"name": "Western Digital easystore", "rating": 0, "rating_count": 0, "price_usd": 449.99, "type": "Desktop", "interface": "USB 3.0, USB 2.0", "capacity": "16000 GB", "price_/_gb": "$0.028", "color": "Black"}, {"name": "SanDisk Extreme 900", "rating": 0, "rating_count": 0, "price_usd": 285.99, "type": "Portable", "interface": "USB 3.1", "capacity": "960 GB", "price_/_gb": "$0.298", "color": null}, {"name": "LaCie Rugged Mini", "rating": 0, "rating_count": 0, "price_usd": 79.99, "type": "Portable", "interface": "USB 3.0", "capacity": "1000 GB", "price_/_gb": "$0.080", "color": null}, {"name": "Buslink CipherShield", "rating": 0, "rating_count": 0, "price_usd": 517.45, "type": "Desktop", "interface": "USB 3.0", "capacity": "6000 GB", "price_/_gb": "$0.086", "color": null}, {"name": "Western Digital WDBPKJ0050BBL-WESN", "rating": 0, "rating_count": 0, "price_usd": 149.99, "type": "Portable", "interface": "USB 3.0", "capacity": "5000 GB", "price_/_gb": "$0.030", "color": "Blue"}, {"name": "Western Digital My Book Thunderbolt Duo", "rating": 5, "rating_count": 1, "price_usd": null, "type": "Desktop", "interface": "Thunderbolt", "capacity": "4000 GB", "price_/_gb": null, "color": null}, {"name": "G-Technology 0G02538", "rating": 0, "rating_count": 0, "price_usd": null, "type": "Desktop", "interface": "USB 3.0, IEEE 1394b, eSATA 6Gb/s", "capacity": "4000 GB", "price_/_gb": null, "color": null}, {"name": "Seagate Backup Plus Ultra Touch", "rating": 0, "rating_count": 0, "price_usd": 79.99, "type": "Portable", "interface": "USB 3.0", "capacity": "2000 GB", "price_/_gb": "$0.040", "color": "Black"}, {"name": "Samsung T7 Portable", "rating": 0, "rating_count": 0, "price_usd": 79.98, "type": "Portable", "interface": "USB Type-C", "capacity": "500 GB", "price_/_gb": "$0.160", "color": "Blue / Silver"}, {"name": "Western Digital My Book Duo", "rating": 0, "rating_count": 0, "price_usd": 259.99, "type": "Desktop", "interface": "USB 3.0, USB Type-C", "capacity": "4000 GB", "price_/_gb": "$0.065", "color": "Black"}, {"name": "ADATA DashDrive Durable HD650", "rating": 4, "rating_count": 3, "price_usd": 55.69, "type": "Portable", "interface": "USB 3.0", "capacity": "1000 GB", "price_/_gb": "$0.056", "color": null}, {"name": "Transcend StoreJet", "rating": 5, "rating_count": 1, "price_usd": 67.66, "type": "Portable", "interface": "USB 3.0", "capacity": "1000 GB", "price_/_gb": "$0.068", "color": null}, {"name": "Seagate Backup Plus Portable", "rating": 0, "rating_count": 0, "price_usd": 110.0, "type": "Portable", "interface": "USB 3.0", "capacity": "5000 GB", "price_/_gb": "$0.022", "color": "Black"}, {"name": "Western Digital easystore", "rating": 0, "rating_count": 0, "price_usd": 349.99, "type": "Desktop", "interface": "USB 3.1", "capacity": "10000 GB", "price_/_gb": "$0.035", "color": "Black"}, {"name": "Western Digital My Book", "rating": 5, "rating_count": 1, "price_usd": 144.69, "type": "Desktop", "interface": "USB 3.0", "capacity": "3000 GB", "price_/_gb": "$0.048", "color": "Black"}, {"name": "Apricom Aegis Padlock Fortress", "rating": 0, "rating_count": 0, "price_usd": 253.46, "type": "Portable", "interface": "USB 3.0", "capacity": "2000 GB", "price_/_gb": "$0.127", "color": "Black"}, {"name": "Toshiba Canvio Desk", "rating": 0, "rating_count": 0, "price_usd": null, "type": "Desktop", "interface": "USB 3.0", "capacity": "2000 GB", "price_/_gb": null, "color": null}, {"name": "Seagate Backup Plus Portable", "rating": 0, "rating_count": 0, "price_usd": 114.99, "type": "Portable", "interface": "USB 3.0", "capacity": "4000 GB", "price_/_gb": "$0.029", "color": "Blue / White"}, {"name": "Western Digital My Book Essential", "rating": 3, "rating_count": 2, "price_usd": 150.0, "type": "Desktop", "interface": "USB 3.0", "capacity": "1000 GB", "price_/_gb": "$0.150", "color": null}, {"name": "SanDisk Extreme 900", "rating": 0, "rating_count": 0, "price_usd": 1286.53, "type": "Portable", "interface": "USB 3.1", "capacity": "1920 GB", "price_/_gb": "$0.670", "color": null}, {"name": "Western Digital My Book Duo", "rating": 0, "rating_count": 0, "price_usd": 999.99, "type": "Desktop", "interface": "USB 3.0, USB Type-C", "capacity": "28000 GB", "price_/_gb": "$0.036", "color": "Black"}, {"name": "Western Digital My Book Duo", "rating": 0, "rating_count": 0, "price_usd": 749.99, "type": "Desktop", "interface": "USB 3.0, USB Type-C", "capacity": "20000 GB", "price_/_gb": "$0.037", "color": "Black"}, {"name": "Western Digital My Book Duo", "rating": 0, "rating_count": 0, "price_usd": 899.99, "type": "Desktop", "interface": "USB 3.0, USB Type-C", "capacity": "24000 GB", "price_/_gb": "$0.037", "color": "Black"}, {"name": "Western Digital Elements", "rating": 4, "rating_count": 11, "price_usd": 47.99, "type": "Portable", "interface": "USB 3.0", "capacity": "1000 GB", "price_/_gb": "$0.048", "color": null}, {"name": "Seagate Expansion", "rating": 5, "rating_count": 2, "price_usd": 159.99, "type": "Desktop", "interface": "USB 3.0", "capacity": "8000 GB", "price_/_gb": "$0.020", "color": null}, {"name": "Seagate Expansion", "rating": 4, "rating_count": 5, "price_usd": 94.99, "type": "Desktop", "interface": "USB 3.0", "capacity": "4000 GB", "price_/_gb": "$0.024", "color": null}, {"name": "Western Digital WD_BLACK P10", "rating": 5, "rating_count": 1, "price_usd": 124.99, "type": "Portable", "interface": "USB 3.0", "capacity": "5000 GB", "price_/_gb": "$0.025", "color": "Black"}, {"name": "Seagate Backup Plus", "rating": 4, "rating_count": 4, "price_usd": 59.99, "type": "Portable", "interface": "USB 3.0", "capacity": "2000 GB", "price_/_gb": "$0.030", "color": null}, {"name": "Samsung T5", "rating": 4, "rating_count": 5, "price_usd": 119.99, "type": "Portable", "interface": "USB Type-C", "capacity": "1000 GB", "price_/_gb": "$0.120", "color": null}, {"name": "Samsung T7 Portable", "rating": 0, "rating_count": 0, "price_usd": 319.99, "type": "Portable", "interface": "USB Type-C", "capacity": "2000 GB", "price_/_gb": "$0.160", "color": "Black / Silver"}, {"name": "Seagate Expansion", "rating": 0, "rating_count": 0, "price_usd": 214.99, "type": "Desktop", "interface": "USB 3.0", "capacity": "10000 GB", "price_/_gb": "$0.021", "color": "Black"}, {"name": "Sabrent Rocket XTRM", "rating": 0, "rating_count": 0, "price_usd": 799.99, "type": "Portable", "interface": "Thunderbolt", "capacity": "4000 GB", "price_/_gb": "$0.200", "color": "Silver"}, {"name": "Seagate Expansion", "rating": 0, "rating_count": 0, "price_usd": 109.99, "type": "Portable", "interface": "USB 3.0", "capacity": "5000 GB", "price_/_gb": "$0.022", "color": "Black"}, {"name": "Apricom ASSD-3PL256-120F", "rating": 0, "rating_count": 0, "price_usd": null, "type": "Desktop", "interface": "USB 2.0", "capacity": "120 GB", "price_/_gb": null, "color": null}, {"name": "Seagate Expansion", "rating": 0, "rating_count": 0, "price_usd": 449.99, "type": "Desktop", "interface": "USB 3.0", "capacity": "16000 GB", "price_/_gb": "$0.028", "color": "Black"}, {"name": "Seagate Backup Plus Hub", "rating": 4, "rating_count": 2, "price_usd": 184.99, "type": "Desktop", "interface": "USB 3.1", "capacity": "8000 GB", "price_/_gb": "$0.023", "color": null}, {"name": "Seagate Backup Plus Portable", "rating": 3, "rating_count": 1, "price_usd": 121.99, "type": "Portable", "interface": "USB 3.0", "capacity": "5000 GB", "price_/_gb": "$0.024", "color": "Black"}, {"name": "Samsung T5", "rating": 0, "rating_count": 0, "price_usd": 219.99, "type": "Portable", "interface": "USB Type-C", "capacity": "2000 GB", "price_/_gb": "$0.110", "color": "Black"}, {"name": "Western Digital WD_BLACK D10", "rating": 0, "rating_count": 0, "price_usd": 199.99, "type": "Desktop", "interface": "USB 3.1", "capacity": "8000 GB", "price_/_gb": "$0.025", "color": "Black"}, {"name": "Western Digital My Book", "rating": 0, "rating_count": 0, "price_usd": 94.99, "type": "Desktop", "interface": "USB 3.0", "capacity": "4000 GB", "price_/_gb": "$0.024", "color": "Black"}, {"name": "Seagate Backup Plus Slim", "rating": 5, "rating_count": 2, "price_usd": 49.97, "type": "Portable", "interface": "USB 3.0", "capacity": "1000 GB", "price_/_gb": "$0.050", "color": "Black"}, {"name": "Western Digital WDBYVG0020BBK-WESN", "rating": 0, "rating_count": 0, "price_usd": 69.98, "type": "Portable", "interface": "USB 3.0", "capacity": "2000 GB", "price_/_gb": "$0.035", "color": "Black"}, {"name": "Seagate Backup Plus Hub", "rating": 0, "rating_count": 0, "price_usd": 224.99, "type": "Desktop", "interface": "USB 3.0", "capacity": "10000 GB", "price_/_gb": "$0.022", "color": "Black"}, {"name": "Samsung T7 Portable", "rating": 0, "rating_count": 0, "price_usd": 78.61, "type": "Portable", "interface": "USB Type-C", "capacity": "500 GB", "price_/_gb": "$0.157", "color": "Black / Silver"}, {"name": "Western Digital easystore", "rating": 4, "rating_count": 2, "price_usd": 379.99, "type": "Desktop", "interface": "USB 3.0", "capacity": "14000 GB", "price_/_gb": "$0.027", "color": "Black"}, {"name": "Western Digital ELEMENTS", "rating": 0, "rating_count": 0, "price_usd": 124.99, "type": "Desktop", "interface": "USB 3.0", "capacity": "6000 GB", "price_/_gb": "$0.021", "color": "Black"}, {"name": "Western Digital WDBPKJ0040BBK-WESN", "rating": 5, "rating_count": 1, "price_usd": 89.0, "type": "Portable", "interface": "USB 3.0", "capacity": "4000 GB", "price_/_gb": "$0.022", "color": "Black"}, {"name": "Seagate STEB6000403", "rating": 0, "rating_count": 0, "price_usd": 124.99, "type": "Desktop", "interface": "USB 3.0", "capacity": "6000 GB", "price_/_gb": "$0.021", "color": "Black"}, {"name": "Western Digital My Book Duo", "rating": 0, "rating_count": 0, "price_usd": 484.99, "type": "Desktop", "interface": "USB 3.0, USB Type-C", "capacity": "16000 GB", "price_/_gb": "$0.030", "color": "Black"}, {"name": "Western Digital Elements", "rating": 0, "rating_count": 0, "price_usd": 298.45, "type": "Desktop", "interface": "USB 3.0", "capacity": "12000 GB", "price_/_gb": "$0.025", "color": null}, {"name": "Transcend TS128GESD200K", "rating": 0, "rating_count": 0, "price_usd": 41.58, "type": "Portable", "interface": "USB 3.0", "capacity": "128 GB", "price_/_gb": "$0.325", "color": null}, {"name": "Samsung T7 Portable", "rating": 0, "rating_count": 0, "price_usd": 159.99, "type": "Portable", "interface": "USB Type-C", "capacity": "1000 GB", "price_/_gb": "$0.160", "color": "Black / Silver"}, {"name": "Western Digital ELEMENTS", "rating": 4, "rating_count": 6, "price_usd": 249.99, "type": "Desktop", "interface": "USB 3.0", "capacity": "8000 GB", "price_/_gb": "$0.031", "color": "Black"}, {"name": "Western Digital ELEMENTS", "rating": 0, "rating_count": 0, "price_usd": 352.11, "type": "Desktop", "interface": "USB 3.1", "capacity": "14000 GB", "price_/_gb": "$0.025", "color": "Black"}, {"name": "Samsung T7 Portable", "rating": 0, "rating_count": 0, "price_usd": 320.85, "type": "Portable", "interface": "USB Type-C", "capacity": "2000 GB", "price_/_gb": "$0.160", "color": "Blue / Silver"}, {"name": "Western Digital My Book", "rating": 3, "rating_count": 2, "price_usd": 129.99, "type": "Desktop", "interface": "USB 3.0", "capacity": "6000 GB", "price_/_gb": "$0.022", "color": "Black"}, {"name": "Western Digital Elements", "rating": 4, "rating_count": 1, "price_usd": 89.99, "type": "Desktop", "interface": "USB 3.0", "capacity": "4000 GB", "price_/_gb": "$0.022", "color": null}, {"name": "Western Digital WDBYVG0010BBK-WESN", "rating": 0, "rating_count": 0, "price_usd": 44.97, "type": "Portable", "interface": "USB 3.0", "capacity": "1000 GB", "price_/_gb": "$0.045", "color": "Black"}, {"name": "Western Digital WD_BLACK P10", "rating": 0, "rating_count": 0, "price_usd": 72.97, "type": "Portable", "interface": "USB 3.0", "capacity": "2000 GB", "price_/_gb": "$0.036", "color": "Black"}, {"name": "Buslink DL-4TSDU31G2", "rating": 0, "rating_count": 0, "price_usd": 660.83, "type": "Portable", "interface": "USB 3.1", "capacity": "4000 GB", "price_/_gb": "$0.165", "color": "Black"}, {"name": "Seagate Backup Plus Portable", "rating": 0, "rating_count": 0, "price_usd": 94.0, "type": "Portable", "interface": "USB 3.0", "capacity": "4000 GB", "price_/_gb": "$0.024", "color": "Black"}, {"name": "Seagate Expansion", "rating": 0, "rating_count": 0, "price_usd": 379.99, "type": "Desktop", "interface": "USB 3.0", "capacity": "14000 GB", "price_/_gb": "$0.027", "color": "Black"}, {"name": "Western Digital Elements Portable", "rating": 0, "rating_count": 0, "price_usd": 92.99, "type": "Portable", "interface": "USB 3.0", "capacity": "4000 GB", "price_/_gb": "$0.023", "color": "Black"}, {"name": "Western Digital easystore", "rating": 3, "rating_count": 3, "price_usd": 239.99, "type": "Desktop", "interface": "USB 3.0", "capacity": "8000 GB", "price_/_gb": "$0.030", "color": null}, {"name": "Seagate Backup Plus Hub", "rating": 0, "rating_count": 0, "price_usd": 419.99, "type": "Desktop", "interface": "USB 3.0", "capacity": "14000 GB", "price_/_gb": "$0.030", "color": "Black"}, {"name": "Western Digital WDBPKJ0050BBK-WESN", "rating": 0, "rating_count": 0, "price_usd": 114.99, "type": "Portable", "interface": "USB 3.0", "capacity": "5000 GB", "price_/_gb": "$0.023", "color": "Black"}, {"name": "Western Digital easystore", "rating": 0, "rating_count": 0, "price_usd": 529.99, "type": "Desktop", "interface": "USB 3.0, USB 2.0", "capacity": "18000 GB", "price_/_gb": "$0.029", "color": "Black"}, {"name": "Western Digital WDBWLG0100HBK-NESN", "rating": 0, "rating_count": 0, "price_usd": 241.93, "type": "Desktop", "interface": "USB 3.0", "capacity": "10000 GB", "price_/_gb": "$0.024", "color": "Black"}, {"name": "Western Digital WD_BLACK D10", "rating": 0, "rating_count": 0, "price_usd": 280.0, "type": "Desktop", "interface": "USB 3.1", "capacity": "12000 GB", "price_/_gb": "$0.023", "color": "Black"}, {"name": "Western Digital WD_BLACK P50", "rating": 0, "rating_count": 0, "price_usd": 199.99, "type": "Portable", "interface": "USB Type-C", "capacity": "1000 GB", "price_/_gb": "$0.200", "color": "Black / Silver"}, {"name": "Western Digital My Passport", "rating": 4, "rating_count": 1, "price_usd": null, "type": "Portable", "interface": "USB 3.0", "capacity": "4000 GB", "price_/_gb": null, "color": "Black"}, {"name": "Samsung T7 Portable", "rating": 0, "rating_count": 0, "price_usd": 152.99, "type": "Portable", "interface": "USB Type-C", "capacity": "1000 GB", "price_/_gb": "$0.153", "color": "Blue / Silver"}, {"name": "Apricom Aegis Padlock DT", "rating": 0, "rating_count": 0, "price_usd": null, "type": "Portable", "interface": "USB 3.0", "capacity": "14000 GB", "price_/_gb": null, "color": "Black"}, {"name": "Western Digital My Book", "rating": 4, "rating_count": 1, "price_usd": 383.25, "type": "Desktop", "interface": "USB 3.1", "capacity": "14000 GB", "price_/_gb": "$0.027", "color": "Black"}, {"name": "Western Digital My Passport Ultra Portable", "rating": 4, "rating_count": 4, "price_usd": 149.99, "type": "Portable", "interface": "USB 3.0", "capacity": "2000 GB", "price_/_gb": "$0.075", "color": null}, {"name": "Toshiba Canvio Basics", "rating": 4, "rating_count": 4, "price_usd": 82.56, "type": "Portable", "interface": "USB 3.0", "capacity": "1000 GB", "price_/_gb": "$0.083", "color": null}, {"name": "Western Digital WDBPKJ0050BWT-WESN", "rating": 0, "rating_count": 0, "price_usd": 149.99, "type": "Portable", "interface": "USB 3.0", "capacity": "5000 GB", "price_/_gb": "$0.030", "color": "White"}, {"name": "Western Digital Elements", "rating": 4, "rating_count": 1, "price_usd": 79.99, "type": "Desktop", "interface": "USB 3.0", "capacity": "3000 GB", "price_/_gb": "$0.027", "color": null}, {"name": "Samsung T7 Portable", "rating": 0, "rating_count": 0, "price_usd": 320.19, "type": "Portable", "interface": "USB Type-C", "capacity": "2000 GB", "price_/_gb": "$0.160", "color": "Red / Silver"}, {"name": "Western Digital My Book Duo", "rating": 0, "rating_count": 0, "price_usd": 419.99, "type": "Desktop", "interface": "USB 3.0, USB Type-C", "capacity": "12000 GB", "price_/_gb": "$0.035", "color": "Black"}, {"name": "Seagate Backup Plus", "rating": 0, "rating_count": 0, "price_usd": 239.0, "type": "Desktop", "interface": "USB 3.0", "capacity": "8000 GB", "price_/_gb": "$0.030", "color": null}, {"name": "Samsung T7 Portable", "rating": 0, "rating_count": 0, "price_usd": 79.0, "type": "Portable", "interface": "USB Type-C", "capacity": "500 GB", "price_/_gb": "$0.158", "color": "Red / Silver"}, {"name": "Western Digital easystore", "rating": 5, "rating_count": 1, "price_usd": 329.99, "type": "Desktop", "interface": "USB 3.0", "capacity": "12000 GB", "price_/_gb": "$0.027", "color": null}, {"name": "Western Digital WD_BLACK P10", "rating": 0, "rating_count": 0, "price_usd": 109.99, "type": "Portable", "interface": "USB 3.0", "capacity": "4000 GB", "price_/_gb": "$0.027", "color": "Black"}, {"name": "Samsung T5", "rating": 5, "rating_count": 3, "price_usd": 89.98, "type": "Portable", "interface": "USB Type-C", "capacity": "500 GB", "price_/_gb": "$0.180", "color": null}, {"name": "Western Digital WDBYVG0020BBL-WESN", "rating": 0, "rating_count": 0, "price_usd": 74.99, "type": "Portable", "interface": "USB 3.0", "capacity": "2000 GB", "price_/_gb": "$0.037", "color": "Blue"}, {"name": "Seagate Backup Plus Slim", "rating": 4, "rating_count": 4, "price_usd": 186.0, "type": "Portable", "interface": "USB 3.0", "capacity": "2000 GB", "price_/_gb": "$0.093", "color": null}, {"name": "Seagate Expansion", "rating": 5, "rating_count": 1, "price_usd": null, "type": "Desktop", "interface": "USB 3.0", "capacity": "2000 GB", "price_/_gb": null, "color": null}, {"name": "Western Digital Elements", "rating": 4, "rating_count": 2, "price_usd": null, "type": "Portable", "interface": "USB 3.0", "capacity": "2000 GB", "price_/_gb": null, "color": null}, {"name": "Seagate Expansion", "rating": 0, "rating_count": 0, "price_usd": null, "type": "Portable", "interface": "USB 3.0", "capacity": "1000 GB", "price_/_gb": null, "color": null}, {"name": "Western Digital My Passport", "rating": 4, "rating_count": 2, "price_usd": null, "type": "Portable", "interface": "USB 3.0", "capacity": "2000 GB", "price_/_gb": null, "color": null}, {"name": "Western Digital easystore", "rating": 0, "rating_count": 0, "price_usd": 199.99, "type": "Desktop", "interface": "USB 3.0, USB 2.0", "capacity": "8000 GB", "price_/_gb": "$0.025", "color": "Black"}, {"name": "Western Digital easystore", "rating": 0, "rating_count": 0, "price_usd": 309.99, "type": "Desktop", "interface": "USB 3.0, USB 2.0", "capacity": "12000 GB", "price_/_gb": "$0.026", "color": "Black"}, {"name": "Asus FX HDD", "rating": 0, "rating_count": 0, "price_usd": null, "type": "Portable", "interface": "USB 3.1", "capacity": "2000 GB", "price_/_gb": null, "color": "Black"}, {"name": "LaCie d2", "rating": 0, "rating_count": 0, "price_usd": 679.9, "type": "Desktop", "interface": "USB 3.0, Thunderbolt", "capacity": "6000 GB", "price_/_gb": "$0.113", "color": null}, {"name": "Seagate Backup Plus", "rating": 5, "rating_count": 1, "price_usd": 405.83, "type": "Desktop", "interface": "USB 3.0", "capacity": "5000 GB", "price_/_gb": "$0.081", "color": null}, {"name": "Western Digital Elements", "rating": 4, "rating_count": 7, "price_usd": null, "type": "Portable", "interface": "USB 3.0", "capacity": "1000 GB", "price_/_gb": null, "color": null}, {"name": "Western Digital My Book", "rating": 0, "rating_count": 0, "price_usd": 209.99, "type": "Desktop", "interface": "USB 3.0", "capacity": "8000 GB", "price_/_gb": "$0.026", "color": "Black"}, {"name": "Western Digital WDBYVG0010BBL-WESN", "rating": 0, "rating_count": 0, "price_usd": 59.99, "type": "Portable", "interface": "USB 3.0", "capacity": "1000 GB", "price_/_gb": "$0.060", "color": "Blue"}, {"name": "Western Digital My Book", "rating": 5, "rating_count": 1, "price_usd": null, "type": "Desktop", "interface": "USB 3.0", "capacity": "10000 GB", "price_/_gb": null, "color": "Black"}, {"name": "Western Digital easystore", "rating": 0, "rating_count": 0, "price_usd": 449.99, "type": "Desktop", "interface": "USB 3.0, USB 2.0", "capacity": "16000 GB", "price_/_gb": "$0.028", "color": "Black"}, {"name": "SanDisk Extreme 900", "rating": 0, "rating_count": 0, "price_usd": 285.99, "type": "Portable", "interface": "USB 3.1", "capacity": "960 GB", "price_/_gb": "$0.298", "color": null}, {"name": "LaCie Rugged Mini", "rating": 0, "rating_count": 0, "price_usd": 79.99, "type": "Portable", "interface": "USB 3.0", "capacity": "1000 GB", "price_/_gb": "$0.080", "color": null}, {"name": "Buslink CipherShield", "rating": 0, "rating_count": 0, "price_usd": 517.45, "type": "Desktop", "interface": "USB 3.0", "capacity": "6000 GB", "price_/_gb": "$0.086", "color": null}, {"name": "Western Digital WDBPKJ0050BBL-WESN", "rating": 0, "rating_count": 0, "price_usd": 149.99, "type": "Portable", "interface": "USB 3.0", "capacity": "5000 GB", "price_/_gb": "$0.030", "color": "Blue"}, {"name": "Western Digital My Book Thunderbolt Duo", "rating": 5, "rating_count": 1, "price_usd": null, "type": "Desktop", "interface": "Thunderbolt", "capacity": "4000 GB", "price_/_gb": null, "color": null}, {"name": "G-Technology 0G02538", "rating": 0, "rating_count": 0, "price_usd": null, "type": "Desktop", "interface": "USB 3.0, IEEE 1394b, eSATA 6Gb/s", "capacity": "4000 GB", "price_/_gb": null, "color": null}, {"name": "Seagate Backup Plus Ultra Touch", "rating": 0, "rating_count": 0, "price_usd": 79.99, "type": "Portable", "interface": "USB 3.0", "capacity": "2000 GB", "price_/_gb": "$0.040", "color": "Black"}, {"name": "Samsung T7 Portable", "rating": 0, "rating_count": 0, "price_usd": 79.98, "type": "Portable", "interface": "USB Type-C", "capacity": "500 GB", "price_/_gb": "$0.160", "color": "Blue / Silver"}, {"name": "Western Digital My Book Duo", "rating": 0, "rating_count": 0, "price_usd": 259.99, "type": "Desktop", "interface": "USB 3.0, USB Type-C", "capacity": "4000 GB", "price_/_gb": "$0.065", "color": "Black"}, {"name": "ADATA DashDrive Durable HD650", "rating": 4, "rating_count": 3, "price_usd": 55.69, "type": "Portable", "interface": "USB 3.0", "capacity": "1000 GB", "price_/_gb": "$0.056", "color": null}, {"name": "Transcend StoreJet", "rating": 5, "rating_count": 1, "price_usd": 67.66, "type": "Portable", "interface": "USB 3.0", "capacity": "1000 GB", "price_/_gb": "$0.068", "color": null}, {"name": "Seagate Backup Plus Portable", "rating": 0, "rating_count": 0, "price_usd": 110.0, "type": "Portable", "interface": "USB 3.0", "capacity": "5000 GB", "price_/_gb": "$0.022", "color": "Black"}, {"name": "Western Digital easystore", "rating": 0, "rating_count": 0, "price_usd": 349.99, "type": "Desktop", "interface": "USB 3.1", "capacity": "10000 GB", "price_/_gb": "$0.035", "color": "Black"}, {"name": "Western Digital My Book", "rating": 5, "rating_count": 1, "price_usd": 144.69, "type": "Desktop", "interface": "USB 3.0", "capacity": "3000 GB", "price_/_gb": "$0.048", "color": "Black"}, {"name": "Apricom Aegis Padlock Fortress", "rating": 0, "rating_count": 0, "price_usd": 253.46, "type": "Portable", "interface": "USB 3.0", "capacity": "2000 GB", "price_/_gb": "$0.127", "color": "Black"}, {"name": "Toshiba Canvio Desk", "rating": 0, "rating_count": 0, "price_usd": null, "type": "Desktop", "interface": "USB 3.0", "capacity": "2000 GB", "price_/_gb": null, "color": null}, {"name": "Seagate Backup Plus Portable", "rating": 0, "rating_count": 0, "price_usd": 114.99, "type": "Portable", "interface": "USB 3.0", "capacity": "4000 GB", "price_/_gb": "$0.029", "color": "Blue / White"}, {"name": "Western Digital My Book Essential", "rating": 3, "rating_count": 2, "price_usd": 150.0, "type": "Desktop", "interface": "USB 3.0", "capacity": "1000 GB", "price_/_gb": "$0.150", "color": null}]