[{"name": "Asus BC-12B1ST/BLK/B/AS", "rating": 4, "rating_count": 99, "price_usd": 495.25, "bd": "12", "dvd": "16", "cd": "48", "bd_write": null, "dvd_write": "16/8/8/16/6/8/12", "cd_write": "48/24"}, {"name": "LG WH14NS40", "rating": 4, "rating_count": 159, "price_usd": 54.99, "bd": "12", "dvd": "16", "cd": "48", "bd_write": "14/12/2/2", "dvd_write": "16/8/8/16/6/8/5", "cd_write": "48/24"}, {"name": "Asus DRW-24F1ST", "rating": 4, "rating_count": 147, "price_usd": 17.98, "bd": null, "dvd": "16", "cd": "48", "bd_write": null, "dvd_write": "24/8/8/24/6/8/5", "cd_write": "48/24"}, {"name": "Pioneer BDR-209DBK", "rating": 4, "rating_count": 37, "price_usd": 79.98, "bd": "12", "dvd": "16", "cd": "40", "bd_write": "16/14/2/2", "dvd_write": "16/8/8/16/6/8/-", "cd_write": "40/24"}, {"name": "LG GH24NSC0B", "rating": 4, "rating_count": 59, "price_usd": 23.98, "bd": null, "dvd": "16", "cd": "48", "bd_write": null, "dvd_write": "24/8/8/24/6/8/5", "cd_write": "48/24"}, {"name": "Asus BW-16D1HT", "rating": 4, "rating_count": 29, "price_usd": 78.98, "bd": "12", "dvd": "16", "cd": "48", "bd_write": "16/12/2/2", "dvd_write": "16/8/8/16/6/8/5", "cd_write": "48/24"}, {"name": "Asus BW-12B1ST/BLK/G/AS", "rating": 4, "rating_count": 90, "price_usd": 199.95, "bd": "8", "dvd": "16", "cd": "48", "bd_write": "12/4/2/2", "dvd_write": "16/8/8/16/6/8/12", "cd_write": "48/24"}, {"name": "LG WH16NS40", "rating": 4, "rating_count": 53, "price_usd": 66.98, "bd": "12", "dvd": "16", "cd": "48", "bd_write": "16/12/2/2", "dvd_write": "16/8/8/16/6/8/5", "cd_write": "48/24"}, {"name": "Asus DRW-24D5MT", "rating": 3, "rating_count": 15, "price_usd": 42.33, "bd": null, "dvd": "16", "cd": "48", "bd_write": null, "dvd_write": "16/13/12/16/8/12/5", "cd_write": "48/40"}, {"name": "Asus BC-12D2HT", "rating": 4, "rating_count": 6, "price_usd": 105.81, "bd": null, "dvd": null, "cd": null, "bd_write": "12/8/8/6", "dvd_write": "16/8/8/6/12/8/5", "cd_write": "48/24"}, {"name": "Lite-On iHAS124-14", "rating": 4, "rating_count": 105, "price_usd": 19.98, "bd": null, "dvd": "16", "cd": "48", "bd_write": null, "dvd_write": "24/8/8/24/6/8/5", "cd_write": "48/24"}, {"name": "Pioneer BDR-212DBK", "rating": 0, "rating_count": 0, "price_usd": 64.98, "bd": null, "dvd": null, "cd": null, "bd_write": "16/14/2/2", "dvd_write": "16/8/8/16/6/8/5", "cd_write": "40/24"}, {"name": "LG BH14NS40", "rating": 4, "rating_count": 34, "price_usd": null, "bd": "12", "dvd": "16", "cd": "48", "bd_write": "14/12/2/2", "dvd_write": "16/8/8/16/6/8/5", "cd_write": "48/24"}, {"name": "Asus BC-12B1ST", "rating": 0, "rating_count": 0, "price_usd": 495.25, "bd": null, "dvd": null, "cd": null, "bd_write": null, "dvd_write": "16/8/8/16/6/8/12", "cd_write": "48/24"}, {"name": "Samsung SH-224DB/BEBE", "rating": 4, "rating_count": 251, "price_usd": 29.99, "bd": null, "dvd": "16", "cd": "48", "bd_write": null, "dvd_write": "24/8/8/24/6/8/12", "cd_write": "48/24"}, {"name": "LG GH24NSD5", "rating": 4, "rating_count": 1, "price_usd": null, "bd": null, "dvd": "16", "cd": "48", "bd_write": null, "dvd_write": "24/8/12/8/6/12/12", "cd_write": "48/24"}, {"name": "LG WH16NS60", "rating": 5, "rating_count": 1, "price_usd": 129.94, "bd": null, "dvd": null, "cd": null, "bd_write": "16/12/-/-", "dvd_write": "-/-/-/-/-/-/5", "cd_write": "48/24"}, {"name": "LG GH24NSD1", "rating": 4, "rating_count": 14, "price_usd": null, "bd": null, "dvd": "16", "cd": "48", "bd_write": null, "dvd_write": "24/8/16/24/6/12/12", "cd_write": "48/32"}, {"name": "Pioneer BDR-2209", "rating": 4, "rating_count": 8, "price_usd": 129.99, "bd": "12", "dvd": "16", "cd": "40", "bd_write": "16/14/2/2", "dvd_write": "16/6/8/16/6/8/5", "cd_write": "40/24"}, {"name": "Pioneer BDR-211UBK", "rating": 0, "rating_count": 0, "price_usd": 199.99, "bd": "12", "dvd": "16", "cd": "40", "bd_write": "16/14/2/2", "dvd_write": "16/8/8/16/6/8/5", "cd_write": "40/24"}, {"name": "Panasonic UJ-265", "rating": 4, "rating_count": 2, "price_usd": 114.99, "bd": "6", "dvd": "8", "cd": "24", "bd_write": "6/6/-/-", "dvd_write": "8/8/6/8/8/6/-", "cd_write": "24/16"}, {"name": "LG BH16NS55.AUAR10B", "rating": 4, "rating_count": 3, "price_usd": 243.0, "bd": null, "dvd": null, "cd": "40", "bd_write": "8/8/8/6", "dvd_write": "16/12/12/16/12/12/5", "cd_write": "48/40"}, {"name": "LG GH24NSC0", "rating": 4, "rating_count": 21, "price_usd": null, "bd": null, "dvd": "16", "cd": "48", "bd_write": null, "dvd_write": "24/8/8/24/6/8/5", "cd_write": "48/24"}, {"name": "LG BH16NS40", "rating": 4, "rating_count": 27, "price_usd": 62.99, "bd": "12", "dvd": "16", "cd": "48", "bd_write": "16/12/2/-", "dvd_write": "16/8/8/16/6/8/5", "cd_write": "48/24"}, {"name": "Asus DRW-24B3ST/BLK/G/AS", "rating": 4, "rating_count": 51, "price_usd": 22.99, "bd": null, "dvd": "16", "cd": "48", "bd_write": null, "dvd_write": "24/8/12/24/6/12/12", "cd_write": "48/24"}, {"name": "Asus DVD-E818AAT/BLK/B/GE", "rating": 4, "rating_count": 2, "price_usd": 21.98, "bd": null, "dvd": "18", "cd": "48", "bd_write": null, "dvd_write": null, "cd_write": null}, {"name": "LG GH24NSB0", "rating": 4, "rating_count": 189, "price_usd": 39.99, "bd": null, "dvd": "16", "cd": "48", "bd_write": null, "dvd_write": "24/8/8/24/6/8/5", "cd_write": "48/24"}, {"name": "Lite-On iHAS124-04", "rating": 4, "rating_count": 283, "price_usd": null, "bd": null, "dvd": "16", "cd": "48", "bd_write": null, "dvd_write": "24/8/8/24/6/-/12", "cd_write": "48/32"}, {"name": "LG GH24NS90", "rating": 4, "rating_count": 40, "price_usd": 34.98, "bd": null, "dvd": "16", "cd": "48", "bd_write": null, "dvd_write": "24/8/8/24/6/8/12", "cd_write": "48/32"}, {"name": "Samsung SH-222AB", "rating": 4, "rating_count": 8, "price_usd": 157.98, "bd": null, "dvd": "16", "cd": "48", "bd_write": null, "dvd_write": "22/8/16/22/6/12/12", "cd_write": "48/24"}, {"name": "Samsung SN-208DB/BEBE", "rating": 4, "rating_count": 2, "price_usd": 100.98, "bd": null, "dvd": "8", "cd": "24", "bd_write": null, "dvd_write": "8/8/6/8/6/6/5", "cd_write": "24/24"}, {"name": "HP DVD1265I", "rating": 4, "rating_count": 20, "price_usd": null, "bd": null, "dvd": "16", "cd": "48", "bd_write": null, "dvd_write": "24/8/12/24/6/12/-", "cd_write": "48/32"}, {"name": "Plextor PX-891SAF", "rating": 0, "rating_count": 0, "price_usd": 24.95, "bd": null, "dvd": "16", "cd": "48", "bd_write": null, "dvd_write": "24/8/12/24/6/12/12", "cd_write": "48/32"}, {"name": "LG UH12NS40", "rating": 4, "rating_count": 7, "price_usd": null, "bd": "12", "dvd": "16", "cd": "48", "bd_write": null, "dvd_write": "16/8/8/16/6/8/5", "cd_write": "48/24"}, {"name": "Silverstone TOB04", "rating": 0, "rating_count": 0, "price_usd": 129.99, "bd": "6", "dvd": "8", "cd": "24", "bd_write": "6/6/6/4", "dvd_write": "8/8/8/8/8/8/8", "cd_write": "24/24"}, {"name": "LG GH24NS95", "rating": 4, "rating_count": 141, "price_usd": 49.98, "bd": null, "dvd": "16", "cd": "48", "bd_write": null, "dvd_write": "24/8/8/24/6/8/5", "cd_write": "48/24"}, {"name": "LG BH12LS38", "rating": 0, "rating_count": 0, "price_usd": null, "bd": "12", "dvd": "16", "cd": "48", "bd_write": "12/12/2/2", "dvd_write": "16/8/8/16/6/8/12", "cd_write": "48/24"}, {"name": "Pioneer BDR-212EBK", "rating": 0, "rating_count": 0, "price_usd": 111.49, "bd": "16", "dvd": null, "cd": null, "bd_write": null, "dvd_write": "16/-/-/16/-/-/-", "cd_write": "40/-"}, {"name": "Sony AD-7280S-0B", "rating": 4, "rating_count": 37, "price_usd": 104.17, "bd": null, "dvd": "16", "cd": "48", "bd_write": null, "dvd_write": "24/8/12/24/6/12/12", "cd_write": "48/32"}, {"name": "LG UH12NS30", "rating": 4, "rating_count": 68, "price_usd": null, "bd": "12", "dvd": "16", "cd": null, "bd_write": null, "dvd_write": "16/8/8/16/6/8/5", "cd_write": "48/24"}, {"name": "Pioneer BDR-S09XLT", "rating": 0, "rating_count": 0, "price_usd": null, "bd": null, "dvd": "5", "cd": "40", "bd_write": "12/8/10/6", "dvd_write": "16/12/12/16/12/12/5", "cd_write": "40/24"}, {"name": "Lite-On iHAS224-06", "rating": 4, "rating_count": 11, "price_usd": null, "bd": null, "dvd": "16", "cd": "48", "bd_write": null, "dvd_write": "24/8/12/24/6/12/12", "cd_write": "48/32"}, {"name": "Samsung SH-B123L/RSBP", "rating": 4, "rating_count": 8, "price_usd": null, "bd": "12", "dvd": "16", "cd": "48", "bd_write": null, "dvd_write": "16/8/8/16/16/8/12", "cd_write": "48/24"}, {"name": "Lenovo 0A65618", "rating": 0, "rating_count": 0, "price_usd": 53.5, "bd": null, "dvd": null, "cd": null, "bd_write": null, "dvd_write": "16/12/12/16/12/12/12", "cd_write": "48/40"}, {"name": "Lite-On DS-8ABSH-01", "rating": 5, "rating_count": 1, "price_usd": 34.28, "bd": null, "dvd": "8", "cd": "24", "bd_write": null, "dvd_write": "8/8/6/8/6/6/5", "cd_write": "24/24"}, {"name": "LG BH10LS30", "rating": 5, "rating_count": 1, "price_usd": null, "bd": "6", "dvd": "16", "cd": "48", "bd_write": "10/8/8/6", "dvd_write": "16/8/8/16/8/8/12", "cd_write": "48/24"}, {"name": "Samsung SN-208FB/BEBE", "rating": 3, "rating_count": 2, "price_usd": 47.99, "bd": null, "dvd": "8", "cd": "24", "bd_write": null, "dvd_write": "8/8/6/8/6/6/5", "cd_write": "24/-"}, {"name": "LG GS40N", "rating": 4, "rating_count": 4, "price_usd": null, "bd": null, "dvd": "8", "cd": "24", "bd_write": null, "dvd_write": "8/8/6/8/6/6/5", "cd_write": "24/16"}, {"name": "LG UH12NS29", "rating": 4, "rating_count": 29, "price_usd": null, "bd": "10", "dvd": "16", "cd": "48", "bd_write": null, "dvd_write": "16/8/8/16/6/8/12", "cd_write": "48/24"}, {"name": "Samsung SH-224GB/BSBE", "rating": 0, "rating_count": 0, "price_usd": 29.99, "bd": null, "dvd": "16", "cd": "48", "bd_write": null, "dvd_write": "24/8/8/24/6/8/5", "cd_write": "48/24"}, {"name": "Pioneer DVR-216D", "rating": 0, "rating_count": 0, "price_usd": null, "bd": null, "dvd": "16", "cd": "40", "bd_write": null, "dvd_write": "20/8/12/20/32/12/-", "cd_write": "40/32"}, {"name": "LG GH24NSB0B", "rating": 4, "rating_count": 3, "price_usd": 34.97, "bd": null, "dvd": "16", "cd": "48", "bd_write": null, "dvd_write": "24/8/8/24/6/8/5", "cd_write": "48/24"}, {"name": "Samsung SH-224BB", "rating": 4, "rating_count": 47, "price_usd": null, "bd": null, "dvd": "16", "cd": "48", "bd_write": null, "dvd_write": "24/8/8/24/6/8/12", "cd_write": "48/24"}, {"name": "LG GH24NS72", "rating": 4, "rating_count": 16, "price_usd": 34.97, "bd": null, "dvd": "16", "cd": "48", "bd_write": null, "dvd_write": "24/6/8/24/8/24/-", "cd_write": "48/32"}, {"name": "LG GTB0N", "rating": 0, "rating_count": 0, "price_usd": 39.81, "bd": null, "dvd": "8", "cd": "24", "bd_write": null, "dvd_write": "8/6/6/8/6/6/5", "cd_write": "24/24"}, {"name": "Asus DVD-E818AAT/BLK/B/GEN", "rating": 4, "rating_count": 10, "price_usd": 21.98, "bd": null, "dvd": "18", "cd": "48", "bd_write": null, "dvd_write": null, "cd_write": null}, {"name": "Lite-On DH-16AFSH", "rating": 0, "rating_count": 0, "price_usd": null, "bd": null, "dvd": null, "cd": null, "bd_write": null, "dvd_write": "16/8/8/16/6/8/-", "cd_write": "48/24"}, {"name": "HP 447326-B21", "rating": 3, "rating_count": 8, "price_usd": 58.21, "bd": null, "dvd": "16", "cd": "40", "bd_write": null, "dvd_write": null, "cd_write": null}, {"name": "Sony BD-5300S", "rating": 4, "rating_count": 3, "price_usd": null, "bd": "8", "dvd": "16", "cd": "48", "bd_write": "12/8/2/2", "dvd_write": "16/8/8/16/6/8/12", "cd_write": "48/24"}, {"name": "Lite-On IHAS324-07", "rating": 4, "rating_count": 14, "price_usd": 29.4, "bd": null, "dvd": "16", "cd": "48", "bd_write": null, "dvd_write": "24/8/12/24/6/-/-", "cd_write": "48/32"}, {"name": "Asus DRW-24D3ST", "rating": 5, "rating_count": 1, "price_usd": null, "bd": null, "dvd": "16", "cd": "48", "bd_write": null, "dvd_write": "16/13/12/16/8/12/5", "cd_write": "48/40"}, {"name": "Lite-On iHES112-29", "rating": 0, "rating_count": 0, "price_usd": 155.0, "bd": "12", "dvd": "16", "cd": "48", "bd_write": null, "dvd_write": "16/8/8/16/6/8/12", "cd_write": "48/24"}, {"name": "Sony BC-5500H-01", "rating": 0, "rating_count": 0, "price_usd": null, "bd": "4", "dvd": "8", "cd": "24", "bd_write": null, "dvd_write": "8/4/4/8/4/4/5", "cd_write": "16/10"}, {"name": "Samsung SH-S223C", "rating": 5, "rating_count": 1, "price_usd": null, "bd": null, "dvd": "16", "cd": "48", "bd_write": null, "dvd_write": "22/8/16/22/6/12/12", "cd_write": "48/32"}, {"name": "LG GH22NS90B", "rating": 3, "rating_count": 9, "price_usd": null, "bd": null, "dvd": "16", "cd": "48", "bd_write": null, "dvd_write": "22/8/8/22/6/8/12", "cd_write": "48/32"}, {"name": "LG GUB0N", "rating": 3, "rating_count": 1, "price_usd": 45.0, "bd": null, "dvd": "8", "cd": "24", "bd_write": null, "dvd_write": "8/6/6/8/6/6/5", "cd_write": "24/24"}, {"name": "Asus DRW-24F1MT", "rating": 0, "rating_count": 0, "price_usd": null, "bd": null, "dvd": null, "cd": null, "bd_write": null, "dvd_write": "24/8/8/24/6/8/5", "cd_write": "48/24"}, {"name": "LG GH22NS50 Bulk", "rating": 1, "rating_count": 1, "price_usd": null, "bd": null, "dvd": "16", "cd": "48", "bd_write": null, "dvd_write": "22/8/-/22/8/-/12", "cd_write": "48/32"}, {"name": "LG GGC-H20L", "rating": 5, "rating_count": 1, "price_usd": null, "bd": "6", "dvd": "16", "cd": "40", "bd_write": null, "dvd_write": null, "cd_write": null}, {"name": "Silverstone SST-SOB02", "rating": 3, "rating_count": 2, "price_usd": null, "bd": null, "dvd": null, "cd": "24", "bd_write": "6/6/6/6", "dvd_write": "8/8/8/8/8/8/4", "cd_write": "24/24"}, {"name": "Lite-On iHDS118-04", "rating": 4, "rating_count": 18, "price_usd": 28.98, "bd": null, "dvd": "18", "cd": "48", "bd_write": null, "dvd_write": null, "cd_write": null}, {"name": "Lite-On iHES208-08", "rating": 0, "rating_count": 0, "price_usd": null, "bd": "8", "dvd": "16", "cd": "48", "bd_write": null, "dvd_write": "16/8/8/16/6/8/12", "cd_write": "48/48"}, {"name": "Pioneer BDC-207DBK", "rating": 3, "rating_count": 19, "price_usd": null, "bd": "8", "dvd": "16", "cd": "40", "bd_write": null, "dvd_write": "16/8/8/16/6/8/5", "cd_write": "40/24"}, {"name": "Samsung SH-224FB", "rating": 0, "rating_count": 0, "price_usd": null, "bd": null, "dvd": "16", "cd": "48", "bd_write": null, "dvd_write": "24/8/8/24/6/8/5", "cd_write": "48/24"}, {"name": "I/O Magic IBD1", "rating": 0, "rating_count": 0, "price_usd": 125.17, "bd": "10", "dvd": "16", "cd": "48", "bd_write": "10/8/2/-", "dvd_write": "16/8/4/16/6/4/-", "cd_write": "48/24"}, {"name": "Samsung SH-B123L", "rating": 3, "rating_count": 3, "price_usd": null, "bd": "12", "dvd": "16", "cd": "48", "bd_write": null, "dvd_write": "16/8/8/16/6/8/12", "cd_write": "48/4"}, {"name": "LG CH12LS28", "rating": 4, "rating_count": 3, "price_usd": null, "bd": "10", "dvd": "16", "cd": "48", "bd_write": null, "dvd_write": "16/8/8/16/6/8/12", "cd_write": "48/24"}, {"name": "Samsung SH-224DB/RSBS", "rating": 4, "rating_count": 56, "price_usd": null, "bd": null, "dvd": "16", "cd": "48", "bd_write": null, "dvd_write": "24/8/8/24/6/8/5", "cd_write": "48/24"}, {"name": "Lite-On iHAS424-98", "rating": 4, "rating_count": 7, "price_usd": null, "bd": null, "dvd": "16", "cd": "48", "bd_write": null, "dvd_write": "24/8/12/24/6/12/12", "cd_write": "48/32"}, {"name": "Plextor PX-LB950SA", "rating": 5, "rating_count": 1, "price_usd": null, "bd": "8", "dvd": "16", "cd": "48", "bd_write": "12/8/2/2", "dvd_write": "16/8/8/16/6/8/12", "cd_write": "48/24"}, {"name": "MSI DH-24AS U88", "rating": 3, "rating_count": 1, "price_usd": null, "bd": null, "dvd": "16", "cd": "48", "bd_write": null, "dvd_write": "24/8/-/24/8/-/-", "cd_write": "48/32"}, {"name": "LG BT30N", "rating": 4, "rating_count": 3, "price_usd": null, "bd": "6", "dvd": "8", "cd": "24", "bd_write": "6/6/2/-", "dvd_write": "8/8/6/8/6/6/5", "cd_write": "24/24"}, {"name": "HP 652238-B21", "rating": 0, "rating_count": 0, "price_usd": null, "bd": null, "dvd": "8", "cd": "24", "bd_write": null, "dvd_write": null, "cd_write": null}, {"name": "Sony AD-7200S-0B", "rating": 3, "rating_count": 2, "price_usd": 74.51, "bd": null, "dvd": null, "cd": null, "bd_write": null, "dvd_write": "20/8/8/20/6/12/12", "cd_write": "48/32"}, {"name": "Lite-On iHBS212-08", "rating": 5, "rating_count": 1, "price_usd": null, "bd": "8", "dvd": "16", "cd": "48", "bd_write": "12/8/2/2", "dvd_write": "16/8/8/16/6/8/12", "cd_write": "48/24"}, {"name": "Samsung SH-222BB/BEBE", "rating": 4, "rating_count": 34, "price_usd": null, "bd": null, "dvd": "16", "cd": "48", "bd_write": null, "dvd_write": "22/8/8/22/6/8/12", "cd_write": "48/24"}, {"name": "HP QS208AA", "rating": 3, "rating_count": 4, "price_usd": null, "bd": null, "dvd": "16", "cd": "48", "bd_write": null, "dvd_write": "16/8/8/-/6/8/-", "cd_write": "48/32"}, {"name": "Asus DVDE818A7T/BLK/B/GEN", "rating": 4, "rating_count": 3, "price_usd": null, "bd": null, "dvd": "18", "cd": "48", "bd_write": null, "dvd_write": "16/10/8/16/10/8/5", "cd_write": null}, {"name": "Sony DDU1681S-0B", "rating": 4, "rating_count": 4, "price_usd": 68.0, "bd": null, "dvd": "18", "cd": "48", "bd_write": null, "dvd_write": null, "cd_write": null}, {"name": "HP bd340i", "rating": 5, "rating_count": 3, "price_usd": null, "bd": "8", "dvd": "16", "cd": "48", "bd_write": "12/8/2/2", "dvd_write": "16/8/8/16/6/8/12", "cd_write": "48/24"}, {"name": "Silverstone SOD02B", "rating": 4, "rating_count": 4, "price_usd": null, "bd": null, "dvd": "8", "cd": "24", "bd_write": null, "dvd_write": "8/8/6/8/6/6/5", "cd_write": "24/4"}, {"name": "Samsung SH-118CB/BEBE", "rating": 4, "rating_count": 9, "price_usd": null, "bd": null, "dvd": "18", "cd": "48", "bd_write": null, "dvd_write": null, "cd_write": null}, {"name": "Gear Head 24XDVDINTLS", "rating": 0, "rating_count": 0, "price_usd": null, "bd": null, "dvd": null, "cd": null, "bd_write": null, "dvd_write": "24/8/12/24/-/12/12", "cd_write": null}, {"name": "I/O Magic IDVD24S", "rating": 0, "rating_count": 0, "price_usd": 36.05, "bd": null, "dvd": null, "cd": null, "bd_write": null, "dvd_write": "24/8/16/24/1/16/12", "cd_write": "48/32"}, {"name": "HP 1270i", "rating": 4, "rating_count": 3, "price_usd": null, "bd": null, "dvd": "16", "cd": "48", "bd_write": null, "dvd_write": "24/8/12/24/6/12/12", "cd_write": "48/32"}, {"name": "LG GH24LS70", "rating": 4, "rating_count": 8, "price_usd": null, "bd": null, "dvd": "16", "cd": "48", "bd_write": null, "dvd_write": "24/8/8/24/6/8/12", "cd_write": "48/32"}, {"name": "HP 447328-B21", "rating": 3, "rating_count": 8, "price_usd": null, "bd": null, "dvd": "16", "cd": "50", "bd_write": null, "dvd_write": "16/8/-/16/8/-/-", "cd_write": "40/32"}, {"name": "Lite-On iHOS104-06", "rating": 4, "rating_count": 5, "price_usd": null, "bd": "4", "dvd": "8", "cd": "32", "bd_write": null, "dvd_write": null, "cd_write": null}, {"name": "Samsung SH-222AL/BSBS", "rating": 4, "rating_count": 5, "price_usd": null, "bd": null, "dvd": "22", "cd": "48", "bd_write": null, "dvd_write": "22/8/16/22/6/12/12", "cd_write": "48/24"}, {"name": "Asus BC-12B1ST/BLK/B/AS", "rating": 4, "rating_count": 99, "price_usd": 495.25, "bd": "12", "dvd": "16", "cd": "48", "bd_write": null, "dvd_write": "16/8/8/16/6/8/12", "cd_write": "48/24"}, {"name": "LG WH14NS40", "rating": 4, "rating_count": 159, "price_usd": 54.99, "bd": "12", "dvd": "16", "cd": "48", "bd_write": "14/12/2/2", "dvd_write": "16/8/8/16/6/8/5", "cd_write": "48/24"}, {"name": "Asus DRW-24F1ST", "rating": 4, "rating_count": 147, "price_usd": 17.98, "bd": null, "dvd": "16", "cd": "48", "bd_write": null, "dvd_write": "24/8/8/24/6/8/5", "cd_write": "48/24"}, {"name": "Pioneer BDR-209DBK", "rating": 4, "rating_count": 37, "price_usd": 79.98, "bd": "12", "dvd": "16", "cd": "40", "bd_write": "16/14/2/2", "dvd_write": "16/8/8/16/6/8/-", "cd_write": "40/24"}, {"name": "LG GH24NSC0B", "rating": 4, "rating_count": 59, "price_usd": 23.98, "bd": null, "dvd": "16", "cd": "48", "bd_write": null, "dvd_write": "24/8/8/24/6/8/5", "cd_write": "48/24"}, {"name": "Asus BW-16D1HT", "rating": 4, "rating_count": 29, "price_usd": 78.98, "bd": "12", "dvd": "16", "cd": "48", "bd_write": "16/12/2/2", "dvd_write": "16/8/8/16/6/8/5", "cd_write": "48/24"}, {"name": "Asus BW-12B1ST/BLK/G/AS", "rating": 4, "rating_count": 90, "price_usd": 199.95, "bd": "8", "dvd": "16", "cd": "48", "bd_write": "12/4/2/2", "dvd_write": "16/8/8/16/6/8/12", "cd_write": "48/24"}, {"name": "LG WH16NS40", "rating": 4, "rating_count": 53, "price_usd": 66.98, "bd": "12", "dvd": "16", "cd": "48", "bd_write": "16/12/2/2", "dvd_write": "16/8/8/16/6/8/5", "cd_write": "48/24"}, {"name": "Asus DRW-24D5MT", "rating": 3, "rating_count": 15, "price_usd": 42.33, "bd": null, "dvd": "16", "cd": "48", "bd_write": null, "dvd_write": "16/13/12/16/8/12/5", "cd_write": "48/40"}, {"name": "Asus BC-12D2HT", "rating": 4, "rating_count": 6, "price_usd": 105.81, "bd": null, "dvd": null, "cd": null, "bd_write": "12/8/8/6", "dvd_write": "16/8/8/6/12/8/5", "cd_write": "48/24"}, {"name": "Lite-On iHAS124-14", "rating": 4, "rating_count": 105, "price_usd": 19.98, "bd": null, "dvd": "16", "cd": "48", "bd_write": null, "dvd_write": "24/8/8/24/6/8/5", "cd_write": "48/24"}, {"name": "Pioneer BDR-212DBK", "rating": 0, "rating_count": 0, "price_usd": 64.98, "bd": null, "dvd": null, "cd": null, "bd_write": "16/14/2/2", "dvd_write": "16/8/8/16/6/8/5", "cd_write": "40/24"}, {"name": "LG BH14NS40", "rating": 4, "rating_count": 34, "price_usd": null, "bd": "12", "dvd": "16", "cd": "48", "bd_write": "14/12/2/2", "dvd_write": "16/8/8/16/6/8/5", "cd_write": "48/24"}, {"name": "Asus BC-12B1ST", "rating": 0, "rating_count": 0, "price_usd": 495.25, "bd": null, "dvd": null, "cd": null, "bd_write": null, "dvd_write": "16/8/8/16/6/8/12", "cd_write": "48/24"}, {"name": "Samsung SH-224DB/BEBE", "rating": 4, "rating_count": 251, "price_usd": 29.99, "bd": null, "dvd": "16", "cd": "48", "bd_write": null, "dvd_write": "24/8/8/24/6/8/12", "cd_write": "48/24"}, {"name": "LG GH24NSD5", "rating": 4, "rating_count": 1, "price_usd": null, "bd": null, "dvd": "16", "cd": "48", "bd_write": null, "dvd_write": "24/8/12/8/6/12/12", "cd_write": "48/24"}, {"name": "LG WH16NS60", "rating": 5, "rating_count": 1, "price_usd": 129.94, "bd": null, "dvd": null, "cd": null, "bd_write": "16/12/-/-", "dvd_write": "-/-/-/-/-/-/5", "cd_write": "48/24"}, {"name": "LG GH24NSD1", "rating": 4, "rating_count": 14, "price_usd": null, "bd": null, "dvd": "16", "cd": "48", "bd_write": null, "dvd_write": "24/8/16/24/6/12/12", "cd_write": "48/32"}, {"name": "Pioneer BDR-2209", "rating": 4, "rating_count": 8, "price_usd": 129.99, "bd": "12", "dvd": "16", "cd": "40", "bd_write": "16/14/2/2", "dvd_write": "16/6/8/16/6/8/5", "cd_write": "40/24"}, {"name": "Pioneer BDR-211UBK", "rating": 0, "rating_count": 0, "price_usd": 199.99, "bd": "12", "dvd": "16", "cd": "40", "bd_write": "16/14/2/2", "dvd_write": "16/8/8/16/6/8/5", "cd_write": "40/24"}, {"name": "Panasonic UJ-265", "rating": 4, "rating_count": 2, "price_usd": 114.99, "bd": "6", "dvd": "8", "cd": "24", "bd_write": "6/6/-/-", "dvd_write": "8/8/6/8/8/6/-", "cd_write": "24/16"}, {"name": "LG BH16NS55.AUAR10B", "rating": 4, "rating_count": 3, "price_usd": 243.0, "bd": null, "dvd": null, "cd": "40", "bd_write": "8/8/8/6", "dvd_write": "16/12/12/16/12/12/5", "cd_write": "48/40"}, {"name": "LG GH24NSC0", "rating": 4, "rating_count": 21, "price_usd": null, "bd": null, "dvd": "16", "cd": "48", "bd_write": null, "dvd_write": "24/8/8/24/6/8/5", "cd_write": "48/24"}, {"name": "LG BH16NS40", "rating": 4, "rating_count": 27, "price_usd": 62.99, "bd": "12", "dvd": "16", "cd": "48", "bd_write": "16/12/2/-", "dvd_write": "16/8/8/16/6/8/5", "cd_write": "48/24"}, {"name": "Asus DRW-24B3ST/BLK/G/AS", "rating": 4, "rating_count": 51, "price_usd": 22.99, "bd": null, "dvd": "16", "cd": "48", "bd_write": null, "dvd_write": "24/8/12/24/6/12/12", "cd_write": "48/24"}, {"name": "Asus DVD-E818AAT/BLK/B/GE", "rating": 4, "rating_count": 2, "price_usd": 21.98, "bd": null, "dvd": "18", "cd": "48", "bd_write": null, "dvd_write": null, "cd_write": null}, {"name": "LG GH24NSB0", "rating": 4, "rating_count": 189, "price_usd": 39.99, "bd": null, "dvd": "16", "cd": "48", "bd_write": null, "dvd_write": "24/8/8/24/6/8/5", "cd_write": "48/24"}, {"name": "Lite-On iHAS124-04", "rating": 4, "rating_count": 283, "price_usd": null, "bd": null, "dvd": "16", "cd": "48", "bd_write": null, "dvd_write": "24/8/8/24/6/-/12", "cd_write": "48/32"}, {"name": "LG GH24NS90", "rating": 4, "rating_count": 40, "price_usd": 34.98, "bd": null, "dvd": "16", "cd": "48", "bd_write": null, "dvd_write": "24/8/8/24/6/8/12", "cd_write": "48/32"}, {"name": "Samsung SH-222AB", "rating": 4, "rating_count": 8, "price_usd": 157.98, "bd": null, "dvd": "16", "cd": "48", "bd_write": null, "dvd_write": "22/8/16/22/6/12/12", "cd_write": "48/24"}, {"name": "Samsung SN-208DB/BEBE", "rating": 4, "rating_count": 2, "price_usd": 100.98, "bd": null, "dvd": "8", "cd": "24", "bd_write": null, "dvd_write": "8/8/6/8/6/6/5", "cd_write": "24/24"}, {"name": "HP DVD1265I", "rating": 4, "rating_count": 20, "price_usd": null, "bd": null, "dvd": "16", "cd": "48", "bd_write": null, "dvd_write": "24/8/12/24/6/12/-", "cd_write": "48/32"}, {"name": "Plextor PX-891SAF", "rating": 0, "rating_count": 0, "price_usd": 24.95, "bd": null, "dvd": "16", "cd": "48", "bd_write": null, "dvd_write": "24/8/12/24/6/12/12", "cd_write": "48/32"}, {"name": "LG UH12NS40", "rating": 4, "rating_count": 7, "price_usd": null, "bd": "12", "dvd": "16", "cd": "48", "bd_write": null, "dvd_write": "16/8/8/16/6/8/5", "cd_write": "48/24"}, {"name": "Silverstone TOB04", "rating": 0, "rating_count": 0, "price_usd": 129.99, "bd": "6", "dvd": "8", "cd": "24", "bd_write": "6/6/6/4", "dvd_write": "8/8/8/8/8/8/8", "cd_write": "24/24"}, {"name": "LG GH24NS95", "rating": 4, "rating_count": 141, "price_usd": 49.98, "bd": null, "dvd": "16", "cd": "48", "bd_write": null, "dvd_write": "24/8/8/24/6/8/5", "cd_write": "48/24"}, {"name": "LG BH12LS38", "rating": 0, "rating_count": 0, "price_usd": null, "bd": "12", "dvd": "16", "cd": "48", "bd_write": "12/12/2/2", "dvd_write": "16/8/8/16/6/8/12", "cd_write": "48/24"}, {"name": "Pioneer BDR-212EBK", "rating": 0, "rating_count": 0, "price_usd": 111.49, "bd": "16", "dvd": null, "cd": null, "bd_write": null, "dvd_write": "16/-/-/16/-/-/-", "cd_write": "40/-"}, {"name": "Sony AD-7280S-0B", "rating": 4, "rating_count": 37, "price_usd": 104.17, "bd": null, "dvd": "16", "cd": "48", "bd_write": null, "dvd_write": "24/8/12/24/6/12/12", "cd_write": "48/32"}, {"name": "LG UH12NS30", "rating": 4, "rating_count": 68, "price_usd": null, "bd": "12", "dvd": "16", "cd": null, "bd_write": null, "dvd_write": "16/8/8/16/6/8/5", "cd_write": "48/24"}, {"name": "Pioneer BDR-S09XLT", "rating": 0, "rating_count": 0, "price_usd": null, "bd": null, "dvd": "5", "cd": "40", "bd_write": "12/8/10/6", "dvd_write": "16/12/12/16/12/12/5", "cd_write": "40/24"}, {"name": "Lite-On iHAS224-06", "rating": 4, "rating_count": 11, "price_usd": null, "bd": null, "dvd": "16", "cd": "48", "bd_write": null, "dvd_write": "24/8/12/24/6/12/12", "cd_write": "48/32"}, {"name": "Samsung SH-B123L/RSBP", "rating": 4, "rating_count": 8, "price_usd": null, "bd": "12", "dvd": "16", "cd": "48", "bd_write": null, "dvd_write": "16/8/8/16/16/8/12", "cd_write": "48/24"}, {"name": "Lenovo 0A65618", "rating": 0, "rating_count": 0, "price_usd": 53.5, "bd": null, "dvd": null, "cd": null, "bd_write": null, "dvd_write": "16/12/12/16/12/12/12", "cd_write": "48/40"}, {"name": "Lite-On DS-8ABSH-01", "rating": 5, "rating_count": 1, "price_usd": 34.28, "bd": null, "dvd": "8", "cd": "24", "bd_write": null, "dvd_write": "8/8/6/8/6/6/5", "cd_write": "24/24"}, {"name": "LG BH10LS30", "rating": 5, "rating_count": 1, "price_usd": null, "bd": "6", "dvd": "16", "cd": "48", "bd_write": "10/8/8/6", "dvd_write": "16/8/8/16/8/8/12", "cd_write": "48/24"}, {"name": "Samsung SN-208FB/BEBE", "rating": 3, "rating_count": 2, "price_usd": 47.99, "bd": null, "dvd": "8", "cd": "24", "bd_write": null, "dvd_write": "8/8/6/8/6/6/5", "cd_write": "24/-"}, {"name": "LG GS40N", "rating": 4, "rating_count": 4, "price_usd": null, "bd": null, "dvd": "8", "cd": "24", "bd_write": null, "dvd_write": "8/8/6/8/6/6/5", "cd_write": "24/16"}, {"name": "LG UH12NS29", "rating": 4, "rating_count": 29, "price_usd": null, "bd": "10", "dvd": "16", "cd": "48", "bd_write": null, "dvd_write": "16/8/8/16/6/8/12", "cd_write": "48/24"}, {"name": "Samsung SH-224GB/BSBE", "rating": 0, "rating_count": 0, "price_usd": 29.99, "bd": null, "dvd": "16", "cd": "48", "bd_write": null, "dvd_write": "24/8/8/24/6/8/5", "cd_write": "48/24"}, {"name": "Pioneer DVR-216D", "rating": 0, "rating_count": 0, "price_usd": null, "bd": null, "dvd": "16", "cd": "40", "bd_write": null, "dvd_write": "20/8/12/20/32/12/-", "cd_write": "40/32"}, {"name": "LG GH24NSB0B", "rating": 4, "rating_count": 3, "price_usd": 34.97, "bd": null, "dvd": "16", "cd": "48", "bd_write": null, "dvd_write": "24/8/8/24/6/8/5", "cd_write": "48/24"}, {"name": "Samsung SH-224BB", "rating": 4, "rating_count": 47, "price_usd": null, "bd": null, "dvd": "16", "cd": "48", "bd_write": null, "dvd_write": "24/8/8/24/6/8/12", "cd_write": "48/24"}, {"name": "LG GH24NS72", "rating": 4, "rating_count": 16, "price_usd": 34.97, "bd": null, "dvd": "16", "cd": "48", "bd_write": null, "dvd_write": "24/6/8/24/8/24/-", "cd_write": "48/32"}, {"name": "LG GTB0N", "rating": 0, "rating_count": 0, "price_usd": 39.81, "bd": null, "dvd": "8", "cd": "24", "bd_write": null, "dvd_write": "8/6/6/8/6/6/5", "cd_write": "24/24"}, {"name": "Asus DVD-E818AAT/BLK/B/GEN", "rating": 4, "rating_count": 10, "price_usd": 21.98, "bd": null, "dvd": "18", "cd": "48", "bd_write": null, "dvd_write": null, "cd_write": null}, {"name": "Lite-On DH-16AFSH", "rating": 0, "rating_count": 0, "price_usd": null, "bd": null, "dvd": null, "cd": null, "bd_write": null, "dvd_write": "16/8/8/16/6/8/-", "cd_write": "48/24"}, {"name": "HP 447326-B21", "rating": 3, "rating_count": 8, "price_usd": 58.21, "bd": null, "dvd": "16", "cd": "40", "bd_write": null, "dvd_write": null, "cd_write": null}, {"name": "Sony BD-5300S", "rating": 4, "rating_count": 3, "price_usd": null, "bd": "8", "dvd": "16", "cd": "48", "bd_write": "12/8/2/2", "dvd_write": "16/8/8/16/6/8/12", "cd_write": "48/24"}, {"name": "Lite-On IHAS324-07", "rating": 4, "rating_count": 14, "price_usd": 29.4, "bd": null, "dvd": "16", "cd": "48", "bd_write": null, "dvd_write": "24/8/12/24/6/-/-", "cd_write": "48/32"}, {"name": "Asus DRW-24D3ST", "rating": 5, "rating_count": 1, "price_usd": null, "bd": null, "dvd": "16", "cd": "48", "bd_write": null, "dvd_write": "16/13/12/16/8/12/5", "cd_write": "48/40"}, {"name": "Lite-On iHES112-29", "rating": 0, "rating_count": 0, "price_usd": 155.0, "bd": "12", "dvd": "16", "cd": "48", "bd_write": null, "dvd_write": "16/8/8/16/6/8/12", "cd_write": "48/24"}, {"name": "Sony BC-5500H-01", "rating": 0, "rating_count": 0, "price_usd": null, "bd": "4", "dvd": "8", "cd": "24", "bd_write": null, "dvd_write": "8/4/4/8/4/4/5", "cd_write": "16/10"}, {"name": "Samsung SH-S223C", "rating": 5, "rating_count": 1, "price_usd": null, "bd": null, "dvd": "16", "cd": "48", "bd_write": null, "dvd_write": "22/8/16/22/6/12/12", "cd_write": "48/32"}, {"name": "LG GH22NS90B", "rating": 3, "rating_count": 9, "price_usd": null, "bd": null, "dvd": "16", "cd": "48", "bd_write": null, "dvd_write": "22/8/8/22/6/8/12", "cd_write": "48/32"}, {"name": "LG GUB0N", "rating": 3, "rating_count": 1, "price_usd": 45.0, "bd": null, "dvd": "8", "cd": "24", "bd_write": null, "dvd_write": "8/6/6/8/6/6/5", "cd_write": "24/24"}, {"name": "Asus DRW-24F1MT", "rating": 0, "rating_count": 0, "price_usd": null, "bd": null, "dvd": null, "cd": null, "bd_write": null, "dvd_write": "24/8/8/24/6/8/5", "cd_write": "48/24"}, {"name": "LG GH22NS50 Bulk", "rating": 1, "rating_count": 1, "price_usd": null, "bd": null, "dvd": "16", "cd": "48", "bd_write": null, "dvd_write": "22/8/-/22/8/-/12", "cd_write": "48/32"}, {"name": "LG GGC-H20L", "rating": 5, "rating_count": 1, "price_usd": null, "bd": "6", "dvd": "16", "cd": "40", "bd_write": null, "dvd_write": null, "cd_write": null}, {"name": "Silverstone SST-SOB02", "rating": 3, "rating_count": 2, "price_usd": null, "bd": null, "dvd": null, "cd": "24", "bd_write": "6/6/6/6", "dvd_write": "8/8/8/8/8/8/4", "cd_write": "24/24"}, {"name": "Lite-On iHDS118-04", "rating": 4, "rating_count": 18, "price_usd": 28.98, "bd": null, "dvd": "18", "cd": "48", "bd_write": null, "dvd_write": null, "cd_write": null}, {"name": "Lite-On iHES208-08", "rating": 0, "rating_count": 0, "price_usd": null, "bd": "8", "dvd": "16", "cd": "48", "bd_write": null, "dvd_write": "16/8/8/16/6/8/12", "cd_write": "48/48"}, {"name": "Pioneer BDC-207DBK", "rating": 3, "rating_count": 19, "price_usd": null, "bd": "8", "dvd": "16", "cd": "40", "bd_write": null, "dvd_write": "16/8/8/16/6/8/5", "cd_write": "40/24"}, {"name": "Samsung SH-224FB", "rating": 0, "rating_count": 0, "price_usd": null, "bd": null, "dvd": "16", "cd": "48", "bd_write": null, "dvd_write": "24/8/8/24/6/8/5", "cd_write": "48/24"}, {"name": "I/O Magic IBD1", "rating": 0, "rating_count": 0, "price_usd": 125.17, "bd": "10", "dvd": "16", "cd": "48", "bd_write": "10/8/2/-", "dvd_write": "16/8/4/16/6/4/-", "cd_write": "48/24"}, {"name": "Samsung SH-B123L", "rating": 3, "rating_count": 3, "price_usd": null, "bd": "12", "dvd": "16", "cd": "48", "bd_write": null, "dvd_write": "16/8/8/16/6/8/12", "cd_write": "48/4"}, {"name": "LG CH12LS28", "rating": 4, "rating_count": 3, "price_usd": null, "bd": "10", "dvd": "16", "cd": "48", "bd_write": null, "dvd_write": "16/8/8/16/6/8/12", "cd_write": "48/24"}, {"name": "Samsung SH-224DB/RSBS", "rating": 4, "rating_count": 56, "price_usd": null, "bd": null, "dvd": "16", "cd": "48", "bd_write": null, "dvd_write": "24/8/8/24/6/8/5", "cd_write": "48/24"}, {"name": "Lite-On iHAS424-98", "rating": 4, "rating_count": 7, "price_usd": null, "bd": null, "dvd": "16", "cd": "48", "bd_write": null, "dvd_write": "24/8/12/24/6/12/12", "cd_write": "48/32"}, {"name": "Plextor PX-LB950SA", "rating": 5, "rating_count": 1, "price_usd": null, "bd": "8", "dvd": "16", "cd": "48", "bd_write": "12/8/2/2", "dvd_write": "16/8/8/16/6/8/12", "cd_write": "48/24"}, {"name": "MSI DH-24AS U88", "rating": 3, "rating_count": 1, "price_usd": null, "bd": null, "dvd": "16", "cd": "48", "bd_write": null, "dvd_write": "24/8/-/24/8/-/-", "cd_write": "48/32"}, {"name": "LG BT30N", "rating": 4, "rating_count": 3, "price_usd": null, "bd": "6", "dvd": "8", "cd": "24", "bd_write": "6/6/2/-", "dvd_write": "8/8/6/8/6/6/5", "cd_write": "24/24"}, {"name": "HP 652238-B21", "rating": 0, "rating_count": 0, "price_usd": null, "bd": null, "dvd": "8", "cd": "24", "bd_write": null, "dvd_write": null, "cd_write": null}, {"name": "Sony AD-7200S-0B", "rating": 3, "rating_count": 2, "price_usd": 74.51, "bd": null, "dvd": null, "cd": null, "bd_write": null, "dvd_write": "20/8/8/20/6/12/12", "cd_write": "48/32"}, {"name": "Lite-On iHBS212-08", "rating": 5, "rating_count": 1, "price_usd": null, "bd": "8", "dvd": "16", "cd": "48", "bd_write": "12/8/2/2", "dvd_write": "16/8/8/16/6/8/12", "cd_write": "48/24"}, {"name": "Samsung SH-222BB/BEBE", "rating": 4, "rating_count": 34, "price_usd": null, "bd": null, "dvd": "16", "cd": "48", "bd_write": null, "dvd_write": "22/8/8/22/6/8/12", "cd_write": "48/24"}, {"name": "HP QS208AA", "rating": 3, "rating_count": 4, "price_usd": null, "bd": null, "dvd": "16", "cd": "48", "bd_write": null, "dvd_write": "16/8/8/-/6/8/-", "cd_write": "48/32"}, {"name": "Asus DVDE818A7T/BLK/B/GEN", "rating": 4, "rating_count": 3, "price_usd": null, "bd": null, "dvd": "18", "cd": "48", "bd_write": null, "dvd_write": "16/10/8/16/10/8/5", "cd_write": null}, {"name": "Sony DDU1681S-0B", "rating": 4, "rating_count": 4, "price_usd": 68.0, "bd": null, "dvd": "18", "cd": "48", "bd_write": null, "dvd_write": null, "cd_write": null}, {"name": "HP bd340i", "rating": 5, "rating_count": 3, "price_usd": null, "bd": "8", "dvd": "16", "cd": "48", "bd_write": "12/8/2/2", "dvd_write": "16/8/8/16/6/8/12", "cd_write": "48/24"}, {"name": "Silverstone SOD02B", "rating": 4, "rating_count": 4, "price_usd": null, "bd": null, "dvd": "8", "cd": "24", "bd_write": null, "dvd_write": "8/8/6/8/6/6/5", "cd_write": "24/4"}, {"name": "Samsung SH-118CB/BEBE", "rating": 4, "rating_count": 9, "price_usd": null, "bd": null, "dvd": "18", "cd": "48", "bd_write": null, "dvd_write": null, "cd_write": null}, {"name": "Gear Head 24XDVDINTLS", "rating": 0, "rating_count": 0, "price_usd": null, "bd": null, "dvd": null, "cd": null, "bd_write": null, "dvd_write": "24/8/12/24/-/12/12", "cd_write": null}, {"name": "I/O Magic IDVD24S", "rating": 0, "rating_count": 0, "price_usd": 36.05, "bd": null, "dvd": null, "cd": null, "bd_write": null, "dvd_write": "24/8/16/24/1/16/12", "cd_write": "48/32"}, {"name": "HP 1270i", "rating": 4, "rating_count": 3, "price_usd": null, "bd": null, "dvd": "16", "cd": "48", "bd_write": null, "dvd_write": "24/8/12/24/6/12/12", "cd_write": "48/32"}, {"name": "LG GH24LS70", "rating": 4, "rating_count": 8, "price_usd": null, "bd": null, "dvd": "16", "cd": "48", "bd_write": null, "dvd_write": "24/8/8/24/6/8/12", "cd_write": "48/32"}, {"name": "HP 447328-B21", "rating": 3, "rating_count": 8, "price_usd": null, "bd": null, "dvd": "16", "cd": "50", "bd_write": null, "dvd_write": "16/8/-/16/8/-/-", "cd_write": "40/32"}, {"name": "Lite-On iHOS104-06", "rating": 4, "rating_count": 5, "price_usd": null, "bd": "4", "dvd": "8", "cd": "32", "bd_write": null, "dvd_write": null, "cd_write": null}, {"name": "Samsung SH-222AL/BSBS", "rating": 4, "rating_count": 5, "price_usd": null, "bd": null, "dvd": "22", "cd": "48", "bd_write": null, "dvd_write": "22/8/16/22/6/12/12", "cd_write": "48/24"}, {"name": "Asus BC-12B1ST/BLK/B/AS", "rating": 4, "rating_count": 99, "price_usd": 495.25, "bd": "12", "dvd": "16", "cd": "48", "bd_write": null, "dvd_write": "16/8/8/16/6/8/12", "cd_write": "48/24"}, {"name": "LG WH14NS40", "rating": 4, "rating_count": 159, "price_usd": 54.99, "bd": "12", "dvd": "16", "cd": "48", "bd_write": "14/12/2/2", "dvd_write": "16/8/8/16/6/8/5", "cd_write": "48/24"}, {"name": "Asus DRW-24F1ST", "rating": 4, "rating_count": 147, "price_usd": 17.98, "bd": null, "dvd": "16", "cd": "48", "bd_write": null, "dvd_write": "24/8/8/24/6/8/5", "cd_write": "48/24"}, {"name": "Pioneer BDR-209DBK", "rating": 4, "rating_count": 37, "price_usd": 79.98, "bd": "12", "dvd": "16", "cd": "40", "bd_write": "16/14/2/2", "dvd_write": "16/8/8/16/6/8/-", "cd_write": "40/24"}, {"name": "LG GH24NSC0B", "rating": 4, "rating_count": 59, "price_usd": 23.98, "bd": null, "dvd": "16", "cd": "48", "bd_write": null, "dvd_write": "24/8/8/24/6/8/5", "cd_write": "48/24"}, {"name": "Asus BW-16D1HT", "rating": 4, "rating_count": 29, "price_usd": 78.98, "bd": "12", "dvd": "16", "cd": "48", "bd_write": "16/12/2/2", "dvd_write": "16/8/8/16/6/8/5", "cd_write": "48/24"}, {"name": "Asus BW-12B1ST/BLK/G/AS", "rating": 4, "rating_count": 90, "price_usd": 199.95, "bd": "8", "dvd": "16", "cd": "48", "bd_write": "12/4/2/2", "dvd_write": "16/8/8/16/6/8/12", "cd_write": "48/24"}, {"name": "LG WH16NS40", "rating": 4, "rating_count": 53, "price_usd": 66.98, "bd": "12", "dvd": "16", "cd": "48", "bd_write": "16/12/2/2", "dvd_write": "16/8/8/16/6/8/5", "cd_write": "48/24"}, {"name": "Asus DRW-24D5MT", "rating": 3, "rating_count": 15, "price_usd": 42.33, "bd": null, "dvd": "16", "cd": "48", "bd_write": null, "dvd_write": "16/13/12/16/8/12/5", "cd_write": "48/40"}, {"name": "Asus BC-12D2HT", "rating": 4, "rating_count": 6, "price_usd": 105.81, "bd": null, "dvd": null, "cd": null, "bd_write": "12/8/8/6", "dvd_write": "16/8/8/6/12/8/5", "cd_write": "48/24"}, {"name": "Lite-On iHAS124-14", "rating": 4, "rating_count": 105, "price_usd": 19.98, "bd": null, "dvd": "16", "cd": "48", "bd_write": null, "dvd_write": "24/8/8/24/6/8/5", "cd_write": "48/24"}, {"name": "Pioneer BDR-212DBK", "rating": 0, "rating_count": 0, "price_usd": 64.98, "bd": null, "dvd": null, "cd": null, "bd_write": "16/14/2/2", "dvd_write": "16/8/8/16/6/8/5", "cd_write": "40/24"}, {"name": "LG BH14NS40", "rating": 4, "rating_count": 34, "price_usd": null, "bd": "12", "dvd": "16", "cd": "48", "bd_write": "14/12/2/2", "dvd_write": "16/8/8/16/6/8/5", "cd_write": "48/24"}, {"name": "Asus BC-12B1ST", "rating": 0, "rating_count": 0, "price_usd": 495.25, "bd": null, "dvd": null, "cd": null, "bd_write": null, "dvd_write": "16/8/8/16/6/8/12", "cd_write": "48/24"}, {"name": "Samsung SH-224DB/BEBE", "rating": 4, "rating_count": 251, "price_usd": 29.99, "bd": null, "dvd": "16", "cd": "48", "bd_write": null, "dvd_write": "24/8/8/24/6/8/12", "cd_write": "48/24"}, {"name": "LG GH24NSD5", "rating": 4, "rating_count": 1, "price_usd": null, "bd": null, "dvd": "16", "cd": "48", "bd_write": null, "dvd_write": "24/8/12/8/6/12/12", "cd_write": "48/24"}, {"name": "LG WH16NS60", "rating": 5, "rating_count": 1, "price_usd": 129.94, "bd": null, "dvd": null, "cd": null, "bd_write": "16/12/-/-", "dvd_write": "-/-/-/-/-/-/5", "cd_write": "48/24"}, {"name": "LG GH24NSD1", "rating": 4, "rating_count": 14, "price_usd": null, "bd": null, "dvd": "16", "cd": "48", "bd_write": null, "dvd_write": "24/8/16/24/6/12/12", "cd_write": "48/32"}, {"name": "Pioneer BDR-2209", "rating": 4, "rating_count": 8, "price_usd": 129.99, "bd": "12", "dvd": "16", "cd": "40", "bd_write": "16/14/2/2", "dvd_write": "16/6/8/16/6/8/5", "cd_write": "40/24"}, {"name": "Pioneer BDR-211UBK", "rating": 0, "rating_count": 0, "price_usd": 199.99, "bd": "12", "dvd": "16", "cd": "40", "bd_write": "16/14/2/2", "dvd_write": "16/8/8/16/6/8/5", "cd_write": "40/24"}, {"name": "Panasonic UJ-265", "rating": 4, "rating_count": 2, "price_usd": 114.99, "bd": "6", "dvd": "8", "cd": "24", "bd_write": "6/6/-/-", "dvd_write": "8/8/6/8/8/6/-", "cd_write": "24/16"}, {"name": "LG BH16NS55.AUAR10B", "rating": 4, "rating_count": 3, "price_usd": 243.0, "bd": null, "dvd": null, "cd": "40", "bd_write": "8/8/8/6", "dvd_write": "16/12/12/16/12/12/5", "cd_write": "48/40"}, {"name": "LG GH24NSC0", "rating": 4, "rating_count": 21, "price_usd": null, "bd": null, "dvd": "16", "cd": "48", "bd_write": null, "dvd_write": "24/8/8/24/6/8/5", "cd_write": "48/24"}, {"name": "LG BH16NS40", "rating": 4, "rating_count": 27, "price_usd": 62.99, "bd": "12", "dvd": "16", "cd": "48", "bd_write": "16/12/2/-", "dvd_write": "16/8/8/16/6/8/5", "cd_write": "48/24"}, {"name": "Asus DRW-24B3ST/BLK/G/AS", "rating": 4, "rating_count": 51, "price_usd": 22.99, "bd": null, "dvd": "16", "cd": "48", "bd_write": null, "dvd_write": "24/8/12/24/6/12/12", "cd_write": "48/24"}, {"name": "Asus DVD-E818AAT/BLK/B/GE", "rating": 4, "rating_count": 2, "price_usd": 21.98, "bd": null, "dvd": "18", "cd": "48", "bd_write": null, "dvd_write": null, "cd_write": null}, {"name": "LG GH24NSB0", "rating": 4, "rating_count": 189, "price_usd": 39.99, "bd": null, "dvd": "16", "cd": "48", "bd_write": null, "dvd_write": "24/8/8/24/6/8/5", "cd_write": "48/24"}, {"name": "Lite-On iHAS124-04", "rating": 4, "rating_count": 283, "price_usd": null, "bd": null, "dvd": "16", "cd": "48", "bd_write": null, "dvd_write": "24/8/8/24/6/-/12", "cd_write": "48/32"}, {"name": "LG GH24NS90", "rating": 4, "rating_count": 40, "price_usd": 34.98, "bd": null, "dvd": "16", "cd": "48", "bd_write": null, "dvd_write": "24/8/8/24/6/8/12", "cd_write": "48/32"}, {"name": "Samsung SH-222AB", "rating": 4, "rating_count": 8, "price_usd": 157.98, "bd": null, "dvd": "16", "cd": "48", "bd_write": null, "dvd_write": "22/8/16/22/6/12/12", "cd_write": "48/24"}, {"name": "Samsung SN-208DB/BEBE", "rating": 4, "rating_count": 2, "price_usd": 100.98, "bd": null, "dvd": "8", "cd": "24", "bd_write": null, "dvd_write": "8/8/6/8/6/6/5", "cd_write": "24/24"}, {"name": "HP DVD1265I", "rating": 4, "rating_count": 20, "price_usd": null, "bd": null, "dvd": "16", "cd": "48", "bd_write": null, "dvd_write": "24/8/12/24/6/12/-", "cd_write": "48/32"}, {"name": "Plextor PX-891SAF", "rating": 0, "rating_count": 0, "price_usd": 24.95, "bd": null, "dvd": "16", "cd": "48", "bd_write": null, "dvd_write": "24/8/12/24/6/12/12", "cd_write": "48/32"}, {"name": "LG UH12NS40", "rating": 4, "rating_count": 7, "price_usd": null, "bd": "12", "dvd": "16", "cd": "48", "bd_write": null, "dvd_write": "16/8/8/16/6/8/5", "cd_write": "48/24"}, {"name": "Silverstone TOB04", "rating": 0, "rating_count": 0, "price_usd": 129.99, "bd": "6", "dvd": "8", "cd": "24", "bd_write": "6/6/6/4", "dvd_write": "8/8/8/8/8/8/8", "cd_write": "24/24"}, {"name": "LG GH24NS95", "rating": 4, "rating_count": 141, "price_usd": 49.98, "bd": null, "dvd": "16", "cd": "48", "bd_write": null, "dvd_write": "24/8/8/24/6/8/5", "cd_write": "48/24"}, {"name": "LG BH12LS38", "rating": 0, "rating_count": 0, "price_usd": null, "bd": "12", "dvd": "16", "cd": "48", "bd_write": "12/12/2/2", "dvd_write": "16/8/8/16/6/8/12", "cd_write": "48/24"}, {"name": "Pioneer BDR-212EBK", "rating": 0, "rating_count": 0, "price_usd": 111.49, "bd": "16", "dvd": null, "cd": null, "bd_write": null, "dvd_write": "16/-/-/16/-/-/-", "cd_write": "40/-"}, {"name": "Sony AD-7280S-0B", "rating": 4, "rating_count": 37, "price_usd": 104.17, "bd": null, "dvd": "16", "cd": "48", "bd_write": null, "dvd_write": "24/8/12/24/6/12/12", "cd_write": "48/32"}, {"name": "LG UH12NS30", "rating": 4, "rating_count": 68, "price_usd": null, "bd": "12", "dvd": "16", "cd": null, "bd_write": null, "dvd_write": "16/8/8/16/6/8/5", "cd_write": "48/24"}, {"name": "Pioneer BDR-S09XLT", "rating": 0, "rating_count": 0, "price_usd": null, "bd": null, "dvd": "5", "cd": "40", "bd_write": "12/8/10/6", "dvd_write": "16/12/12/16/12/12/5", "cd_write": "40/24"}, {"name": "Lite-On iHAS224-06", "rating": 4, "rating_count": 11, "price_usd": null, "bd": null, "dvd": "16", "cd": "48", "bd_write": null, "dvd_write": "24/8/12/24/6/12/12", "cd_write": "48/32"}, {"name": "Samsung SH-B123L/RSBP", "rating": 4, "rating_count": 8, "price_usd": null, "bd": "12", "dvd": "16", "cd": "48", "bd_write": null, "dvd_write": "16/8/8/16/16/8/12", "cd_write": "48/24"}, {"name": "Lenovo 0A65618", "rating": 0, "rating_count": 0, "price_usd": 53.5, "bd": null, "dvd": null, "cd": null, "bd_write": null, "dvd_write": "16/12/12/16/12/12/12", "cd_write": "48/40"}, {"name": "Lite-On DS-8ABSH-01", "rating": 5, "rating_count": 1, "price_usd": 34.28, "bd": null, "dvd": "8", "cd": "24", "bd_write": null, "dvd_write": "8/8/6/8/6/6/5", "cd_write": "24/24"}, {"name": "LG BH10LS30", "rating": 5, "rating_count": 1, "price_usd": null, "bd": "6", "dvd": "16", "cd": "48", "bd_write": "10/8/8/6", "dvd_write": "16/8/8/16/8/8/12", "cd_write": "48/24"}, {"name": "Samsung SN-208FB/BEBE", "rating": 3, "rating_count": 2, "price_usd": 47.99, "bd": null, "dvd": "8", "cd": "24", "bd_write": null, "dvd_write": "8/8/6/8/6/6/5", "cd_write": "24/-"}, {"name": "LG GS40N", "rating": 4, "rating_count": 4, "price_usd": null, "bd": null, "dvd": "8", "cd": "24", "bd_write": null, "dvd_write": "8/8/6/8/6/6/5", "cd_write": "24/16"}, {"name": "LG UH12NS29", "rating": 4, "rating_count": 29, "price_usd": null, "bd": "10", "dvd": "16", "cd": "48", "bd_write": null, "dvd_write": "16/8/8/16/6/8/12", "cd_write": "48/24"}, {"name": "Samsung SH-224GB/BSBE", "rating": 0, "rating_count": 0, "price_usd": 29.99, "bd": null, "dvd": "16", "cd": "48", "bd_write": null, "dvd_write": "24/8/8/24/6/8/5", "cd_write": "48/24"}, {"name": "Pioneer DVR-216D", "rating": 0, "rating_count": 0, "price_usd": null, "bd": null, "dvd": "16", "cd": "40", "bd_write": null, "dvd_write": "20/8/12/20/32/12/-", "cd_write": "40/32"}, {"name": "LG GH24NSB0B", "rating": 4, "rating_count": 3, "price_usd": 34.97, "bd": null, "dvd": "16", "cd": "48", "bd_write": null, "dvd_write": "24/8/8/24/6/8/5", "cd_write": "48/24"}, {"name": "Samsung SH-224BB", "rating": 4, "rating_count": 47, "price_usd": null, "bd": null, "dvd": "16", "cd": "48", "bd_write": null, "dvd_write": "24/8/8/24/6/8/12", "cd_write": "48/24"}, {"name": "LG GH24NS72", "rating": 4, "rating_count": 16, "price_usd": 34.97, "bd": null, "dvd": "16", "cd": "48", "bd_write": null, "dvd_write": "24/6/8/24/8/24/-", "cd_write": "48/32"}, {"name": "LG GTB0N", "rating": 0, "rating_count": 0, "price_usd": 39.81, "bd": null, "dvd": "8", "cd": "24", "bd_write": null, "dvd_write": "8/6/6/8/6/6/5", "cd_write": "24/24"}, {"name": "Asus DVD-E818AAT/BLK/B/GEN", "rating": 4, "rating_count": 10, "price_usd": 21.98, "bd": null, "dvd": "18", "cd": "48", "bd_write": null, "dvd_write": null, "cd_write": null}, {"name": "Lite-On DH-16AFSH", "rating": 0, "rating_count": 0, "price_usd": null, "bd": null, "dvd": null, "cd": null, "bd_write": null, "dvd_write": "16/8/8/16/6/8/-", "cd_write": "48/24"}, {"name": "HP 447326-B21", "rating": 3, "rating_count": 8, "price_usd": 58.21, "bd": null, "dvd": "16", "cd": "40", "bd_write": null, "dvd_write": null, "cd_write": null}, {"name": "Sony BD-5300S", "rating": 4, "rating_count": 3, "price_usd": null, "bd": "8", "dvd": "16", "cd": "48", "bd_write": "12/8/2/2", "dvd_write": "16/8/8/16/6/8/12", "cd_write": "48/24"}, {"name": "Lite-On IHAS324-07", "rating": 4, "rating_count": 14, "price_usd": 29.4, "bd": null, "dvd": "16", "cd": "48", "bd_write": null, "dvd_write": "24/8/12/24/6/-/-", "cd_write": "48/32"}, {"name": "Asus DRW-24D3ST", "rating": 5, "rating_count": 1, "price_usd": null, "bd": null, "dvd": "16", "cd": "48", "bd_write": null, "dvd_write": "16/13/12/16/8/12/5", "cd_write": "48/40"}, {"name": "Lite-On iHES112-29", "rating": 0, "rating_count": 0, "price_usd": 155.0, "bd": "12", "dvd": "16", "cd": "48", "bd_write": null, "dvd_write": "16/8/8/16/6/8/12", "cd_write": "48/24"}, {"name": "Sony BC-5500H-01", "rating": 0, "rating_count": 0, "price_usd": null, "bd": "4", "dvd": "8", "cd": "24", "bd_write": null, "dvd_write": "8/4/4/8/4/4/5", "cd_write": "16/10"}, {"name": "Samsung SH-S223C", "rating": 5, "rating_count": 1, "price_usd": null, "bd": null, "dvd": "16", "cd": "48", "bd_write": null, "dvd_write": "22/8/16/22/6/12/12", "cd_write": "48/32"}, {"name": "LG GH22NS90B", "rating": 3, "rating_count": 9, "price_usd": null, "bd": null, "dvd": "16", "cd": "48", "bd_write": null, "dvd_write": "22/8/8/22/6/8/12", "cd_write": "48/32"}, {"name": "LG GUB0N", "rating": 3, "rating_count": 1, "price_usd": 45.0, "bd": null, "dvd": "8", "cd": "24", "bd_write": null, "dvd_write": "8/6/6/8/6/6/5", "cd_write": "24/24"}, {"name": "Asus DRW-24F1MT", "rating": 0, "rating_count": 0, "price_usd": null, "bd": null, "dvd": null, "cd": null, "bd_write": null, "dvd_write": "24/8/8/24/6/8/5", "cd_write": "48/24"}, {"name": "LG GH22NS50 Bulk", "rating": 1, "rating_count": 1, "price_usd": null, "bd": null, "dvd": "16", "cd": "48", "bd_write": null, "dvd_write": "22/8/-/22/8/-/12", "cd_write": "48/32"}, {"name": "LG GGC-H20L", "rating": 5, "rating_count": 1, "price_usd": null, "bd": "6", "dvd": "16", "cd": "40", "bd_write": null, "dvd_write": null, "cd_write": null}, {"name": "Silverstone SST-SOB02", "rating": 3, "rating_count": 2, "price_usd": null, "bd": null, "dvd": null, "cd": "24", "bd_write": "6/6/6/6", "dvd_write": "8/8/8/8/8/8/4", "cd_write": "24/24"}, {"name": "Lite-On iHDS118-04", "rating": 4, "rating_count": 18, "price_usd": 28.98, "bd": null, "dvd": "18", "cd": "48", "bd_write": null, "dvd_write": null, "cd_write": null}, {"name": "Lite-On iHES208-08", "rating": 0, "rating_count": 0, "price_usd": null, "bd": "8", "dvd": "16", "cd": "48", "bd_write": null, "dvd_write": "16/8/8/16/6/8/12", "cd_write": "48/48"}, {"name": "Pioneer BDC-207DBK", "rating": 3, "rating_count": 19, "price_usd": null, "bd": "8", "dvd": "16", "cd": "40", "bd_write": null, "dvd_write": "16/8/8/16/6/8/5", "cd_write": "40/24"}, {"name": "Samsung SH-224FB", "rating": 0, "rating_count": 0, "price_usd": null, "bd": null, "dvd": "16", "cd": "48", "bd_write": null, "dvd_write": "24/8/8/24/6/8/5", "cd_write": "48/24"}, {"name": "I/O Magic IBD1", "rating": 0, "rating_count": 0, "price_usd": 125.17, "bd": "10", "dvd": "16", "cd": "48", "bd_write": "10/8/2/-", "dvd_write": "16/8/4/16/6/4/-", "cd_write": "48/24"}, {"name": "Samsung SH-B123L", "rating": 3, "rating_count": 3, "price_usd": null, "bd": "12", "dvd": "16", "cd": "48", "bd_write": null, "dvd_write": "16/8/8/16/6/8/12", "cd_write": "48/4"}, {"name": "LG CH12LS28", "rating": 4, "rating_count": 3, "price_usd": null, "bd": "10", "dvd": "16", "cd": "48", "bd_write": null, "dvd_write": "16/8/8/16/6/8/12", "cd_write": "48/24"}, {"name": "Samsung SH-224DB/RSBS", "rating": 4, "rating_count": 56, "price_usd": null, "bd": null, "dvd": "16", "cd": "48", "bd_write": null, "dvd_write": "24/8/8/24/6/8/5", "cd_write": "48/24"}, {"name": "Lite-On iHAS424-98", "rating": 4, "rating_count": 7, "price_usd": null, "bd": null, "dvd": "16", "cd": "48", "bd_write": null, "dvd_write": "24/8/12/24/6/12/12", "cd_write": "48/32"}, {"name": "Plextor PX-LB950SA", "rating": 5, "rating_count": 1, "price_usd": null, "bd": "8", "dvd": "16", "cd": "48", "bd_write": "12/8/2/2", "dvd_write": "16/8/8/16/6/8/12", "cd_write": "48/24"}, {"name": "MSI DH-24AS U88", "rating": 3, "rating_count": 1, "price_usd": null, "bd": null, "dvd": "16", "cd": "48", "bd_write": null, "dvd_write": "24/8/-/24/8/-/-", "cd_write": "48/32"}, {"name": "LG BT30N", "rating": 4, "rating_count": 3, "price_usd": null, "bd": "6", "dvd": "8", "cd": "24", "bd_write": "6/6/2/-", "dvd_write": "8/8/6/8/6/6/5", "cd_write": "24/24"}, {"name": "HP 652238-B21", "rating": 0, "rating_count": 0, "price_usd": null, "bd": null, "dvd": "8", "cd": "24", "bd_write": null, "dvd_write": null, "cd_write": null}, {"name": "Sony AD-7200S-0B", "rating": 3, "rating_count": 2, "price_usd": 74.51, "bd": null, "dvd": null, "cd": null, "bd_write": null, "dvd_write": "20/8/8/20/6/12/12", "cd_write": "48/32"}, {"name": "Lite-On iHBS212-08", "rating": 5, "rating_count": 1, "price_usd": null, "bd": "8", "dvd": "16", "cd": "48", "bd_write": "12/8/2/2", "dvd_write": "16/8/8/16/6/8/12", "cd_write": "48/24"}, {"name": "Samsung SH-222BB/BEBE", "rating": 4, "rating_count": 34, "price_usd": null, "bd": null, "dvd": "16", "cd": "48", "bd_write": null, "dvd_write": "22/8/8/22/6/8/12", "cd_write": "48/24"}, {"name": "HP QS208AA", "rating": 3, "rating_count": 4, "price_usd": null, "bd": null, "dvd": "16", "cd": "48", "bd_write": null, "dvd_write": "16/8/8/-/6/8/-", "cd_write": "48/32"}, {"name": "Asus DVDE818A7T/BLK/B/GEN", "rating": 4, "rating_count": 3, "price_usd": null, "bd": null, "dvd": "18", "cd": "48", "bd_write": null, "dvd_write": "16/10/8/16/10/8/5", "cd_write": null}, {"name": "Sony DDU1681S-0B", "rating": 4, "rating_count": 4, "price_usd": 68.0, "bd": null, "dvd": "18", "cd": "48", "bd_write": null, "dvd_write": null, "cd_write": null}, {"name": "HP bd340i", "rating": 5, "rating_count": 3, "price_usd": null, "bd": "8", "dvd": "16", "cd": "48", "bd_write": "12/8/2/2", "dvd_write": "16/8/8/16/6/8/12", "cd_write": "48/24"}, {"name": "Silverstone SOD02B", "rating": 4, "rating_count": 4, "price_usd": null, "bd": null, "dvd": "8", "cd": "24", "bd_write": null, "dvd_write": "8/8/6/8/6/6/5", "cd_write": "24/4"}, {"name": "Samsung SH-118CB/BEBE", "rating": 4, "rating_count": 9, "price_usd": null, "bd": null, "dvd": "18", "cd": "48", "bd_write": null, "dvd_write": null, "cd_write": null}, {"name": "Gear Head 24XDVDINTLS", "rating": 0, "rating_count": 0, "price_usd": null, "bd": null, "dvd": null, "cd": null, "bd_write": null, "dvd_write": "24/8/12/24/-/12/12", "cd_write": null}, {"name": "I/O Magic IDVD24S", "rating": 0, "rating_count": 0, "price_usd": 36.05, "bd": null, "dvd": null, "cd": null, "bd_write": null, "dvd_write": "24/8/16/24/1/16/12", "cd_write": "48/32"}, {"name": "HP 1270i", "rating": 4, "rating_count": 3, "price_usd": null, "bd": null, "dvd": "16", "cd": "48", "bd_write": null, "dvd_write": "24/8/12/24/6/12/12", "cd_write": "48/32"}, {"name": "LG GH24LS70", "rating": 4, "rating_count": 8, "price_usd": null, "bd": null, "dvd": "16", "cd": "48", "bd_write": null, "dvd_write": "24/8/8/24/6/8/12", "cd_write": "48/32"}, {"name": "HP 447328-B21", "rating": 3, "rating_count": 8, "price_usd": null, "bd": null, "dvd": "16", "cd": "50", "bd_write": null, "dvd_write": "16/8/-/16/8/-/-", "cd_write": "40/32"}, {"name": "Lite-On iHOS104-06", "rating": 4, "rating_count": 5, "price_usd": null, "bd": "4", "dvd": "8", "cd": "32", "bd_write": null, "dvd_write": null, "cd_write": null}, {"name": "Samsung SH-222AL/BSBS", "rating": 4, "rating_count": 5, "price_usd": null, "bd": null, "dvd": "22", "cd": "48", "bd_write": null, "dvd_write": "22/8/16/22/6/12/12", "cd_write": "48/24"}]