[{"name": "Microsoft Windows 10 Pro (64-bit)", "rating": 4, "rating_count": 601, "price_usd": 139.88, "type": "Windows", "mode": "64-bit", "maximum_supported_memory": "2048 GB"}, {"name": "Microsoft Windows 10 Home (64-bit)", "rating": 4, "rating_count": 64, "price_usd": 170.96, "type": "Windows", "mode": "64-bit", "maximum_supported_memory": "128 GB"}, {"name": "Microsoft Windows 10 Pro (32/64-bit)", "rating": 4, "rating_count": 15, "price_usd": 193.57, "type": "Windows", "mode": "32/64-bit", "maximum_supported_memory": "2048 GB"}, {"name": "Microsoft Windows 7 Professional (32/64-bit)", "rating": 5, "rating_count": 19, "price_usd": 289.99, "type": "Windows", "mode": "32/64-bit", "maximum_supported_memory": "192 GB"}, {"name": "Microsoft Windows 10 Home (32/64-bit)", "rating": 4, "rating_count": 59, "price_usd": 129.99, "type": "Windows", "mode": "32/64-bit", "maximum_supported_memory": "128 GB"}, {"name": "Microsoft Windows 10 Pro (32/64-bit)", "rating": 4, "rating_count": 49, "price_usd": 189.99, "type": "Windows", "mode": "32/64-bit", "maximum_supported_memory": "2048 GB"}, {"name": "Microsoft Windows 10 Pro (32/64-bit)", "rating": 4, "rating_count": 6, "price_usd": null, "type": "Windows", "mode": "32/64-bit", "maximum_supported_memory": "2048 GB"}, {"name": "Microsoft Windows 10 Home (32/64-bit)", "rating": 4, "rating_count": 80, "price_usd": 139.99, "type": "Windows", "mode": "32/64-bit", "maximum_supported_memory": "128 GB"}, {"name": "Microsoft Windows 10 Pro (64-bit)", "rating": 4, "rating_count": 6, "price_usd": null, "type": "Windows", "mode": "64-bit", "maximum_supported_memory": "2048 GB"}, {"name": "Microsoft Windows 10 Home (64-bit)", "rating": 5, "rating_count": 2, "price_usd": null, "type": "Windows", "mode": "64-bit", "maximum_supported_memory": "128 GB"}, {"name": "Microsoft Windows 10 Home (32/64-bit)", "rating": 4, "rating_count": 8, "price_usd": 139.0, "type": "Windows", "mode": "32/64-bit", "maximum_supported_memory": "128 GB"}, {"name": "Microsoft Windows 10 Pro (32/64-bit)", "rating": 4, "rating_count": 16, "price_usd": null, "type": "Windows", "mode": "32/64-bit", "maximum_supported_memory": "2048 GB"}, {"name": "Microsoft Windows 10 Home (32-bit)", "rating": 2, "rating_count": 1, "price_usd": 119.99, "type": "Windows", "mode": "32-bit", "maximum_supported_memory": "4 GB"}, {"name": "Microsoft Windows 10 Pro (32-bit)", "rating": 0, "rating_count": 0, "price_usd": 139.99, "type": "Windows", "mode": "32-bit", "maximum_supported_memory": "4 GB"}, {"name": "Microsoft Windows 10 Home (32/64-bit)", "rating": 0, "rating_count": 0, "price_usd": null, "type": "Windows", "mode": "32/64-bit", "maximum_supported_memory": "128 GB"}, {"name": "Microsoft Windows 8.1 Pro (64-bit)", "rating": 4, "rating_count": 182, "price_usd": 193.01, "type": "Windows", "mode": "64-bit", "maximum_supported_memory": "512 GB"}, {"name": "Microsoft Windows 7 Ultimate SP1 (64-bit)", "rating": 4, "rating_count": 232, "price_usd": null, "type": "Windows", "mode": "64-bit", "maximum_supported_memory": "192 GB"}, {"name": "Microsoft Windows 7 Home Premium SP1 (64-bit)", "rating": 4, "rating_count": 781, "price_usd": null, "type": "Windows", "mode": "64-bit", "maximum_supported_memory": "16 GB"}, {"name": "Microsoft Windows 7 Ultimate SP1 (32-bit)", "rating": 4, "rating_count": 4, "price_usd": 169.99, "type": "Windows", "mode": "32-bit", "maximum_supported_memory": "4 GB"}, {"name": "Microsoft Windows 7 Pro SP1 DE (64-bit)", "rating": 5, "rating_count": 1, "price_usd": null, "type": "Windows", "mode": "64-bit", "maximum_supported_memory": "192 GB"}, {"name": "Microsoft Windows 8.1 (64-bit)", "rating": 4, "rating_count": 581, "price_usd": null, "type": "Windows", "mode": "64-bit", "maximum_supported_memory": "128 GB"}, {"name": "Microsoft Windows 7 Professional SP1 (64-bit)", "rating": 4, "rating_count": 299, "price_usd": null, "type": "Windows", "mode": "64-bit", "maximum_supported_memory": "192 GB"}, {"name": "Microsoft Windows 8.1 (32/64-bit)", "rating": 4, "rating_count": 117, "price_usd": null, "type": "Windows", "mode": "32/64-bit", "maximum_supported_memory": "128 GB"}, {"name": "Microsoft Windows 8.1 Pro DE (64-bit)", "rating": 0, "rating_count": 0, "price_usd": 184.0, "type": "Windows", "mode": "64-bit", "maximum_supported_memory": "512 GB"}, {"name": "Microsoft Windows 7 Home Premium SP1 (64-bit)", "rating": 0, "rating_count": 0, "price_usd": null, "type": "Windows", "mode": "64-bit", "maximum_supported_memory": "16 GB"}, {"name": "Microsoft Windows 7 Home Premium (32/64-bit)", "rating": 4, "rating_count": 31, "price_usd": null, "type": "Windows", "mode": "32/64-bit", "maximum_supported_memory": "16 GB"}, {"name": "Microsoft Windows 8 (32-bit)", "rating": 3, "rating_count": 1, "price_usd": null, "type": "Windows", "mode": "32-bit", "maximum_supported_memory": "4 GB"}, {"name": "Microsoft Windows 7 Home Premium SP1 (32-bit)", "rating": 5, "rating_count": 4, "price_usd": null, "type": "Windows", "mode": "32-bit", "maximum_supported_memory": "4 GB"}, {"name": "Microsoft Windows 7 Home Premium SP1 (64-bit)", "rating": 4, "rating_count": 6, "price_usd": null, "type": "Windows", "mode": "64-bit", "maximum_supported_memory": "16 GB"}, {"name": "Microsoft Windows 7 Ultimate (64-bit)", "rating": 4, "rating_count": 3, "price_usd": null, "type": "Windows", "mode": "64-bit", "maximum_supported_memory": "192 GB"}, {"name": "Microsoft Windows 7 Home Premium SP1 (32-bit)", "rating": 0, "rating_count": 0, "price_usd": null, "type": "Windows", "mode": "32-bit", "maximum_supported_memory": "4 GB"}, {"name": "Microsoft Windows 7 Ultimate (32/64-bit)", "rating": 4, "rating_count": 41, "price_usd": null, "type": "Windows", "mode": "32/64-bit", "maximum_supported_memory": "192 GB"}, {"name": "Microsoft Windows 7 Pro SP1 DE (64-bit)", "rating": 0, "rating_count": 0, "price_usd": null, "type": "Windows", "mode": "64-bit", "maximum_supported_memory": "192 GB"}, {"name": "Microsoft Windows 8.1 Pro (64-bit)", "rating": 4, "rating_count": 159, "price_usd": null, "type": "Windows", "mode": "64-bit", "maximum_supported_memory": "512 GB"}, {"name": "Microsoft Windows 7 Professional SP1 (32-bit)", "rating": 0, "rating_count": 0, "price_usd": null, "type": "Windows", "mode": "32-bit", "maximum_supported_memory": "4 GB"}, {"name": "Microsoft Windows 7 Professional SP1 (64-bit)", "rating": 5, "rating_count": 3, "price_usd": null, "type": "Windows", "mode": "64-bit", "maximum_supported_memory": "192 GB"}, {"name": "Microsoft Windows 7 Ultimate SP1 (64-bit)", "rating": 5, "rating_count": 3, "price_usd": null, "type": "Windows", "mode": "64-bit", "maximum_supported_memory": "192 GB"}, {"name": "Microsoft Windows 8 Pro (32-bit)", "rating": 3, "rating_count": 1, "price_usd": null, "type": "Windows", "mode": "32-bit", "maximum_supported_memory": "4 GB"}, {"name": "Microsoft Windows 7 Ultimate SP1 (32-bit)", "rating": 0, "rating_count": 0, "price_usd": null, "type": "Windows", "mode": "32-bit", "maximum_supported_memory": "4 GB"}, {"name": "Microsoft Windows 8 Pro DE (64-bit)", "rating": 0, "rating_count": 0, "price_usd": null, "type": "Windows", "mode": "64-bit", "maximum_supported_memory": "512 GB"}, {"name": "Microsoft Windows 7 Professional SP1 (32-bit)", "rating": 0, "rating_count": 0, "price_usd": null, "type": "Windows", "mode": "32-bit", "maximum_supported_memory": "4 GB"}, {"name": "Microsoft Windows 7 Professional SP1 (32-bit)", "rating": 0, "rating_count": 0, "price_usd": null, "type": "Windows", "mode": "32-bit", "maximum_supported_memory": "4 GB"}, {"name": "Microsoft Windows 8 (64-bit)", "rating": 4, "rating_count": 20, "price_usd": null, "type": "Windows", "mode": "64-bit", "maximum_supported_memory": "128 GB"}, {"name": "Microsoft Windows 8.1 (32-bit)", "rating": 0, "rating_count": 0, "price_usd": null, "type": "Windows", "mode": "32-bit", "maximum_supported_memory": "4 GB"}, {"name": "Microsoft Windows 8 (32-bit)", "rating": 0, "rating_count": 0, "price_usd": null, "type": "Windows", "mode": "32-bit", "maximum_supported_memory": "4 GB"}, {"name": "Microsoft Windows 8.1 Pro (32/64-bit)", "rating": 4, "rating_count": 94, "price_usd": null, "type": "Windows", "mode": "32/64-bit", "maximum_supported_memory": "512 GB"}, {"name": "Microsoft Windows 8.1 (32-bit)", "rating": 0, "rating_count": 0, "price_usd": null, "type": "Windows", "mode": "32-bit", "maximum_supported_memory": "4 GB"}, {"name": "Microsoft Windows 8 Pro (64-bit)", "rating": 4, "rating_count": 106, "price_usd": null, "type": "Windows", "mode": "64-bit", "maximum_supported_memory": "512 GB"}, {"name": "Microsoft Windows 8 (64-bit)", "rating": 4, "rating_count": 185, "price_usd": null, "type": "Windows", "mode": "64-bit", "maximum_supported_memory": "128 GB"}, {"name": "Microsoft Windows 8 Pro (32-bit)", "rating": 0, "rating_count": 0, "price_usd": null, "type": "Windows", "mode": "32-bit", "maximum_supported_memory": "4 GB"}, {"name": "Microsoft Windows 8.1 (64-bit)", "rating": 4, "rating_count": 161, "price_usd": null, "type": "Windows", "mode": "64-bit", "maximum_supported_memory": "128 GB"}, {"name": "Microsoft Windows 8.1 Pro (32-bit)", "rating": 0, "rating_count": 0, "price_usd": null, "type": "Windows", "mode": "32-bit", "maximum_supported_memory": "4 GB"}, {"name": "Microsoft Windows 8 Pro (64-bit)", "rating": 4, "rating_count": 25, "price_usd": null, "type": "Windows", "mode": "64-bit", "maximum_supported_memory": "512 GB"}, {"name": "Microsoft Windows 8.1 DE (64-bit)", "rating": 0, "rating_count": 0, "price_usd": null, "type": "Windows", "mode": "64-bit", "maximum_supported_memory": "128 GB"}, {"name": "Microsoft Windows 8.1 Pro (32-bit)", "rating": 0, "rating_count": 0, "price_usd": null, "type": "Windows", "mode": "32-bit", "maximum_supported_memory": "4 GB"}]