[{"name": "Microsoft Project Standard 2019", "rating": 0, "rating_count": 0, "price_usd": 599.99, "type": "Office & Productivity", "media_type": "Product Key Card"}, {"name": "Bitdefender Antivirus Plus 2019 (2 Year Subscription) - 3 PC", "rating": 5, "rating_count": 2, "price_usd": 72.99, "type": "Antivirus", "media_type": "Product Key Card"}, {"name": "Microsoft Office Home & Student 2019 - 1 Device", "rating": 5, "rating_count": 1, "price_usd": 119.99, "type": "Office & Productivity", "media_type": "Product Key Card"}, {"name": "NordVPN Internet Privacy (2 Year Subscription)", "rating": 0, "rating_count": 0, "price_usd": 89.0, "type": "Internet Security", "media_type": "Download"}, {"name": "Microsoft Project Professional 2019", "rating": 0, "rating_count": 0, "price_usd": 999.99, "type": "Office & Productivity", "media_type": "Product Key Card"}, {"name": "Microsoft Office 365 Personal (1 Year Subscription) - 1 User", "rating": 0, "rating_count": 0, "price_usd": 43.99, "type": "Office & Productivity", "media_type": "Product Key Card"}, {"name": "Microsoft Office 365 Home (1 Year Subscription)", "rating": 0, "rating_count": 0, "price_usd": 99.99, "type": "Office & Productivity", "media_type": "Download"}, {"name": "Malwarebytes Anti-Malware 3.0 Premium (1 Year Subscription) - 3 PCs", "rating": 0, "rating_count": 0, "price_usd": 34.99, "type": "Antivirus", "media_type": "Download"}, {"name": "Microsoft Visio Professional 2019", "rating": 0, "rating_count": 0, "price_usd": 354.94, "type": "Office & Productivity", "media_type": "Product Key Card"}, {"name": "Adobe Photoshop Elements 2019", "rating": 0, "rating_count": 0, "price_usd": null, "type": "Design & Illustration", "media_type": "Download"}, {"name": "Acronis True Image 2019", "rating": 5, "rating_count": 2, "price_usd": 46.33, "type": "Backup", "media_type": "Product Key Card"}, {"name": "Microsoft Office Home & Business 2019 - 1 Device", "rating": 0, "rating_count": 0, "price_usd": 219.99, "type": "Office & Productivity", "media_type": "Product Key Card"}, {"name": "Symantec Norton 360 Deluxe (1 Year Subscription) - 5 Devices", "rating": 0, "rating_count": 0, "price_usd": 79.99, "type": "Internet Security", "media_type": "Product Key Card"}, {"name": "Adobe Photoshop & Premiere Elements 2019 - Mac & Windows", "rating": 0, "rating_count": 0, "price_usd": null, "type": "Design & Illustration", "media_type": "CD/DVD"}, {"name": "Microsoft Office Home & Business 2019 - 1 Device", "rating": 0, "rating_count": 0, "price_usd": 229.99, "type": "Office & Productivity", "media_type": "Product Key Card"}, {"name": "Bitdefender Internet Security 2019 (2 Year Subscription) - 3 Devices", "rating": 5, "rating_count": 1, "price_usd": 29.99, "type": "Internet Security", "media_type": "Product Key Card"}, {"name": "ESET NOD32 Antivirus 2019 (1 Year Subscription) - 5 PCs", "rating": 0, "rating_count": 0, "price_usd": null, "type": "Antivirus", "media_type": "Product Key Card"}, {"name": "Laplink SafeErase 8 (64-bit)", "rating": 0, "rating_count": 0, "price_usd": 19.95, "type": "Utilities", "media_type": "Download"}, {"name": "Adobe Photoshop & Premiere Elements 2019", "rating": 0, "rating_count": 0, "price_usd": null, "type": "Design & Illustration", "media_type": "Download"}, {"name": "Adobe Acrobat Pro DC for Windows & Mac (1 Year Subscription)", "rating": 0, "rating_count": 0, "price_usd": 178.88, "type": "Office & Productivity", "media_type": "Download"}, {"name": "Adobe Acrobat Pro 2017 for Mac", "rating": 0, "rating_count": 0, "price_usd": null, "type": "Office & Productivity", "media_type": "CD/DVD"}, {"name": "NordVPN Internet Privacy (1 Year Subscription) - 6 Devices", "rating": 0, "rating_count": 0, "price_usd": 59.0, "type": "Internet Security", "media_type": "Download"}, {"name": "McAfee Total Protection 2019 (1 Year Subscription) - 5 Devices", "rating": 0, "rating_count": 0, "price_usd": 29.99, "type": "Internet Security", "media_type": "Download"}, {"name": "Microsoft Office Home & Student 2019", "rating": 5, "rating_count": 1, "price_usd": null, "type": "Office & Productivity", "media_type": "Product Key Card"}, {"name": "McAfee Internet Security 2019 (1 Year Subscription) - 3 Devices", "rating": 0, "rating_count": 0, "price_usd": 24.99, "type": "Internet Security", "media_type": "Download"}, {"name": "Microsoft Office 365 Home (1 Year Subscription) - 6 Users", "rating": 5, "rating_count": 1, "price_usd": null, "type": "Office & Productivity", "media_type": "Product Key Card"}, {"name": "Magix Movie Edit Pro Premium 2020", "rating": 0, "rating_count": 0, "price_usd": 129.0, "type": "Audio & Video", "media_type": "Download"}, {"name": "Adobe Premiere Elements 2019", "rating": 0, "rating_count": 0, "price_usd": null, "type": "Audio & Video", "media_type": "Download"}, {"name": "Microsoft Office 365 Business Premium (1 Year Subscription) - 5 Devices", "rating": 0, "rating_count": 0, "price_usd": 149.99, "type": "Office & Productivity", "media_type": "Product Key Card"}, {"name": "Microsoft 365 Personal (1 Year Subscription) - 1 User", "rating": 0, "rating_count": 0, "price_usd": 64.99, "type": "Office & Productivity", "media_type": "Product Key Card"}, {"name": "Image Line FL Studio 12 Producer Edition", "rating": 0, "rating_count": 0, "price_usd": null, "type": "Audio & Video", "media_type": "CD/DVD"}, {"name": "Symantec Norton Security Standard (1 Year Subscription)", "rating": 4, "rating_count": 1, "price_usd": null, "type": "Internet Security", "media_type": "Download"}, {"name": "Adobe Photoshop Lightroom 6", "rating": 0, "rating_count": 0, "price_usd": null, "type": "Photography", "media_type": "CD/DVD"}, {"name": "ESET Smart Security Premium (1 Year Subscription)", "rating": 0, "rating_count": 0, "price_usd": null, "type": "Internet Security", "media_type": "Download"}, {"name": "Microsoft Visio Standard 2019", "rating": 0, "rating_count": 0, "price_usd": 249.99, "type": "Office & Productivity", "media_type": "Product Key Card"}, {"name": "Bitdefender Family Pack 2019 (2 Year Subscription) - Unlimited Devices", "rating": 5, "rating_count": 1, "price_usd": null, "type": "Antivirus", "media_type": "Product Key Card"}, {"name": "Microsoft Office 365 Home (1 Year Subscription)", "rating": 0, "rating_count": 0, "price_usd": null, "type": "Office & Productivity", "media_type": "Product Key Card"}, {"name": "Autodesk AutoCAD LT (1 Year Subscription)", "rating": 0, "rating_count": 0, "price_usd": null, "type": "Design & Illustration", "media_type": "Download"}, {"name": "Microsoft Office Home and Business 2013", "rating": 0, "rating_count": 0, "price_usd": null, "type": "Office & Productivity", "media_type": "Product Key Card"}, {"name": "Cyberlink PowerDVD 15 Ultra", "rating": 0, "rating_count": 0, "price_usd": null, "type": "Audio & Video", "media_type": "CD/DVD"}, {"name": "McAfee LiveSafe 2019", "rating": 0, "rating_count": 0, "price_usd": 49.99, "type": "Internet Security", "media_type": "Download"}, {"name": "AVG TuneUp 2020 (1 Year Subscription) - 5 Devices", "rating": 0, "rating_count": 0, "price_usd": 19.99, "type": "Utilities", "media_type": "Download"}, {"name": "Microsoft Office Home and Business 2016", "rating": 0, "rating_count": 0, "price_usd": null, "type": "Office & Productivity", "media_type": "Product Key Card"}, {"name": "McAfee Total Protection 2019 (1 Year Subscription) - 5 Devices", "rating": 0, "rating_count": 0, "price_usd": 29.99, "type": "Internet Security", "media_type": "Product Key Card"}, {"name": "Cyberlink PowerDirector 17 Ultimate", "rating": 0, "rating_count": 0, "price_usd": null, "type": "Audio & Video", "media_type": "CD/DVD"}, {"name": "Symantec Norton Security Deluxe (1 Year Subscription) - 5 Device", "rating": 4, "rating_count": 2, "price_usd": null, "type": "Internet Security", "media_type": "CD/DVD"}, {"name": "McAfee Internet Security 2019 (1 Year Subscription) - 3 Devices", "rating": 0, "rating_count": 0, "price_usd": 24.99, "type": "Internet Security", "media_type": "Product Key Card"}, {"name": "Adobe Acrobat Pro 2017", "rating": 0, "rating_count": 0, "price_usd": null, "type": "Office & Productivity", "media_type": "Download"}, {"name": "Corel PaintShop Pro 2020", "rating": 0, "rating_count": 0, "price_usd": 49.99, "type": "Photography", "media_type": "CD/DVD"}, {"name": "Microsoft Office 365 Personal (1 Year Subscription)", "rating": 0, "rating_count": 0, "price_usd": 69.99, "type": "Office & Productivity", "media_type": "Download"}, {"name": "Cyberlink PowerDirector 17 Ultimate", "rating": 5, "rating_count": 1, "price_usd": null, "type": "Audio & Video", "media_type": "Download"}, {"name": "Laplink SafeErase 8 (32-bit)", "rating": 0, "rating_count": 0, "price_usd": 19.95, "type": "Utilities", "media_type": "Download"}, {"name": "Magix VEGAS Pro 17", "rating": 0, "rating_count": 0, "price_usd": null, "type": "Audio & Video", "media_type": "Download"}, {"name": "Piriform CCleaner Professional", "rating": 5, "rating_count": 1, "price_usd": null, "type": "Utilities", "media_type": "Download"}, {"name": "Magix VEGAS Pro 17 Suite", "rating": 0, "rating_count": 0, "price_usd": null, "type": "Audio & Video", "media_type": "Download"}, {"name": "Malwarebytes Anti-Malware Premium (1 Year Subscription) - 3 PCs", "rating": 0, "rating_count": 0, "price_usd": null, "type": "Antivirus", "media_type": "Product Key Card"}, {"name": "Magix Movie Edit Pro Plus 2020", "rating": 0, "rating_count": 0, "price_usd": 99.99, "type": "Audio & Video", "media_type": "Download"}, {"name": "ESET Multi-Device Security (1 Year Subscription) - 3 PCs", "rating": 0, "rating_count": 0, "price_usd": 63.99, "type": "Internet Security", "media_type": "Download"}, {"name": "Adobe Premiere Elements 2019 - Mac & Windows", "rating": 0, "rating_count": 0, "price_usd": null, "type": "Audio & Video", "media_type": "Product Key Card"}, {"name": "AVG Ultimate 2020 (1 Year Subscription) - 1 PC", "rating": 0, "rating_count": 0, "price_usd": null, "type": "Internet Security", "media_type": "Product Key Card"}, {"name": "Autodesk Maya (1 Year Subscription)", "rating": 0, "rating_count": 0, "price_usd": null, "type": "Design & Illustration", "media_type": "Download"}, {"name": "Corel PDF Fusion", "rating": 0, "rating_count": 0, "price_usd": 63.34, "type": "Utilities", "media_type": "Download"}, {"name": "Microsoft Office 365 Personal (1 Year Subscription)", "rating": 0, "rating_count": 0, "price_usd": null, "type": "Office & Productivity", "media_type": "Product Key Card"}, {"name": "Adobe Photoshop Elements 2019 - Mac & Windows", "rating": 0, "rating_count": 0, "price_usd": null, "type": "Design & Illustration", "media_type": "CD/DVD"}, {"name": "Microsoft 365 Business Standard (1 Year Subscription) - 1 User", "rating": 0, "rating_count": 0, "price_usd": 134.99, "type": "Office & Productivity", "media_type": "Product Key Card"}, {"name": "Autodesk Fusion 360 (1 Year Subscription)", "rating": 0, "rating_count": 0, "price_usd": null, "type": "Design & Illustration", "media_type": "Download"}, {"name": "Microsoft 365 Family (1 Year Subscription) - 6 Users", "rating": 0, "rating_count": 0, "price_usd": 99.23, "type": "Office & Productivity", "media_type": "Product Key Card"}, {"name": "Microsoft Office Home and Student 2016", "rating": 0, "rating_count": 0, "price_usd": null, "type": "Office & Productivity", "media_type": "Download"}, {"name": "McAfee Antivirus 2019 (1 Year Subscription)", "rating": 0, "rating_count": 0, "price_usd": null, "type": "Antivirus", "media_type": "Product Key Card"}, {"name": "Symantec Norton 360 Standard (1 Year Subscription)", "rating": 0, "rating_count": 0, "price_usd": null, "type": "Internet Security", "media_type": "Product Key Card"}, {"name": "Laplink PCmover Professional v11 (2 Uses)", "rating": 0, "rating_count": 0, "price_usd": 69.95, "type": "Backup", "media_type": "Download"}, {"name": "Autodesk AutoCAD (1 Year Subscription)", "rating": 0, "rating_count": 0, "price_usd": null, "type": "Design & Illustration", "media_type": "Download"}, {"name": "Parallels Desktop 14 Pro Edition (1 Year Subscription)", "rating": 0, "rating_count": 0, "price_usd": 99.99, "type": "Office & Productivity", "media_type": "Product Key Card"}, {"name": "Cyberlink PowerDirector 17 Ultra", "rating": 0, "rating_count": 0, "price_usd": 119.0, "type": "Audio & Video", "media_type": "CD/DVD"}, {"name": "Autodesk 3ds Max (1 Year Subscription)", "rating": 0, "rating_count": 0, "price_usd": null, "type": "Design & Illustration", "media_type": "Download"}, {"name": "Pinnacle Studio 19 Ultimate", "rating": 0, "rating_count": 0, "price_usd": null, "type": "Audio & Video", "media_type": "CD/DVD"}, {"name": "ESET NOD32 Antivirus 2019 (1 Year Subscription) - 3 PCs", "rating": 0, "rating_count": 0, "price_usd": null, "type": "Antivirus", "media_type": "Download"}, {"name": "Adobe Acrobat Standard DC (1 Year Subscription)", "rating": 0, "rating_count": 0, "price_usd": 154.0, "type": "Office & Productivity", "media_type": "Download"}, {"name": "AVG Ultimate 2020 (1 Year Subscription) - 5 Devices", "rating": 0, "rating_count": 0, "price_usd": null, "type": "Internet Security", "media_type": "Product Key Card"}, {"name": "Microsoft Office 365 Personal (1 Year Subscription)", "rating": 3, "rating_count": 1, "price_usd": null, "type": "Office & Productivity", "media_type": "Product Key Card"}, {"name": "ESET Internet Security 2019 (1 Year Subscription)", "rating": 0, "rating_count": 0, "price_usd": null, "type": "Internet Security", "media_type": "Download"}, {"name": "Laplink PCmover Ultimate v11", "rating": 0, "rating_count": 0, "price_usd": 36.99, "type": "Backup", "media_type": "CD/DVD"}, {"name": "Symantec Norton 360 Deluxe (1 Year Subscription) - 3 Devices", "rating": 0, "rating_count": 0, "price_usd": null, "type": "Internet Security", "media_type": "Product Key Card"}, {"name": "Magix Movie Edit Pro 2020", "rating": 0, "rating_count": 0, "price_usd": 69.99, "type": "Audio & Video", "media_type": "Download"}, {"name": "Autodesk Revit (1 Year Subscription)", "rating": 0, "rating_count": 0, "price_usd": null, "type": "Design & Illustration", "media_type": "Download"}, {"name": "Acronis True Image 2020 (1 Year Subscription)", "rating": 0, "rating_count": 0, "price_usd": null, "type": "Backup", "media_type": "Product Key Card"}, {"name": "Symantec Norton Security Standard (1 Year Subscription)", "rating": 4, "rating_count": 2, "price_usd": null, "type": "Internet Security", "media_type": "CD/DVD"}, {"name": "ESET NOD32 Antivirus 2019 (1 Year Subscription) - 3 PCs", "rating": 0, "rating_count": 0, "price_usd": null, "type": "Antivirus", "media_type": "Product Key Card"}, {"name": "NordVPN Internet Privacy (18 Month Subscription) - 6 Devices", "rating": 0, "rating_count": 0, "price_usd": null, "type": "Internet Security", "media_type": "Download"}, {"name": "Adobe Photoshop & Premiere Elements 2019 - Mac", "rating": 0, "rating_count": 0, "price_usd": null, "type": "Design & Illustration", "media_type": "Download"}, {"name": "ESET Multi-Device Security (1 Year Subscription) - 5 PCs", "rating": 0, "rating_count": 0, "price_usd": 60.0, "type": "Internet Security", "media_type": "Download"}, {"name": "Microsoft Office Home for Student 2016 (Mac)", "rating": 0, "rating_count": 0, "price_usd": null, "type": "Office & Productivity", "media_type": "Product Key Card"}, {"name": "Cyberlink PowerDirector 14 Ultimate Suite", "rating": 0, "rating_count": 0, "price_usd": null, "type": "Audio & Video", "media_type": "CD/DVD"}, {"name": "AVG Ultimate 2019 (2 Year Subscription)", "rating": 0, "rating_count": 0, "price_usd": null, "type": "Internet Security", "media_type": "Product Key Card"}, {"name": "Laplink PCmover Express v11", "rating": 0, "rating_count": 0, "price_usd": 29.95, "type": "Backup", "media_type": "Download"}, {"name": "Corel PaintShop Pro 2020", "rating": 0, "rating_count": 0, "price_usd": null, "type": "Photography", "media_type": "Download"}, {"name": "Autodesk AutoCAD Inventor LT Suite (1 Year Subscription)", "rating": 0, "rating_count": 0, "price_usd": null, "type": "Design & Illustration", "media_type": "Download"}, {"name": "Magix VEGAS Pro 17 Edit", "rating": 0, "rating_count": 0, "price_usd": null, "type": "Audio & Video", "media_type": "Download"}, {"name": "Cyberlink Director Suite 365 (1 Year Subscription)", "rating": 0, "rating_count": 0, "price_usd": null, "type": "Audio & Video", "media_type": "Product Key Card"}, {"name": "Microsoft Project Standard 2019", "rating": 0, "rating_count": 0, "price_usd": 599.99, "type": "Office & Productivity", "media_type": "Product Key Card"}, {"name": "Bitdefender Antivirus Plus 2019 (2 Year Subscription) - 3 PC", "rating": 5, "rating_count": 2, "price_usd": 72.99, "type": "Antivirus", "media_type": "Product Key Card"}, {"name": "Microsoft Office Home & Student 2019 - 1 Device", "rating": 5, "rating_count": 1, "price_usd": 119.99, "type": "Office & Productivity", "media_type": "Product Key Card"}, {"name": "NordVPN Internet Privacy (2 Year Subscription)", "rating": 0, "rating_count": 0, "price_usd": 89.0, "type": "Internet Security", "media_type": "Download"}, {"name": "Microsoft Project Professional 2019", "rating": 0, "rating_count": 0, "price_usd": 999.99, "type": "Office & Productivity", "media_type": "Product Key Card"}, {"name": "Microsoft Office 365 Personal (1 Year Subscription) - 1 User", "rating": 0, "rating_count": 0, "price_usd": 43.99, "type": "Office & Productivity", "media_type": "Product Key Card"}, {"name": "Microsoft Office 365 Home (1 Year Subscription)", "rating": 0, "rating_count": 0, "price_usd": 99.99, "type": "Office & Productivity", "media_type": "Download"}, {"name": "Malwarebytes Anti-Malware 3.0 Premium (1 Year Subscription) - 3 PCs", "rating": 0, "rating_count": 0, "price_usd": 34.99, "type": "Antivirus", "media_type": "Download"}, {"name": "Microsoft Visio Professional 2019", "rating": 0, "rating_count": 0, "price_usd": 354.94, "type": "Office & Productivity", "media_type": "Product Key Card"}, {"name": "Adobe Photoshop Elements 2019", "rating": 0, "rating_count": 0, "price_usd": null, "type": "Design & Illustration", "media_type": "Download"}, {"name": "Acronis True Image 2019", "rating": 5, "rating_count": 2, "price_usd": 46.33, "type": "Backup", "media_type": "Product Key Card"}, {"name": "Microsoft Office Home & Business 2019 - 1 Device", "rating": 0, "rating_count": 0, "price_usd": 219.99, "type": "Office & Productivity", "media_type": "Product Key Card"}, {"name": "Symantec Norton 360 Deluxe (1 Year Subscription) - 5 Devices", "rating": 0, "rating_count": 0, "price_usd": 79.99, "type": "Internet Security", "media_type": "Product Key Card"}, {"name": "Adobe Photoshop & Premiere Elements 2019 - Mac & Windows", "rating": 0, "rating_count": 0, "price_usd": null, "type": "Design & Illustration", "media_type": "CD/DVD"}, {"name": "Microsoft Office Home & Business 2019 - 1 Device", "rating": 0, "rating_count": 0, "price_usd": 229.99, "type": "Office & Productivity", "media_type": "Product Key Card"}, {"name": "Bitdefender Internet Security 2019 (2 Year Subscription) - 3 Devices", "rating": 5, "rating_count": 1, "price_usd": 29.99, "type": "Internet Security", "media_type": "Product Key Card"}, {"name": "ESET NOD32 Antivirus 2019 (1 Year Subscription) - 5 PCs", "rating": 0, "rating_count": 0, "price_usd": null, "type": "Antivirus", "media_type": "Product Key Card"}, {"name": "Laplink SafeErase 8 (64-bit)", "rating": 0, "rating_count": 0, "price_usd": 19.95, "type": "Utilities", "media_type": "Download"}, {"name": "Adobe Photoshop & Premiere Elements 2019", "rating": 0, "rating_count": 0, "price_usd": null, "type": "Design & Illustration", "media_type": "Download"}, {"name": "Adobe Acrobat Pro DC for Windows & Mac (1 Year Subscription)", "rating": 0, "rating_count": 0, "price_usd": 178.88, "type": "Office & Productivity", "media_type": "Download"}, {"name": "Adobe Acrobat Pro 2017 for Mac", "rating": 0, "rating_count": 0, "price_usd": null, "type": "Office & Productivity", "media_type": "CD/DVD"}, {"name": "NordVPN Internet Privacy (1 Year Subscription) - 6 Devices", "rating": 0, "rating_count": 0, "price_usd": 59.0, "type": "Internet Security", "media_type": "Download"}, {"name": "McAfee Total Protection 2019 (1 Year Subscription) - 5 Devices", "rating": 0, "rating_count": 0, "price_usd": 29.99, "type": "Internet Security", "media_type": "Download"}, {"name": "Microsoft Office Home & Student 2019", "rating": 5, "rating_count": 1, "price_usd": null, "type": "Office & Productivity", "media_type": "Product Key Card"}, {"name": "McAfee Internet Security 2019 (1 Year Subscription) - 3 Devices", "rating": 0, "rating_count": 0, "price_usd": 24.99, "type": "Internet Security", "media_type": "Download"}, {"name": "Microsoft Office 365 Home (1 Year Subscription) - 6 Users", "rating": 5, "rating_count": 1, "price_usd": null, "type": "Office & Productivity", "media_type": "Product Key Card"}, {"name": "Magix Movie Edit Pro Premium 2020", "rating": 0, "rating_count": 0, "price_usd": 129.0, "type": "Audio & Video", "media_type": "Download"}, {"name": "Adobe Premiere Elements 2019", "rating": 0, "rating_count": 0, "price_usd": null, "type": "Audio & Video", "media_type": "Download"}, {"name": "Microsoft Office 365 Business Premium (1 Year Subscription) - 5 Devices", "rating": 0, "rating_count": 0, "price_usd": 149.99, "type": "Office & Productivity", "media_type": "Product Key Card"}, {"name": "Microsoft 365 Personal (1 Year Subscription) - 1 User", "rating": 0, "rating_count": 0, "price_usd": 64.99, "type": "Office & Productivity", "media_type": "Product Key Card"}, {"name": "Image Line FL Studio 12 Producer Edition", "rating": 0, "rating_count": 0, "price_usd": null, "type": "Audio & Video", "media_type": "CD/DVD"}, {"name": "Symantec Norton Security Standard (1 Year Subscription)", "rating": 4, "rating_count": 1, "price_usd": null, "type": "Internet Security", "media_type": "Download"}, {"name": "Adobe Photoshop Lightroom 6", "rating": 0, "rating_count": 0, "price_usd": null, "type": "Photography", "media_type": "CD/DVD"}, {"name": "ESET Smart Security Premium (1 Year Subscription)", "rating": 0, "rating_count": 0, "price_usd": null, "type": "Internet Security", "media_type": "Download"}, {"name": "Microsoft Visio Standard 2019", "rating": 0, "rating_count": 0, "price_usd": 249.99, "type": "Office & Productivity", "media_type": "Product Key Card"}, {"name": "Bitdefender Family Pack 2019 (2 Year Subscription) - Unlimited Devices", "rating": 5, "rating_count": 1, "price_usd": null, "type": "Antivirus", "media_type": "Product Key Card"}, {"name": "Microsoft Office 365 Home (1 Year Subscription)", "rating": 0, "rating_count": 0, "price_usd": null, "type": "Office & Productivity", "media_type": "Product Key Card"}, {"name": "Autodesk AutoCAD LT (1 Year Subscription)", "rating": 0, "rating_count": 0, "price_usd": null, "type": "Design & Illustration", "media_type": "Download"}, {"name": "Microsoft Office Home and Business 2013", "rating": 0, "rating_count": 0, "price_usd": null, "type": "Office & Productivity", "media_type": "Product Key Card"}, {"name": "Cyberlink PowerDVD 15 Ultra", "rating": 0, "rating_count": 0, "price_usd": null, "type": "Audio & Video", "media_type": "CD/DVD"}, {"name": "McAfee LiveSafe 2019", "rating": 0, "rating_count": 0, "price_usd": 49.99, "type": "Internet Security", "media_type": "Download"}, {"name": "AVG TuneUp 2020 (1 Year Subscription) - 5 Devices", "rating": 0, "rating_count": 0, "price_usd": 19.99, "type": "Utilities", "media_type": "Download"}, {"name": "Microsoft Office Home and Business 2016", "rating": 0, "rating_count": 0, "price_usd": null, "type": "Office & Productivity", "media_type": "Product Key Card"}, {"name": "McAfee Total Protection 2019 (1 Year Subscription) - 5 Devices", "rating": 0, "rating_count": 0, "price_usd": 29.99, "type": "Internet Security", "media_type": "Product Key Card"}, {"name": "Cyberlink PowerDirector 17 Ultimate", "rating": 0, "rating_count": 0, "price_usd": null, "type": "Audio & Video", "media_type": "CD/DVD"}, {"name": "Symantec Norton Security Deluxe (1 Year Subscription) - 5 Device", "rating": 4, "rating_count": 2, "price_usd": null, "type": "Internet Security", "media_type": "CD/DVD"}, {"name": "McAfee Internet Security 2019 (1 Year Subscription) - 3 Devices", "rating": 0, "rating_count": 0, "price_usd": 24.99, "type": "Internet Security", "media_type": "Product Key Card"}, {"name": "Adobe Acrobat Pro 2017", "rating": 0, "rating_count": 0, "price_usd": null, "type": "Office & Productivity", "media_type": "Download"}, {"name": "Corel PaintShop Pro 2020", "rating": 0, "rating_count": 0, "price_usd": 49.99, "type": "Photography", "media_type": "CD/DVD"}, {"name": "Microsoft Office 365 Personal (1 Year Subscription)", "rating": 0, "rating_count": 0, "price_usd": 69.99, "type": "Office & Productivity", "media_type": "Download"}, {"name": "Cyberlink PowerDirector 17 Ultimate", "rating": 5, "rating_count": 1, "price_usd": null, "type": "Audio & Video", "media_type": "Download"}, {"name": "Laplink SafeErase 8 (32-bit)", "rating": 0, "rating_count": 0, "price_usd": 19.95, "type": "Utilities", "media_type": "Download"}, {"name": "Magix VEGAS Pro 17", "rating": 0, "rating_count": 0, "price_usd": null, "type": "Audio & Video", "media_type": "Download"}, {"name": "Piriform CCleaner Professional", "rating": 5, "rating_count": 1, "price_usd": null, "type": "Utilities", "media_type": "Download"}, {"name": "Magix VEGAS Pro 17 Suite", "rating": 0, "rating_count": 0, "price_usd": null, "type": "Audio & Video", "media_type": "Download"}, {"name": "Malwarebytes Anti-Malware Premium (1 Year Subscription) - 3 PCs", "rating": 0, "rating_count": 0, "price_usd": null, "type": "Antivirus", "media_type": "Product Key Card"}, {"name": "Magix Movie Edit Pro Plus 2020", "rating": 0, "rating_count": 0, "price_usd": 99.99, "type": "Audio & Video", "media_type": "Download"}, {"name": "ESET Multi-Device Security (1 Year Subscription) - 3 PCs", "rating": 0, "rating_count": 0, "price_usd": 63.99, "type": "Internet Security", "media_type": "Download"}, {"name": "Adobe Premiere Elements 2019 - Mac & Windows", "rating": 0, "rating_count": 0, "price_usd": null, "type": "Audio & Video", "media_type": "Product Key Card"}, {"name": "AVG Ultimate 2020 (1 Year Subscription) - 1 PC", "rating": 0, "rating_count": 0, "price_usd": null, "type": "Internet Security", "media_type": "Product Key Card"}, {"name": "Autodesk Maya (1 Year Subscription)", "rating": 0, "rating_count": 0, "price_usd": null, "type": "Design & Illustration", "media_type": "Download"}, {"name": "Corel PDF Fusion", "rating": 0, "rating_count": 0, "price_usd": 63.34, "type": "Utilities", "media_type": "Download"}, {"name": "Microsoft Office 365 Personal (1 Year Subscription)", "rating": 0, "rating_count": 0, "price_usd": null, "type": "Office & Productivity", "media_type": "Product Key Card"}, {"name": "Adobe Photoshop Elements 2019 - Mac & Windows", "rating": 0, "rating_count": 0, "price_usd": null, "type": "Design & Illustration", "media_type": "CD/DVD"}, {"name": "Microsoft 365 Business Standard (1 Year Subscription) - 1 User", "rating": 0, "rating_count": 0, "price_usd": 134.99, "type": "Office & Productivity", "media_type": "Product Key Card"}, {"name": "Autodesk Fusion 360 (1 Year Subscription)", "rating": 0, "rating_count": 0, "price_usd": null, "type": "Design & Illustration", "media_type": "Download"}, {"name": "Microsoft 365 Family (1 Year Subscription) - 6 Users", "rating": 0, "rating_count": 0, "price_usd": 99.23, "type": "Office & Productivity", "media_type": "Product Key Card"}, {"name": "Microsoft Office Home and Student 2016", "rating": 0, "rating_count": 0, "price_usd": null, "type": "Office & Productivity", "media_type": "Download"}, {"name": "McAfee Antivirus 2019 (1 Year Subscription)", "rating": 0, "rating_count": 0, "price_usd": null, "type": "Antivirus", "media_type": "Product Key Card"}, {"name": "Symantec Norton 360 Standard (1 Year Subscription)", "rating": 0, "rating_count": 0, "price_usd": null, "type": "Internet Security", "media_type": "Product Key Card"}, {"name": "Laplink PCmover Professional v11 (2 Uses)", "rating": 0, "rating_count": 0, "price_usd": 69.95, "type": "Backup", "media_type": "Download"}, {"name": "Autodesk AutoCAD (1 Year Subscription)", "rating": 0, "rating_count": 0, "price_usd": null, "type": "Design & Illustration", "media_type": "Download"}, {"name": "Parallels Desktop 14 Pro Edition (1 Year Subscription)", "rating": 0, "rating_count": 0, "price_usd": 99.99, "type": "Office & Productivity", "media_type": "Product Key Card"}, {"name": "Cyberlink PowerDirector 17 Ultra", "rating": 0, "rating_count": 0, "price_usd": 119.0, "type": "Audio & Video", "media_type": "CD/DVD"}, {"name": "Autodesk 3ds Max (1 Year Subscription)", "rating": 0, "rating_count": 0, "price_usd": null, "type": "Design & Illustration", "media_type": "Download"}, {"name": "Pinnacle Studio 19 Ultimate", "rating": 0, "rating_count": 0, "price_usd": null, "type": "Audio & Video", "media_type": "CD/DVD"}, {"name": "ESET NOD32 Antivirus 2019 (1 Year Subscription) - 3 PCs", "rating": 0, "rating_count": 0, "price_usd": null, "type": "Antivirus", "media_type": "Download"}, {"name": "Adobe Acrobat Standard DC (1 Year Subscription)", "rating": 0, "rating_count": 0, "price_usd": 154.0, "type": "Office & Productivity", "media_type": "Download"}, {"name": "AVG Ultimate 2020 (1 Year Subscription) - 5 Devices", "rating": 0, "rating_count": 0, "price_usd": null, "type": "Internet Security", "media_type": "Product Key Card"}, {"name": "Microsoft Office 365 Personal (1 Year Subscription)", "rating": 3, "rating_count": 1, "price_usd": null, "type": "Office & Productivity", "media_type": "Product Key Card"}, {"name": "ESET Internet Security 2019 (1 Year Subscription)", "rating": 0, "rating_count": 0, "price_usd": null, "type": "Internet Security", "media_type": "Download"}, {"name": "Laplink PCmover Ultimate v11", "rating": 0, "rating_count": 0, "price_usd": 36.99, "type": "Backup", "media_type": "CD/DVD"}, {"name": "Symantec Norton 360 Deluxe (1 Year Subscription) - 3 Devices", "rating": 0, "rating_count": 0, "price_usd": null, "type": "Internet Security", "media_type": "Product Key Card"}, {"name": "Magix Movie Edit Pro 2020", "rating": 0, "rating_count": 0, "price_usd": 69.99, "type": "Audio & Video", "media_type": "Download"}, {"name": "Autodesk Revit (1 Year Subscription)", "rating": 0, "rating_count": 0, "price_usd": null, "type": "Design & Illustration", "media_type": "Download"}, {"name": "Acronis True Image 2020 (1 Year Subscription)", "rating": 0, "rating_count": 0, "price_usd": null, "type": "Backup", "media_type": "Product Key Card"}, {"name": "Symantec Norton Security Standard (1 Year Subscription)", "rating": 4, "rating_count": 2, "price_usd": null, "type": "Internet Security", "media_type": "CD/DVD"}, {"name": "ESET NOD32 Antivirus 2019 (1 Year Subscription) - 3 PCs", "rating": 0, "rating_count": 0, "price_usd": null, "type": "Antivirus", "media_type": "Product Key Card"}, {"name": "NordVPN Internet Privacy (18 Month Subscription) - 6 Devices", "rating": 0, "rating_count": 0, "price_usd": null, "type": "Internet Security", "media_type": "Download"}, {"name": "Adobe Photoshop & Premiere Elements 2019 - Mac", "rating": 0, "rating_count": 0, "price_usd": null, "type": "Design & Illustration", "media_type": "Download"}, {"name": "ESET Multi-Device Security (1 Year Subscription) - 5 PCs", "rating": 0, "rating_count": 0, "price_usd": 60.0, "type": "Internet Security", "media_type": "Download"}, {"name": "Microsoft Office Home for Student 2016 (Mac)", "rating": 0, "rating_count": 0, "price_usd": null, "type": "Office & Productivity", "media_type": "Product Key Card"}, {"name": "Cyberlink PowerDirector 14 Ultimate Suite", "rating": 0, "rating_count": 0, "price_usd": null, "type": "Audio & Video", "media_type": "CD/DVD"}, {"name": "AVG Ultimate 2019 (2 Year Subscription)", "rating": 0, "rating_count": 0, "price_usd": null, "type": "Internet Security", "media_type": "Product Key Card"}, {"name": "Laplink PCmover Express v11", "rating": 0, "rating_count": 0, "price_usd": 29.95, "type": "Backup", "media_type": "Download"}, {"name": "Corel PaintShop Pro 2020", "rating": 0, "rating_count": 0, "price_usd": null, "type": "Photography", "media_type": "Download"}, {"name": "Autodesk AutoCAD Inventor LT Suite (1 Year Subscription)", "rating": 0, "rating_count": 0, "price_usd": null, "type": "Design & Illustration", "media_type": "Download"}, {"name": "Magix VEGAS Pro 17 Edit", "rating": 0, "rating_count": 0, "price_usd": null, "type": "Audio & Video", "media_type": "Download"}, {"name": "Cyberlink Director Suite 365 (1 Year Subscription)", "rating": 0, "rating_count": 0, "price_usd": null, "type": "Audio & Video", "media_type": "Product Key Card"}]