[{"name": "Creative Labs Sound Blaster Audigy Rx", "rating": 4, "rating_count": 10, "price_usd": 59.99, "channels": "7.1", "digital_audio": "24-bit", "snr": "106 dB", "sample_rate": "192 kHz", "chipset": null, "interface": "PCIe x1"}, {"name": "Asus Essence STX II", "rating": 5, "rating_count": 5, "price_usd": 349.99, "channels": "2.0", "digital_audio": "24-bit", "snr": "124 dB", "sample_rate": "192 kHz", "chipset": "ASUS AV100", "interface": "PCIe x1"}, {"name": "Asus Xonar SE", "rating": 5, "rating_count": 1, "price_usd": 39.99, "channels": "5.1", "digital_audio": "24-bit", "snr": "120 dB", "sample_rate": "192 kHz", "chipset": null, "interface": "PCIe x1"}, {"name": "Creative Labs Z PCIe", "rating": 4, "rating_count": 34, "price_usd": 79.99, "channels": "5.1", "digital_audio": "24-bit", "snr": "116 dB", "sample_rate": "96 kHz", "chipset": null, "interface": "PCIe x1"}, {"name": "Asus STRIX SOAR", "rating": 4, "rating_count": 2, "price_usd": 126.88, "channels": "7.1", "digital_audio": "24-bit", "snr": "116 dB", "sample_rate": "192 kHz", "chipset": null, "interface": "PCIe x1"}, {"name": "Creative Labs Sound BlasterX AE-5 Plus", "rating": 4, "rating_count": 7, "price_usd": 142.49, "channels": "2.0", "digital_audio": null, "snr": null, "sample_rate": null, "chipset": null, "interface": "PCIe x1"}, {"name": "Creative Labs Sound Blaster AE-7", "rating": 0, "rating_count": 0, "price_usd": 217.98, "channels": "5.1", "digital_audio": "32-bit", "snr": "127 dB", "sample_rate": "384 kHz", "chipset": "Sound Core3D", "interface": "PCIe x1"}, {"name": "Asus STRIX RAID DLX", "rating": 0, "rating_count": 0, "price_usd": 219.99, "channels": "7.1", "digital_audio": "24-bit", "snr": "124 dB", "sample_rate": "192 kHz", "chipset": null, "interface": "PCIe x1"}, {"name": "Creative Labs Sound Blaster Audigy Fx", "rating": 4, "rating_count": 2, "price_usd": 49.99, "channels": "5.1", "digital_audio": null, "snr": "106 dB", "sample_rate": "192 kHz", "chipset": null, "interface": "PCIe x1"}, {"name": "EVGA NU", "rating": 5, "rating_count": 1, "price_usd": 159.09, "channels": "5.1", "digital_audio": "24-bit", "snr": "123 dB", "sample_rate": "192 kHz", "chipset": null, "interface": "PCIe x1"}, {"name": "Creative Labs 70SB157000000", "rating": 4, "rating_count": 3, "price_usd": 39.99, "channels": "5.1", "digital_audio": null, "snr": "106 dB", "sample_rate": null, "chipset": null, "interface": "PCIe x1"}, {"name": "Asus Xonar Essence STX", "rating": 4, "rating_count": 18, "price_usd": null, "channels": "7.1", "digital_audio": "24-bit", "snr": "124 dB", "sample_rate": "192 kHz", "chipset": "ASUS AV100", "interface": "PCIe x1"}, {"name": "Asus Xonar AE", "rating": 0, "rating_count": 0, "price_usd": 69.99, "channels": "7.1", "digital_audio": "24-bit", "snr": "110 dB", "sample_rate": "192 kHz", "chipset": null, "interface": "PCIe x1"}, {"name": "Creative Labs Sound Blaster Zx", "rating": 4, "rating_count": 22, "price_usd": null, "channels": "5.1", "digital_audio": "24-bit", "snr": "116 dB", "sample_rate": "192 kHz", "chipset": null, "interface": "PCIe x1"}, {"name": "Asus Essence STX II 7.1", "rating": 0, "rating_count": 0, "price_usd": null, "channels": "7.1", "digital_audio": "24-bit", "snr": "124 dB", "sample_rate": "192 kHz", "chipset": "ASUS AV100", "interface": "PCIe x1"}, {"name": "EVGA NU AUDIO PRO", "rating": 0, "rating_count": 0, "price_usd": null, "channels": "2.0", "digital_audio": "32-bit", "snr": "123 dB", "sample_rate": "384 kHz", "chipset": null, "interface": "PCIe x1"}, {"name": "Encore ENM232-6VIA", "rating": 0, "rating_count": 0, "price_usd": 28.0, "channels": "5.1", "digital_audio": "24-bit", "snr": null, "sample_rate": "96 kHz", "chipset": "VIA VT1723", "interface": "PCI"}, {"name": "HT Omega eClaro", "rating": 5, "rating_count": 1, "price_usd": 184.99, "channels": "7.1", "digital_audio": "24-bit", "snr": null, "sample_rate": "192 kHz", "chipset": "C-Media CMI8788", "interface": "PCIe x1"}, {"name": "Asus Xonar DGX", "rating": 4, "rating_count": 27, "price_usd": null, "channels": "5.1", "digital_audio": "24-bit", "snr": "105 dB", "sample_rate": "96 kHz", "chipset": "C-Media CMI8786", "interface": "PCIe x1"}, {"name": "Asus Xonar DX", "rating": 4, "rating_count": 20, "price_usd": null, "channels": "7.1", "digital_audio": "24-bit", "snr": "116 dB", "sample_rate": "192 kHz", "chipset": "ASUS AV100", "interface": "PCIe x1"}, {"name": "Asus STRIX RAID PRO", "rating": 0, "rating_count": 0, "price_usd": null, "channels": "7.1", "digital_audio": "24-bit", "snr": "116 dB", "sample_rate": "192 kHz", "chipset": null, "interface": "PCIe x1"}, {"name": "Creative Labs ZXR", "rating": 4, "rating_count": 8, "price_usd": null, "channels": "5.1", "digital_audio": "24-bit", "snr": "124 dB", "sample_rate": "192 kHz", "chipset": null, "interface": "PCIe x1"}, {"name": "Creative Labs Sound Blaster Z 70SB150200000", "rating": 4, "rating_count": 8, "price_usd": null, "channels": "5.1", "digital_audio": "24-bit", "snr": "116 dB", "sample_rate": "192 kHz", "chipset": null, "interface": "PCIe x1"}, {"name": "Creative Labs Sound Blaster X-Fi Titanium HD", "rating": 4, "rating_count": 9, "price_usd": null, "channels": "7.1", "digital_audio": "24-bit", "snr": "122 dB", "sample_rate": "96 kHz", "chipset": "X-Fi", "interface": "PCIe x1"}, {"name": "Asus Xonar DG", "rating": 4, "rating_count": 33, "price_usd": null, "channels": "5.1", "digital_audio": "24-bit", "snr": "105 dB", "sample_rate": "96 kHz", "chipset": "C-Media CMI8786", "interface": "PCI"}, {"name": "Asus Xonar Phoebus", "rating": 3, "rating_count": 5, "price_usd": null, "channels": "7.1", "digital_audio": "24-bit", "snr": "118 dB", "sample_rate": "96 kHz", "chipset": "C-Media CMI8888DHT", "interface": "PCIe x1"}, {"name": "Creative Labs Sound Blaster Z 30SB150200000 OEM", "rating": 4, "rating_count": 4, "price_usd": null, "channels": "5.1", "digital_audio": "24-bit", "snr": "116 dB", "sample_rate": "192 kHz", "chipset": null, "interface": "PCIe x1"}, {"name": "Creative Labs Recon3D Fatal1ty Professional", "rating": 4, "rating_count": 4, "price_usd": null, "channels": "5.1", "digital_audio": "24-bit", "snr": "102 dB", "sample_rate": "96 kHz", "chipset": "Sound Core3D", "interface": "PCIe x1"}, {"name": "Creative Labs Sound Blaster Audigy2 ZS", "rating": 0, "rating_count": 0, "price_usd": 175.27, "channels": "5.1", "digital_audio": "24-bit", "snr": null, "sample_rate": "192 kHz", "chipset": "Audigy2", "interface": "PCI"}, {"name": "Creative Labs Sound Blaster X-Fi Xtreme Audio", "rating": 5, "rating_count": 1, "price_usd": null, "channels": "7.1", "digital_audio": "24-bit", "snr": "108 dB", "sample_rate": "96 kHz", "chipset": null, "interface": "PCI"}, {"name": "Asus Xonar DSX", "rating": 4, "rating_count": 13, "price_usd": null, "channels": "7.1", "digital_audio": "24-bit", "snr": "107 dB", "sample_rate": "192 kHz", "chipset": "ASUS AV66", "interface": "PCIe x1"}, {"name": "Creative Labs Sound Blaster X-Fi Xtreme Audio", "rating": 2, "rating_count": 2, "price_usd": null, "channels": "7.1", "digital_audio": "24-bit", "snr": "100 dB", "sample_rate": "96 kHz", "chipset": null, "interface": "PCIe x1"}, {"name": "Creative Labs Recon3D PCIe", "rating": 4, "rating_count": 5, "price_usd": null, "channels": "5.1", "digital_audio": "24-bit", "snr": "102 dB", "sample_rate": "96 kHz", "chipset": "Sound Core3D", "interface": "PCIe x1"}, {"name": "Creative Labs SB X-Fi Xtreme Audio", "rating": 4, "rating_count": 2, "price_usd": null, "channels": "7.1", "digital_audio": "24-bit", "snr": "100 dB", "sample_rate": "96 kHz", "chipset": null, "interface": "PCIe x1"}, {"name": "StarTech PCISOUND4CH", "rating": 0, "rating_count": 0, "price_usd": 61.59, "channels": "4.0", "digital_audio": "16-bit", "snr": null, "sample_rate": "48 kHz", "chipset": "C-Media CMI8738", "interface": "PCI"}, {"name": "Creative Labs Recon3D Fatal1ty Champion", "rating": 4, "rating_count": 1, "price_usd": null, "channels": "5.1", "digital_audio": "24-bit", "snr": "102 dB", "sample_rate": "96 kHz", "chipset": "Sound Core3D", "interface": "PCIe x1"}, {"name": "Creative Labs Audigy SE", "rating": 3, "rating_count": 5, "price_usd": 87.59, "channels": "7.1", "digital_audio": "24-bit", "snr": "100 dB", "sample_rate": "96 kHz", "chipset": null, "interface": "PCI"}, {"name": "Asus Xonar Essence ST", "rating": 5, "rating_count": 1, "price_usd": null, "channels": "7.1", "digital_audio": "24-bit", "snr": "124 dB", "sample_rate": "192 kHz", "chipset": "ASUS AV100", "interface": "PCI"}, {"name": "PowerColor DEVIL HDX 7.1", "rating": 0, "rating_count": 0, "price_usd": null, "channels": "7.1", "digital_audio": null, "snr": "124 dB", "sample_rate": "192 kHz", "chipset": null, "interface": "PCIe x1"}, {"name": "Creative Labs Sound Blaster X-Fi SB0670", "rating": 0, "rating_count": 0, "price_usd": null, "channels": "7.1", "digital_audio": "24-bit", "snr": "109 dB", "sample_rate": "192 kHz", "chipset": null, "interface": "PCI"}, {"name": "Creative Labs AUDIGY RX", "rating": 0, "rating_count": 0, "price_usd": null, "channels": "7.1", "digital_audio": "24-bit", "snr": null, "sample_rate": "192 kHz", "chipset": null, "interface": "PCIe x1"}, {"name": "StarTech PCISOUND4LP", "rating": 0, "rating_count": 0, "price_usd": null, "channels": "4.0", "digital_audio": "16-bit", "snr": null, "sample_rate": "48 kHz", "chipset": "C-Media CMI8738", "interface": "PCI"}, {"name": "SIIG DP SoundWave", "rating": 0, "rating_count": 0, "price_usd": null, "channels": "5.1", "digital_audio": "24-bit", "snr": null, "sample_rate": null, "chipset": null, "interface": "PCIe x1"}, {"name": "Diamond XtremeSound XS71", "rating": 0, "rating_count": 0, "price_usd": 112.31, "channels": "7.1", "digital_audio": "16-bit", "snr": null, "sample_rate": "96 kHz", "chipset": null, "interface": "PCI"}, {"name": "Asus Xonar Essence", "rating": 4, "rating_count": 1, "price_usd": null, "channels": "7.1", "digital_audio": "24-bit", "snr": "124 dB", "sample_rate": "192 kHz", "chipset": "ASUS AV100", "interface": "PCI"}, {"name": "M-Audio Audiophile 192", "rating": 0, "rating_count": 0, "price_usd": null, "channels": "4.0", "digital_audio": "24-bit", "snr": null, "sample_rate": "192 kHz", "chipset": null, "interface": "PCI"}, {"name": "Creative Labs 70SB135A00002", "rating": 1, "rating_count": 1, "price_usd": null, "channels": "5.1", "digital_audio": "24-bit", "snr": "102 dB", "sample_rate": "96 kHz", "chipset": "Sound Core3D", "interface": "PCIe x1"}, {"name": "StarTech PCISOUND5CH", "rating": 5, "rating_count": 1, "price_usd": null, "channels": "5.1", "digital_audio": "24-bit", "snr": null, "sample_rate": "48 kHz", "chipset": "C-Media CMI8738", "interface": "PCI"}, {"name": "Creative Labs Audigy SE", "rating": 4, "rating_count": 5, "price_usd": null, "channels": "7.1", "digital_audio": "24-bit", "snr": null, "sample_rate": "96 kHz", "chipset": "Audigy SE", "interface": "PCI"}, {"name": "HT Omega CLARO II", "rating": 0, "rating_count": 0, "price_usd": null, "channels": "7.1", "digital_audio": "24-bit", "snr": "120 dB", "sample_rate": "192 kHz", "chipset": "C-Media CMI8788", "interface": "PCI"}, {"name": "Rosewill RC-701", "rating": 3, "rating_count": 1, "price_usd": null, "channels": "5.1", "digital_audio": null, "snr": null, "sample_rate": null, "chipset": "C-Media CMI8738", "interface": "PCI"}, {"name": "HT Omega Claro Halo XT", "rating": 0, "rating_count": 0, "price_usd": null, "channels": "7.1", "digital_audio": "24-bit", "snr": null, "sample_rate": "192 kHz", "chipset": "C-Media CMI8788", "interface": "PCI"}, {"name": "Asus Xonar DS", "rating": 0, "rating_count": 0, "price_usd": null, "channels": "7.1", "digital_audio": "24-bit", "snr": "107 dB", "sample_rate": "192 kHz", "chipset": "ASUS AV200", "interface": "PCI"}, {"name": "Rosewill RC-703", "rating": 0, "rating_count": 0, "price_usd": null, "channels": "7.1", "digital_audio": null, "snr": null, "sample_rate": "44.1 kHz", "chipset": null, "interface": "PCIe x1"}, {"name": "SIIG IC-510111-S2", "rating": 0, "rating_count": 0, "price_usd": null, "channels": "5.1", "digital_audio": "24-bit", "snr": "90 dB", "sample_rate": "96 kHz", "chipset": "VIA VT1723", "interface": "PCIe x1"}, {"name": "Diamond XtremeSound XS51", "rating": 0, "rating_count": 0, "price_usd": null, "channels": "5.1", "digital_audio": "16-bit", "snr": null, "sample_rate": "48 kHz", "chipset": null, "interface": "PCI"}, {"name": "PPA International 1431v", "rating": 0, "rating_count": 0, "price_usd": null, "channels": "5.1", "digital_audio": "16-bit", "snr": null, "sample_rate": null, "chipset": null, "interface": "PCI"}, {"name": "HT Omega STRIKER", "rating": 0, "rating_count": 0, "price_usd": null, "channels": "7.1", "digital_audio": null, "snr": null, "sample_rate": null, "chipset": "C-Media CMI8770", "interface": "PCI"}, {"name": "Vantec UGT-S100", "rating": 5, "rating_count": 1, "price_usd": null, "channels": "7.1", "digital_audio": null, "snr": null, "sample_rate": "48 kHz", "chipset": null, "interface": "PCI"}, {"name": "Asus Xonar D1", "rating": 4, "rating_count": 5, "price_usd": null, "channels": "7.1", "digital_audio": "24-bit", "snr": "116 dB", "sample_rate": "192 kHz", "chipset": "ASUS AV100", "interface": "PCI"}, {"name": "Encore ENM232-8VIA", "rating": 0, "rating_count": 0, "price_usd": null, "channels": "7.1", "digital_audio": "24-bit", "snr": null, "sample_rate": "96 kHz", "chipset": "VIA VT1723", "interface": "PCI"}, {"name": "HT Omega Claro Halo", "rating": 5, "rating_count": 1, "price_usd": null, "channels": "5.1", "digital_audio": "24-bit", "snr": null, "sample_rate": "192 kHz", "chipset": "C-Media CMI8788", "interface": "PCI"}, {"name": "Rosewill RC-702", "rating": 0, "rating_count": 0, "price_usd": null, "channels": "7.1", "digital_audio": "16-bit", "snr": null, "sample_rate": "96 kHz", "chipset": "C-Media CMI8768", "interface": "PCI"}, {"name": "Asus Xonar DS", "rating": 5, "rating_count": 1, "price_usd": null, "channels": "7.1", "digital_audio": "24-bit", "snr": "107 dB", "sample_rate": "192 kHz", "chipset": "ASUS AV200", "interface": "PCI"}, {"name": "SIIG LP-000022-S2", "rating": 0, "rating_count": 0, "price_usd": null, "channels": "5.1", "digital_audio": "24-bit", "snr": "90 dB", "sample_rate": "96 kHz", "chipset": "VIA VT1723", "interface": "PCI"}, {"name": "Turtle Beach TBS-3429", "rating": 0, "rating_count": 0, "price_usd": null, "channels": "5.1", "digital_audio": "24-bit", "snr": null, "sample_rate": "48 kHz", "chipset": null, "interface": "PCI"}, {"name": "M-Audio US41500C", "rating": 0, "rating_count": 0, "price_usd": null, "channels": "2.0", "digital_audio": "24-bit", "snr": "104 dB", "sample_rate": "96 kHz", "chipset": null, "interface": "PCI"}, {"name": "SIIG IC-510012-S2", "rating": 4, "rating_count": 1, "price_usd": null, "channels": "5.1", "digital_audio": "16-bit", "snr": "68 dB", "sample_rate": null, "chipset": null, "interface": "PCI"}, {"name": "SIIG IC-710012-S2", "rating": 0, "rating_count": 0, "price_usd": null, "channels": "7.1", "digital_audio": "24-bit", "snr": "92 dB", "sample_rate": "96 kHz", "chipset": null, "interface": "PCI"}, {"name": "Syba SD-PEX63034", "rating": 0, "rating_count": 0, "price_usd": null, "channels": "7.1", "digital_audio": "24-bit", "snr": null, "sample_rate": "48 kHz", "chipset": null, "interface": "PCIe x1"}, {"name": "HT Omega FENIX", "rating": 0, "rating_count": 0, "price_usd": null, "channels": "7.1", "digital_audio": "24-bit", "snr": null, "sample_rate": "192 kHz", "chipset": null, "interface": "PCIe x1"}]