[{"name": "Logitech Z-2300", "rating": 5, "rating_count": 2, "price_usd": null, "configuration": "2.1", "total_wattage": "200 W", "frequency_response": null, "color": null}, {"name": "Logitech THX Z-5300e", "rating": 5, "rating_count": 2, "price_usd": 1358.06, "configuration": "5.1", "total_wattage": "280 W", "frequency_response": "35 Hz - 20 kHz", "color": null}, {"name": "Logitech G560", "rating": 4, "rating_count": 10, "price_usd": 199.99, "configuration": "2.1", "total_wattage": "120 W", "frequency_response": "40 Hz - 18 kHz", "color": "Black"}, {"name": "Razer NOMMO CHROMA", "rating": 4, "rating_count": 7, "price_usd": 149.99, "configuration": "2.0", "total_wattage": "0 W", "frequency_response": "20 Hz - 20 kHz", "color": "Black"}, {"name": "Logitech Z906", "rating": 4, "rating_count": 28, "price_usd": 299.99, "configuration": "5.1", "total_wattage": "500 W", "frequency_response": "35 Hz - 20 kHz", "color": null}, {"name": "Logitech Z333", "rating": 4, "rating_count": 22, "price_usd": 54.38, "configuration": "2.1", "total_wattage": "40 W", "frequency_response": "55 Hz - 20 kHz", "color": null}, {"name": "Logitech Z213", "rating": 4, "rating_count": 30, "price_usd": 26.99, "configuration": "2.1", "total_wattage": "7 W", "frequency_response": "65 Hz - 20 kHz", "color": null}, {"name": "Creative Labs Pebble 2.0", "rating": 4, "rating_count": 11, "price_usd": 22.98, "configuration": "2.0", "total_wattage": "4.4 W", "frequency_response": "100 Hz - 17 kHz", "color": "White"}, {"name": "Creative Labs Pebble 2.0", "rating": 4, "rating_count": 8, "price_usd": 22.98, "configuration": "2.0", "total_wattage": "4.4 W", "frequency_response": "100 Hz - 17 kHz", "color": "Black"}, {"name": "Bose Companion 2 Series III", "rating": 4, "rating_count": 28, "price_usd": 99.0, "configuration": "2.0", "total_wattage": "0 W", "frequency_response": null, "color": null}, {"name": "Razer Leviathan", "rating": 4, "rating_count": 6, "price_usd": 199.99, "configuration": "5.1", "total_wattage": "60 W", "frequency_response": "180 Hz - 20 kHz", "color": null}, {"name": "Logitech S120", "rating": 3, "rating_count": 31, "price_usd": 9.99, "configuration": "2.0", "total_wattage": "2.3 W", "frequency_response": "50 Hz - 20 kHz", "color": null}, {"name": "KEF LSXWH", "rating": 0, "rating_count": 0, "price_usd": 999.98, "configuration": "2.0", "total_wattage": "200 W", "frequency_response": "49 Hz - 47 kHz", "color": "White / Black"}, {"name": "Logitech Z623", "rating": 4, "rating_count": 73, "price_usd": 119.99, "configuration": "2.1", "total_wattage": "200 W", "frequency_response": "35 Hz - 20 kHz", "color": null}, {"name": "Logitech Z207 (Black)", "rating": 4, "rating_count": 3, "price_usd": 43.99, "configuration": "2.0", "total_wattage": "0.01 W", "frequency_response": null, "color": "Black"}, {"name": "Klipsch ProMedia 2.1", "rating": 4, "rating_count": 29, "price_usd": 137.38, "configuration": "2.1", "total_wattage": "120 W", "frequency_response": "31 Hz - 20 kHz", "color": null}, {"name": "KEF LSXBL", "rating": 0, "rating_count": 0, "price_usd": 999.99, "configuration": "2.0", "total_wattage": "200 W", "frequency_response": "49 Hz - 47 kHz", "color": "Black"}, {"name": "Logitech Z323", "rating": 4, "rating_count": 35, "price_usd": 49.99, "configuration": "2.1", "total_wattage": "30 W", "frequency_response": "55 Hz - 20 kHz", "color": null}, {"name": "Logitech Z313", "rating": 4, "rating_count": 90, "price_usd": 39.99, "configuration": "2.1", "total_wattage": "25 W", "frequency_response": "48 Hz - 20 kHz", "color": null}, {"name": "Creative Labs Sound BlasterX Katana", "rating": 3, "rating_count": 4, "price_usd": 229.99, "configuration": "2.1", "total_wattage": "0 W", "frequency_response": null, "color": null}, {"name": "Creative Labs Pebble V2", "rating": 4, "rating_count": 2, "price_usd": 31.98, "configuration": "2.0", "total_wattage": "8 W", "frequency_response": "100 Hz - 17 kHz", "color": "Black / Copper"}, {"name": "Audioengine A5+ Black", "rating": 5, "rating_count": 5, "price_usd": 399.0, "configuration": "2.0", "total_wattage": "100 W", "frequency_response": "50 Hz - 22 kHz", "color": null}, {"name": "Razer NOMMO PRO", "rating": 4, "rating_count": 1, "price_usd": null, "configuration": "2.1", "total_wattage": "0 W", "frequency_response": "35 Hz - 20 kHz", "color": "Black"}, {"name": "Logitech Z337 w/BlueTooth", "rating": 4, "rating_count": 3, "price_usd": 79.99, "configuration": "2.1", "total_wattage": "40 W", "frequency_response": null, "color": null}, {"name": "Logitech Z150", "rating": 4, "rating_count": 13, "price_usd": 18.99, "configuration": "2.0", "total_wattage": "0 W", "frequency_response": null, "color": null}, {"name": "Logitech Z625", "rating": 5, "rating_count": 8, "price_usd": 145.57, "configuration": "2.1", "total_wattage": "200 W", "frequency_response": null, "color": null}, {"name": "Audioengine A2+W", "rating": 4, "rating_count": 4, "price_usd": null, "configuration": "2.0", "total_wattage": "60 W", "frequency_response": "65 Hz - 22 kHz", "color": null}, {"name": "Klipsch R-51PM", "rating": 5, "rating_count": 2, "price_usd": 460.0, "configuration": "2.0", "total_wattage": "120 W", "frequency_response": "68 Hz - 21 kHz", "color": "Black"}, {"name": "Logitech Z207 (White)", "rating": 0, "rating_count": 0, "price_usd": null, "configuration": "2.0", "total_wattage": "0.01 W", "frequency_response": null, "color": "White"}, {"name": "Bose Companion 20", "rating": 4, "rating_count": 5, "price_usd": 249.0, "configuration": "2.0", "total_wattage": "0 W", "frequency_response": null, "color": null}, {"name": "Edifier R1700BT", "rating": 4, "rating_count": 2, "price_usd": 149.99, "configuration": "2.0", "total_wattage": "66 W", "frequency_response": "60 Hz - 20 kHz", "color": "Black / Brown"}, {"name": "Edifier S760D", "rating": 0, "rating_count": 0, "price_usd": 899.99, "configuration": "5.1", "total_wattage": "540 W", "frequency_response": "42 Hz - 20 kHz", "color": "Black / Silver"}, {"name": "Kanto YU2MW", "rating": 0, "rating_count": 0, "price_usd": 219.99, "configuration": "2.0", "total_wattage": "50 W", "frequency_response": "80 Hz - 20 kHz", "color": "White / Black"}, {"name": "Cyber Acoustics CA-2016WB", "rating": 4, "rating_count": 3, "price_usd": 12.99, "configuration": "2.0", "total_wattage": "3 W", "frequency_response": "260 Hz - 20 kHz", "color": null}, {"name": "Creative Labs GigaWorks T20 Series II", "rating": 4, "rating_count": 15, "price_usd": 69.97, "configuration": "2.0", "total_wattage": "28 W", "frequency_response": "50 Hz - 20 kHz", "color": null}, {"name": "Edifier S1000DB", "rating": 0, "rating_count": 0, "price_usd": 349.99, "configuration": "2.0", "total_wattage": "120 W", "frequency_response": "48 Hz - 20 kHz", "color": "Brown / Black"}, {"name": "Logitech Z120", "rating": 0, "rating_count": 0, "price_usd": 47.66, "configuration": "2.0", "total_wattage": "0 W", "frequency_response": null, "color": null}, {"name": "Logitech Z506", "rating": 4, "rating_count": 71, "price_usd": null, "configuration": "5.1", "total_wattage": "155 W", "frequency_response": "45 Hz - 20 kHz", "color": null}, {"name": "Logitech Z130", "rating": 4, "rating_count": 22, "price_usd": 19.99, "configuration": "2.0", "total_wattage": "5 W", "frequency_response": "140 Hz - 18 kHz", "color": null}, {"name": "Audioengine A5+ Bamboo", "rating": 5, "rating_count": 1, "price_usd": 656.6, "configuration": "2.0", "total_wattage": "100 W", "frequency_response": "50 Hz - 22 kHz", "color": null}, {"name": "Logitech Z533", "rating": 4, "rating_count": 9, "price_usd": 79.99, "configuration": "2.1", "total_wattage": "60 W", "frequency_response": "55 Hz - 20 kHz", "color": null}, {"name": "Yamaha HS8 W", "rating": 0, "rating_count": 0, "price_usd": 369.99, "configuration": "1.0", "total_wattage": "120 W", "frequency_response": "38 Hz - 30 kHz", "color": null}, {"name": "Logitech S-150", "rating": 3, "rating_count": 9, "price_usd": 12.88, "configuration": "2.0", "total_wattage": "1.2 W", "frequency_response": "90 Hz - 20 kHz", "color": null}, {"name": "KRK VXT 6", "rating": 0, "rating_count": 0, "price_usd": null, "configuration": "2.0", "total_wattage": "180 W", "frequency_response": "49 Hz - 22 kHz", "color": null}, {"name": "AmazonBasics U213", "rating": 4, "rating_count": 2, "price_usd": null, "configuration": "2.0", "total_wattage": "2.2 W", "frequency_response": "103 Hz - 20 kHz", "color": "Black"}, {"name": "Kanto YU2MB", "rating": 0, "rating_count": 0, "price_usd": 219.99, "configuration": "2.0", "total_wattage": "50 W", "frequency_response": "80 Hz - 20 kHz", "color": "Black"}, {"name": "Creative Labs GigaWorks T40 Series II", "rating": 4, "rating_count": 8, "price_usd": 99.99, "configuration": "2.0", "total_wattage": "32 W", "frequency_response": "50 Hz - 20 kHz", "color": null}, {"name": "Razer Nommo", "rating": 4, "rating_count": 2, "price_usd": null, "configuration": "2.0", "total_wattage": "0 W", "frequency_response": "50 Hz - 20 kHz", "color": "Black"}, {"name": "Edifier S350DB", "rating": 0, "rating_count": 0, "price_usd": 299.99, "configuration": "2.1", "total_wattage": "150 W", "frequency_response": "40 Hz - 20 kHz", "color": "Black / Brown"}, {"name": "PreSonus Eris E4.5", "rating": 5, "rating_count": 1, "price_usd": 199.95, "configuration": "2.0", "total_wattage": "50 W", "frequency_response": "70 Hz - 20 kHz", "color": null}, {"name": "Yamaha HS7", "rating": 0, "rating_count": 0, "price_usd": null, "configuration": "2.0", "total_wattage": "95 W", "frequency_response": "43 Hz - 30 kHz", "color": null}, {"name": "Audioengine A2+B", "rating": 0, "rating_count": 0, "price_usd": null, "configuration": "2.0", "total_wattage": "60 W", "frequency_response": "65 Hz - 22 kHz", "color": null}, {"name": "Corsair Gaming Audio Series SP2500", "rating": 4, "rating_count": 13, "price_usd": null, "configuration": "2.1", "total_wattage": "232 W", "frequency_response": "35 Hz - 20 kHz", "color": null}, {"name": "Harman Kardon SoundSticks III", "rating": 4, "rating_count": 8, "price_usd": 149.99, "configuration": "2.1", "total_wattage": "40 W", "frequency_response": "44 Hz - 20 kHz", "color": null}, {"name": "Creative Labs Inspire T10", "rating": 4, "rating_count": 9, "price_usd": 44.37, "configuration": "2.0", "total_wattage": "10 W", "frequency_response": "80 Hz - 20 kHz", "color": null}, {"name": "Yamaha NS-SP1800", "rating": 0, "rating_count": 0, "price_usd": null, "configuration": "5.1", "total_wattage": "550 W", "frequency_response": "28 Hz - 50 kHz", "color": null}, {"name": "JBL C2PS", "rating": 0, "rating_count": 0, "price_usd": 209.0, "configuration": "2.0", "total_wattage": "70 W", "frequency_response": "80 Hz - 20 kHz", "color": "Black"}, {"name": "Logitech X-540", "rating": 5, "rating_count": 1, "price_usd": 668.25, "configuration": "5.1", "total_wattage": "70 W", "frequency_response": "40 Hz - 20 kHz", "color": null}, {"name": "Audioengine HD3-BLK", "rating": 5, "rating_count": 1, "price_usd": 349.0, "configuration": "2.0", "total_wattage": "60 W", "frequency_response": "65 Hz - 22 kHz", "color": "Black"}, {"name": "Cyber Acoustics CA-3090", "rating": 4, "rating_count": 12, "price_usd": 34.45, "configuration": "2.1", "total_wattage": "10 W", "frequency_response": "160 Hz - 20 kHz", "color": null}, {"name": "Audioengine A5+ White", "rating": 0, "rating_count": 0, "price_usd": 399.0, "configuration": "2.0", "total_wattage": "100 W", "frequency_response": "50 Hz - 22 kHz", "color": null}, {"name": "Cyber Acoustics CA-3602", "rating": 4, "rating_count": 40, "price_usd": 49.95, "configuration": "2.1", "total_wattage": "30 W", "frequency_response": "50 Hz - 20 kHz", "color": null}, {"name": "Bose Companion 5", "rating": 4, "rating_count": 2, "price_usd": null, "configuration": "2.1", "total_wattage": "0 W", "frequency_response": null, "color": "Black / Gray"}, {"name": "Harman Kardon SoundSticks Wireless", "rating": 4, "rating_count": 2, "price_usd": 430.08, "configuration": "2.1", "total_wattage": "40 W", "frequency_response": "44 Hz - 20 kHz", "color": null}, {"name": "Kanto YU2GW", "rating": 0, "rating_count": 0, "price_usd": 219.99, "configuration": "2.0", "total_wattage": "50 W", "frequency_response": "80 Hz - 20 kHz", "color": "White / Black"}, {"name": "Yamaha HS5 W", "rating": 0, "rating_count": 0, "price_usd": 199.99, "configuration": "1.0", "total_wattage": "70 W", "frequency_response": "54 Hz - 30 kHz", "color": null}, {"name": "Creative Labs A250", "rating": 3, "rating_count": 2, "price_usd": 41.0, "configuration": "2.1", "total_wattage": "9 W", "frequency_response": "40 Hz - 20 kHz", "color": null}, {"name": "Cyber Acoustics CA3001WB", "rating": 4, "rating_count": 4, "price_usd": 21.39, "configuration": "2.1", "total_wattage": "14 W", "frequency_response": "38 Hz - 18 kHz", "color": null}, {"name": "Audioengine A5+N", "rating": 0, "rating_count": 0, "price_usd": null, "configuration": "2.0", "total_wattage": "50 W", "frequency_response": "50 Hz - 22 kHz", "color": null}, {"name": "Trust Asto Soundbar", "rating": 0, "rating_count": 0, "price_usd": null, "configuration": "2.0", "total_wattage": "24 W", "frequency_response": "20 Hz - 20 kHz", "color": null}, {"name": "JBL LSR305", "rating": 5, "rating_count": 2, "price_usd": null, "configuration": "2.0", "total_wattage": "82 W", "frequency_response": "43 Hz - 24 kHz", "color": null}, {"name": "Gear Head SP2000USLV", "rating": 5, "rating_count": 1, "price_usd": 19.98, "configuration": "2.0", "total_wattage": "3 W", "frequency_response": "200 Hz - 20 kHz", "color": null}, {"name": "Yamaha HS8", "rating": 5, "rating_count": 1, "price_usd": null, "configuration": "2.0", "total_wattage": "120 W", "frequency_response": "38 Hz - 30 kHz", "color": null}, {"name": "Mackie CR3", "rating": 4, "rating_count": 3, "price_usd": null, "configuration": "2.0", "total_wattage": "50 W", "frequency_response": "80 Hz - 20 kHz", "color": null}, {"name": "Yamaha HS5", "rating": 0, "rating_count": 0, "price_usd": null, "configuration": "1.0", "total_wattage": "70 W", "frequency_response": "54 Hz - 30 kHz", "color": null}, {"name": "Edifier R19U", "rating": 5, "rating_count": 1, "price_usd": 34.98, "configuration": "2.0", "total_wattage": "4 W", "frequency_response": "150 Hz - 20 kHz", "color": null}, {"name": "AmazonBasics V216US", "rating": 0, "rating_count": 0, "price_usd": null, "configuration": "2.0", "total_wattage": "4.6 W", "frequency_response": "68 Hz - 20 kHz", "color": "Black"}, {"name": "Yamaha HS7 W", "rating": 5, "rating_count": 1, "price_usd": 319.99, "configuration": "1.0", "total_wattage": "95 W", "frequency_response": "43 Hz - 30 kHz", "color": null}, {"name": "KRK RP5 G2", "rating": 5, "rating_count": 1, "price_usd": null, "configuration": "2.0", "total_wattage": "90 W", "frequency_response": "52 Hz - 20 kHz", "color": null}, {"name": "Audioengine A2+R", "rating": 4, "rating_count": 2, "price_usd": null, "configuration": "2.0", "total_wattage": "60 W", "frequency_response": "65 Hz - 22 kHz", "color": null}, {"name": "Micca MB42X", "rating": 5, "rating_count": 1, "price_usd": 89.99, "configuration": "2.0", "total_wattage": "150 W", "frequency_response": "60 Hz - 20 kHz", "color": null}, {"name": "Logitech LS21", "rating": 4, "rating_count": 18, "price_usd": 99.99, "configuration": "2.1", "total_wattage": "7 W", "frequency_response": "40 Hz - 20 kHz", "color": null}, {"name": "Cyber Acoustics CA-2014rb", "rating": 2, "rating_count": 2, "price_usd": 16.59, "configuration": "2.0", "total_wattage": "4 W", "frequency_response": "85 Hz - 18 kHz", "color": null}, {"name": "Kanto YU2GB", "rating": 0, "rating_count": 0, "price_usd": 219.99, "configuration": "2.0", "total_wattage": "50 W", "frequency_response": "80 Hz - 20 kHz", "color": "Black"}, {"name": "Edifier Luna Eclipse E25", "rating": 5, "rating_count": 1, "price_usd": null, "configuration": "2.0", "total_wattage": "74 W", "frequency_response": "30 Hz - 20 kHz", "color": "Black"}, {"name": "Audioengine HD3-CHR", "rating": 0, "rating_count": 0, "price_usd": 960.25, "configuration": "2.0", "total_wattage": "60 W", "frequency_response": "65 Hz - 22 kHz", "color": "Red / Black"}, {"name": "Logitech Z320", "rating": 4, "rating_count": 5, "price_usd": null, "configuration": "2.0", "total_wattage": "10 W", "frequency_response": "70 Hz - 20 kHz", "color": null}, {"name": "Audioengine HD3-WAL", "rating": 0, "rating_count": 0, "price_usd": 349.0, "configuration": "2.0", "total_wattage": "60 W", "frequency_response": "65 Hz - 22 kHz", "color": "Brown / Black"}, {"name": "Audioengine A2 (Black)", "rating": 5, "rating_count": 4, "price_usd": null, "configuration": "2.0", "total_wattage": "60 W", "frequency_response": "65 Hz - 22 kHz", "color": null}, {"name": "KEF LSXBLUE", "rating": 0, "rating_count": 0, "price_usd": null, "configuration": "2.0", "total_wattage": "200 W", "frequency_response": "49 Hz - 47 kHz", "color": "Blue / Black"}, {"name": "Mackie CR4", "rating": 4, "rating_count": 5, "price_usd": null, "configuration": "2.0", "total_wattage": "28 W", "frequency_response": "60 Hz - 20 kHz", "color": null}, {"name": "Logitech Z-5500", "rating": 4, "rating_count": 8, "price_usd": null, "configuration": "5.1", "total_wattage": "505 W", "frequency_response": "33 Hz - 20 kHz", "color": null}, {"name": "Sony BSP10", "rating": 0, "rating_count": 0, "price_usd": 64.95, "configuration": "1.0", "total_wattage": "20 W", "frequency_response": null, "color": null}, {"name": "Logitech Z523", "rating": 4, "rating_count": 12, "price_usd": null, "configuration": "2.1", "total_wattage": "40 W", "frequency_response": "48 Hz - 20 kHz", "color": null}, {"name": "Gigabyte GP-S4600", "rating": 3, "rating_count": 1, "price_usd": null, "configuration": "2.0", "total_wattage": "1 W", "frequency_response": "230 Hz - 20 kHz", "color": null}, {"name": "IK Multimedia IP-ILOUD-MM-IN", "rating": 0, "rating_count": 0, "price_usd": 299.99, "configuration": "2.0", "total_wattage": "70 W", "frequency_response": "45 Hz - 22 kHz", "color": "Black"}, {"name": "Logitech X-530", "rating": 5, "rating_count": 3, "price_usd": null, "configuration": "5.1", "total_wattage": "70.1 W", "frequency_response": "40 Hz - 20 kHz", "color": null}, {"name": "Creative Labs T30", "rating": 0, "rating_count": 0, "price_usd": 149.99, "configuration": "2.0", "total_wattage": "14 W", "frequency_response": "50 Hz - 20 kHz", "color": null}, {"name": "Creative Labs Inspire T6300", "rating": 0, "rating_count": 0, "price_usd": null, "configuration": "5.1", "total_wattage": "57 W", "frequency_response": "50 Hz - 20 kHz", "color": "Black"}, {"name": "Logitech Z-2300", "rating": 5, "rating_count": 2, "price_usd": null, "configuration": "2.1", "total_wattage": "200 W", "frequency_response": null, "color": null}, {"name": "Logitech THX Z-5300e", "rating": 5, "rating_count": 2, "price_usd": 1358.06, "configuration": "5.1", "total_wattage": "280 W", "frequency_response": "35 Hz - 20 kHz", "color": null}, {"name": "Logitech G560", "rating": 4, "rating_count": 10, "price_usd": 199.99, "configuration": "2.1", "total_wattage": "120 W", "frequency_response": "40 Hz - 18 kHz", "color": "Black"}, {"name": "Razer NOMMO CHROMA", "rating": 4, "rating_count": 7, "price_usd": 149.99, "configuration": "2.0", "total_wattage": "0 W", "frequency_response": "20 Hz - 20 kHz", "color": "Black"}, {"name": "Logitech Z906", "rating": 4, "rating_count": 28, "price_usd": 299.99, "configuration": "5.1", "total_wattage": "500 W", "frequency_response": "35 Hz - 20 kHz", "color": null}, {"name": "Logitech Z333", "rating": 4, "rating_count": 22, "price_usd": 54.38, "configuration": "2.1", "total_wattage": "40 W", "frequency_response": "55 Hz - 20 kHz", "color": null}, {"name": "Logitech Z213", "rating": 4, "rating_count": 30, "price_usd": 26.99, "configuration": "2.1", "total_wattage": "7 W", "frequency_response": "65 Hz - 20 kHz", "color": null}, {"name": "Creative Labs Pebble 2.0", "rating": 4, "rating_count": 11, "price_usd": 22.98, "configuration": "2.0", "total_wattage": "4.4 W", "frequency_response": "100 Hz - 17 kHz", "color": "White"}, {"name": "Creative Labs Pebble 2.0", "rating": 4, "rating_count": 8, "price_usd": 22.98, "configuration": "2.0", "total_wattage": "4.4 W", "frequency_response": "100 Hz - 17 kHz", "color": "Black"}, {"name": "Bose Companion 2 Series III", "rating": 4, "rating_count": 28, "price_usd": 99.0, "configuration": "2.0", "total_wattage": "0 W", "frequency_response": null, "color": null}, {"name": "Razer Leviathan", "rating": 4, "rating_count": 6, "price_usd": 199.99, "configuration": "5.1", "total_wattage": "60 W", "frequency_response": "180 Hz - 20 kHz", "color": null}, {"name": "Logitech S120", "rating": 3, "rating_count": 31, "price_usd": 9.99, "configuration": "2.0", "total_wattage": "2.3 W", "frequency_response": "50 Hz - 20 kHz", "color": null}, {"name": "KEF LSXWH", "rating": 0, "rating_count": 0, "price_usd": 999.98, "configuration": "2.0", "total_wattage": "200 W", "frequency_response": "49 Hz - 47 kHz", "color": "White / Black"}, {"name": "Logitech Z623", "rating": 4, "rating_count": 73, "price_usd": 119.99, "configuration": "2.1", "total_wattage": "200 W", "frequency_response": "35 Hz - 20 kHz", "color": null}, {"name": "Logitech Z207 (Black)", "rating": 4, "rating_count": 3, "price_usd": 43.99, "configuration": "2.0", "total_wattage": "0.01 W", "frequency_response": null, "color": "Black"}, {"name": "Klipsch ProMedia 2.1", "rating": 4, "rating_count": 29, "price_usd": 137.38, "configuration": "2.1", "total_wattage": "120 W", "frequency_response": "31 Hz - 20 kHz", "color": null}, {"name": "KEF LSXBL", "rating": 0, "rating_count": 0, "price_usd": 999.99, "configuration": "2.0", "total_wattage": "200 W", "frequency_response": "49 Hz - 47 kHz", "color": "Black"}, {"name": "Logitech Z323", "rating": 4, "rating_count": 35, "price_usd": 49.99, "configuration": "2.1", "total_wattage": "30 W", "frequency_response": "55 Hz - 20 kHz", "color": null}, {"name": "Logitech Z313", "rating": 4, "rating_count": 90, "price_usd": 39.99, "configuration": "2.1", "total_wattage": "25 W", "frequency_response": "48 Hz - 20 kHz", "color": null}, {"name": "Creative Labs Sound BlasterX Katana", "rating": 3, "rating_count": 4, "price_usd": 229.99, "configuration": "2.1", "total_wattage": "0 W", "frequency_response": null, "color": null}, {"name": "Creative Labs Pebble V2", "rating": 4, "rating_count": 2, "price_usd": 31.98, "configuration": "2.0", "total_wattage": "8 W", "frequency_response": "100 Hz - 17 kHz", "color": "Black / Copper"}, {"name": "Audioengine A5+ Black", "rating": 5, "rating_count": 5, "price_usd": 399.0, "configuration": "2.0", "total_wattage": "100 W", "frequency_response": "50 Hz - 22 kHz", "color": null}, {"name": "Razer NOMMO PRO", "rating": 4, "rating_count": 1, "price_usd": null, "configuration": "2.1", "total_wattage": "0 W", "frequency_response": "35 Hz - 20 kHz", "color": "Black"}, {"name": "Logitech Z337 w/BlueTooth", "rating": 4, "rating_count": 3, "price_usd": 79.99, "configuration": "2.1", "total_wattage": "40 W", "frequency_response": null, "color": null}, {"name": "Logitech Z150", "rating": 4, "rating_count": 13, "price_usd": 18.99, "configuration": "2.0", "total_wattage": "0 W", "frequency_response": null, "color": null}, {"name": "Logitech Z625", "rating": 5, "rating_count": 8, "price_usd": 145.57, "configuration": "2.1", "total_wattage": "200 W", "frequency_response": null, "color": null}, {"name": "Audioengine A2+W", "rating": 4, "rating_count": 4, "price_usd": null, "configuration": "2.0", "total_wattage": "60 W", "frequency_response": "65 Hz - 22 kHz", "color": null}, {"name": "Klipsch R-51PM", "rating": 5, "rating_count": 2, "price_usd": 460.0, "configuration": "2.0", "total_wattage": "120 W", "frequency_response": "68 Hz - 21 kHz", "color": "Black"}, {"name": "Logitech Z207 (White)", "rating": 0, "rating_count": 0, "price_usd": null, "configuration": "2.0", "total_wattage": "0.01 W", "frequency_response": null, "color": "White"}, {"name": "Bose Companion 20", "rating": 4, "rating_count": 5, "price_usd": 249.0, "configuration": "2.0", "total_wattage": "0 W", "frequency_response": null, "color": null}, {"name": "Edifier R1700BT", "rating": 4, "rating_count": 2, "price_usd": 149.99, "configuration": "2.0", "total_wattage": "66 W", "frequency_response": "60 Hz - 20 kHz", "color": "Black / Brown"}, {"name": "Edifier S760D", "rating": 0, "rating_count": 0, "price_usd": 899.99, "configuration": "5.1", "total_wattage": "540 W", "frequency_response": "42 Hz - 20 kHz", "color": "Black / Silver"}, {"name": "Kanto YU2MW", "rating": 0, "rating_count": 0, "price_usd": 219.99, "configuration": "2.0", "total_wattage": "50 W", "frequency_response": "80 Hz - 20 kHz", "color": "White / Black"}, {"name": "Cyber Acoustics CA-2016WB", "rating": 4, "rating_count": 3, "price_usd": 12.99, "configuration": "2.0", "total_wattage": "3 W", "frequency_response": "260 Hz - 20 kHz", "color": null}, {"name": "Creative Labs GigaWorks T20 Series II", "rating": 4, "rating_count": 15, "price_usd": 69.97, "configuration": "2.0", "total_wattage": "28 W", "frequency_response": "50 Hz - 20 kHz", "color": null}, {"name": "Edifier S1000DB", "rating": 0, "rating_count": 0, "price_usd": 349.99, "configuration": "2.0", "total_wattage": "120 W", "frequency_response": "48 Hz - 20 kHz", "color": "Brown / Black"}, {"name": "Logitech Z120", "rating": 0, "rating_count": 0, "price_usd": 47.66, "configuration": "2.0", "total_wattage": "0 W", "frequency_response": null, "color": null}, {"name": "Logitech Z506", "rating": 4, "rating_count": 71, "price_usd": null, "configuration": "5.1", "total_wattage": "155 W", "frequency_response": "45 Hz - 20 kHz", "color": null}, {"name": "Logitech Z130", "rating": 4, "rating_count": 22, "price_usd": 19.99, "configuration": "2.0", "total_wattage": "5 W", "frequency_response": "140 Hz - 18 kHz", "color": null}, {"name": "Audioengine A5+ Bamboo", "rating": 5, "rating_count": 1, "price_usd": 656.6, "configuration": "2.0", "total_wattage": "100 W", "frequency_response": "50 Hz - 22 kHz", "color": null}, {"name": "Logitech Z533", "rating": 4, "rating_count": 9, "price_usd": 79.99, "configuration": "2.1", "total_wattage": "60 W", "frequency_response": "55 Hz - 20 kHz", "color": null}, {"name": "Yamaha HS8 W", "rating": 0, "rating_count": 0, "price_usd": 369.99, "configuration": "1.0", "total_wattage": "120 W", "frequency_response": "38 Hz - 30 kHz", "color": null}, {"name": "Logitech S-150", "rating": 3, "rating_count": 9, "price_usd": 12.88, "configuration": "2.0", "total_wattage": "1.2 W", "frequency_response": "90 Hz - 20 kHz", "color": null}, {"name": "KRK VXT 6", "rating": 0, "rating_count": 0, "price_usd": null, "configuration": "2.0", "total_wattage": "180 W", "frequency_response": "49 Hz - 22 kHz", "color": null}, {"name": "AmazonBasics U213", "rating": 4, "rating_count": 2, "price_usd": null, "configuration": "2.0", "total_wattage": "2.2 W", "frequency_response": "103 Hz - 20 kHz", "color": "Black"}, {"name": "Kanto YU2MB", "rating": 0, "rating_count": 0, "price_usd": 219.99, "configuration": "2.0", "total_wattage": "50 W", "frequency_response": "80 Hz - 20 kHz", "color": "Black"}, {"name": "Creative Labs GigaWorks T40 Series II", "rating": 4, "rating_count": 8, "price_usd": 99.99, "configuration": "2.0", "total_wattage": "32 W", "frequency_response": "50 Hz - 20 kHz", "color": null}, {"name": "Razer Nommo", "rating": 4, "rating_count": 2, "price_usd": null, "configuration": "2.0", "total_wattage": "0 W", "frequency_response": "50 Hz - 20 kHz", "color": "Black"}, {"name": "Edifier S350DB", "rating": 0, "rating_count": 0, "price_usd": 299.99, "configuration": "2.1", "total_wattage": "150 W", "frequency_response": "40 Hz - 20 kHz", "color": "Black / Brown"}, {"name": "PreSonus Eris E4.5", "rating": 5, "rating_count": 1, "price_usd": 199.95, "configuration": "2.0", "total_wattage": "50 W", "frequency_response": "70 Hz - 20 kHz", "color": null}, {"name": "Yamaha HS7", "rating": 0, "rating_count": 0, "price_usd": null, "configuration": "2.0", "total_wattage": "95 W", "frequency_response": "43 Hz - 30 kHz", "color": null}, {"name": "Audioengine A2+B", "rating": 0, "rating_count": 0, "price_usd": null, "configuration": "2.0", "total_wattage": "60 W", "frequency_response": "65 Hz - 22 kHz", "color": null}, {"name": "Corsair Gaming Audio Series SP2500", "rating": 4, "rating_count": 13, "price_usd": null, "configuration": "2.1", "total_wattage": "232 W", "frequency_response": "35 Hz - 20 kHz", "color": null}, {"name": "Harman Kardon SoundSticks III", "rating": 4, "rating_count": 8, "price_usd": 149.99, "configuration": "2.1", "total_wattage": "40 W", "frequency_response": "44 Hz - 20 kHz", "color": null}, {"name": "Creative Labs Inspire T10", "rating": 4, "rating_count": 9, "price_usd": 44.37, "configuration": "2.0", "total_wattage": "10 W", "frequency_response": "80 Hz - 20 kHz", "color": null}, {"name": "Yamaha NS-SP1800", "rating": 0, "rating_count": 0, "price_usd": null, "configuration": "5.1", "total_wattage": "550 W", "frequency_response": "28 Hz - 50 kHz", "color": null}, {"name": "JBL C2PS", "rating": 0, "rating_count": 0, "price_usd": 209.0, "configuration": "2.0", "total_wattage": "70 W", "frequency_response": "80 Hz - 20 kHz", "color": "Black"}, {"name": "Logitech X-540", "rating": 5, "rating_count": 1, "price_usd": 668.25, "configuration": "5.1", "total_wattage": "70 W", "frequency_response": "40 Hz - 20 kHz", "color": null}, {"name": "Audioengine HD3-BLK", "rating": 5, "rating_count": 1, "price_usd": 349.0, "configuration": "2.0", "total_wattage": "60 W", "frequency_response": "65 Hz - 22 kHz", "color": "Black"}, {"name": "Cyber Acoustics CA-3090", "rating": 4, "rating_count": 12, "price_usd": 34.45, "configuration": "2.1", "total_wattage": "10 W", "frequency_response": "160 Hz - 20 kHz", "color": null}, {"name": "Audioengine A5+ White", "rating": 0, "rating_count": 0, "price_usd": 399.0, "configuration": "2.0", "total_wattage": "100 W", "frequency_response": "50 Hz - 22 kHz", "color": null}, {"name": "Cyber Acoustics CA-3602", "rating": 4, "rating_count": 40, "price_usd": 49.95, "configuration": "2.1", "total_wattage": "30 W", "frequency_response": "50 Hz - 20 kHz", "color": null}, {"name": "Bose Companion 5", "rating": 4, "rating_count": 2, "price_usd": null, "configuration": "2.1", "total_wattage": "0 W", "frequency_response": null, "color": "Black / Gray"}, {"name": "Harman Kardon SoundSticks Wireless", "rating": 4, "rating_count": 2, "price_usd": 430.08, "configuration": "2.1", "total_wattage": "40 W", "frequency_response": "44 Hz - 20 kHz", "color": null}, {"name": "Kanto YU2GW", "rating": 0, "rating_count": 0, "price_usd": 219.99, "configuration": "2.0", "total_wattage": "50 W", "frequency_response": "80 Hz - 20 kHz", "color": "White / Black"}, {"name": "Yamaha HS5 W", "rating": 0, "rating_count": 0, "price_usd": 199.99, "configuration": "1.0", "total_wattage": "70 W", "frequency_response": "54 Hz - 30 kHz", "color": null}, {"name": "Creative Labs A250", "rating": 3, "rating_count": 2, "price_usd": 41.0, "configuration": "2.1", "total_wattage": "9 W", "frequency_response": "40 Hz - 20 kHz", "color": null}, {"name": "Cyber Acoustics CA3001WB", "rating": 4, "rating_count": 4, "price_usd": 21.39, "configuration": "2.1", "total_wattage": "14 W", "frequency_response": "38 Hz - 18 kHz", "color": null}, {"name": "Audioengine A5+N", "rating": 0, "rating_count": 0, "price_usd": null, "configuration": "2.0", "total_wattage": "50 W", "frequency_response": "50 Hz - 22 kHz", "color": null}, {"name": "Trust Asto Soundbar", "rating": 0, "rating_count": 0, "price_usd": null, "configuration": "2.0", "total_wattage": "24 W", "frequency_response": "20 Hz - 20 kHz", "color": null}, {"name": "JBL LSR305", "rating": 5, "rating_count": 2, "price_usd": null, "configuration": "2.0", "total_wattage": "82 W", "frequency_response": "43 Hz - 24 kHz", "color": null}, {"name": "Gear Head SP2000USLV", "rating": 5, "rating_count": 1, "price_usd": 19.98, "configuration": "2.0", "total_wattage": "3 W", "frequency_response": "200 Hz - 20 kHz", "color": null}, {"name": "Yamaha HS8", "rating": 5, "rating_count": 1, "price_usd": null, "configuration": "2.0", "total_wattage": "120 W", "frequency_response": "38 Hz - 30 kHz", "color": null}, {"name": "Mackie CR3", "rating": 4, "rating_count": 3, "price_usd": null, "configuration": "2.0", "total_wattage": "50 W", "frequency_response": "80 Hz - 20 kHz", "color": null}, {"name": "Yamaha HS5", "rating": 0, "rating_count": 0, "price_usd": null, "configuration": "1.0", "total_wattage": "70 W", "frequency_response": "54 Hz - 30 kHz", "color": null}, {"name": "Edifier R19U", "rating": 5, "rating_count": 1, "price_usd": 34.98, "configuration": "2.0", "total_wattage": "4 W", "frequency_response": "150 Hz - 20 kHz", "color": null}, {"name": "AmazonBasics V216US", "rating": 0, "rating_count": 0, "price_usd": null, "configuration": "2.0", "total_wattage": "4.6 W", "frequency_response": "68 Hz - 20 kHz", "color": "Black"}, {"name": "Yamaha HS7 W", "rating": 5, "rating_count": 1, "price_usd": 319.99, "configuration": "1.0", "total_wattage": "95 W", "frequency_response": "43 Hz - 30 kHz", "color": null}, {"name": "KRK RP5 G2", "rating": 5, "rating_count": 1, "price_usd": null, "configuration": "2.0", "total_wattage": "90 W", "frequency_response": "52 Hz - 20 kHz", "color": null}, {"name": "Audioengine A2+R", "rating": 4, "rating_count": 2, "price_usd": null, "configuration": "2.0", "total_wattage": "60 W", "frequency_response": "65 Hz - 22 kHz", "color": null}, {"name": "Micca MB42X", "rating": 5, "rating_count": 1, "price_usd": 89.99, "configuration": "2.0", "total_wattage": "150 W", "frequency_response": "60 Hz - 20 kHz", "color": null}, {"name": "Logitech LS21", "rating": 4, "rating_count": 18, "price_usd": 99.99, "configuration": "2.1", "total_wattage": "7 W", "frequency_response": "40 Hz - 20 kHz", "color": null}, {"name": "Cyber Acoustics CA-2014rb", "rating": 2, "rating_count": 2, "price_usd": 16.59, "configuration": "2.0", "total_wattage": "4 W", "frequency_response": "85 Hz - 18 kHz", "color": null}, {"name": "Kanto YU2GB", "rating": 0, "rating_count": 0, "price_usd": 219.99, "configuration": "2.0", "total_wattage": "50 W", "frequency_response": "80 Hz - 20 kHz", "color": "Black"}, {"name": "Edifier Luna Eclipse E25", "rating": 5, "rating_count": 1, "price_usd": null, "configuration": "2.0", "total_wattage": "74 W", "frequency_response": "30 Hz - 20 kHz", "color": "Black"}, {"name": "Audioengine HD3-CHR", "rating": 0, "rating_count": 0, "price_usd": 960.25, "configuration": "2.0", "total_wattage": "60 W", "frequency_response": "65 Hz - 22 kHz", "color": "Red / Black"}, {"name": "Logitech Z320", "rating": 4, "rating_count": 5, "price_usd": null, "configuration": "2.0", "total_wattage": "10 W", "frequency_response": "70 Hz - 20 kHz", "color": null}, {"name": "Audioengine HD3-WAL", "rating": 0, "rating_count": 0, "price_usd": 349.0, "configuration": "2.0", "total_wattage": "60 W", "frequency_response": "65 Hz - 22 kHz", "color": "Brown / Black"}, {"name": "Audioengine A2 (Black)", "rating": 5, "rating_count": 4, "price_usd": null, "configuration": "2.0", "total_wattage": "60 W", "frequency_response": "65 Hz - 22 kHz", "color": null}, {"name": "KEF LSXBLUE", "rating": 0, "rating_count": 0, "price_usd": null, "configuration": "2.0", "total_wattage": "200 W", "frequency_response": "49 Hz - 47 kHz", "color": "Blue / Black"}, {"name": "Mackie CR4", "rating": 4, "rating_count": 5, "price_usd": null, "configuration": "2.0", "total_wattage": "28 W", "frequency_response": "60 Hz - 20 kHz", "color": null}, {"name": "Logitech Z-5500", "rating": 4, "rating_count": 8, "price_usd": null, "configuration": "5.1", "total_wattage": "505 W", "frequency_response": "33 Hz - 20 kHz", "color": null}, {"name": "Sony BSP10", "rating": 0, "rating_count": 0, "price_usd": 64.95, "configuration": "1.0", "total_wattage": "20 W", "frequency_response": null, "color": null}, {"name": "Logitech Z523", "rating": 4, "rating_count": 12, "price_usd": null, "configuration": "2.1", "total_wattage": "40 W", "frequency_response": "48 Hz - 20 kHz", "color": null}, {"name": "Gigabyte GP-S4600", "rating": 3, "rating_count": 1, "price_usd": null, "configuration": "2.0", "total_wattage": "1 W", "frequency_response": "230 Hz - 20 kHz", "color": null}, {"name": "IK Multimedia IP-ILOUD-MM-IN", "rating": 0, "rating_count": 0, "price_usd": 299.99, "configuration": "2.0", "total_wattage": "70 W", "frequency_response": "45 Hz - 22 kHz", "color": "Black"}, {"name": "Logitech X-530", "rating": 5, "rating_count": 3, "price_usd": null, "configuration": "5.1", "total_wattage": "70.1 W", "frequency_response": "40 Hz - 20 kHz", "color": null}, {"name": "Creative Labs T30", "rating": 0, "rating_count": 0, "price_usd": 149.99, "configuration": "2.0", "total_wattage": "14 W", "frequency_response": "50 Hz - 20 kHz", "color": null}, {"name": "Creative Labs Inspire T6300", "rating": 0, "rating_count": 0, "price_usd": null, "configuration": "5.1", "total_wattage": "57 W", "frequency_response": "50 Hz - 20 kHz", "color": "Black"}, {"name": "Logitech Z-2300", "rating": 5, "rating_count": 2, "price_usd": null, "configuration": "2.1", "total_wattage": "200 W", "frequency_response": null, "color": null}, {"name": "Logitech THX Z-5300e", "rating": 5, "rating_count": 2, "price_usd": 1358.06, "configuration": "5.1", "total_wattage": "280 W", "frequency_response": "35 Hz - 20 kHz", "color": null}, {"name": "Logitech G560", "rating": 4, "rating_count": 10, "price_usd": 199.99, "configuration": "2.1", "total_wattage": "120 W", "frequency_response": "40 Hz - 18 kHz", "color": "Black"}, {"name": "Razer NOMMO CHROMA", "rating": 4, "rating_count": 7, "price_usd": 149.99, "configuration": "2.0", "total_wattage": "0 W", "frequency_response": "20 Hz - 20 kHz", "color": "Black"}, {"name": "Logitech Z906", "rating": 4, "rating_count": 28, "price_usd": 299.99, "configuration": "5.1", "total_wattage": "500 W", "frequency_response": "35 Hz - 20 kHz", "color": null}, {"name": "Logitech Z333", "rating": 4, "rating_count": 22, "price_usd": 54.38, "configuration": "2.1", "total_wattage": "40 W", "frequency_response": "55 Hz - 20 kHz", "color": null}, {"name": "Logitech Z213", "rating": 4, "rating_count": 30, "price_usd": 26.99, "configuration": "2.1", "total_wattage": "7 W", "frequency_response": "65 Hz - 20 kHz", "color": null}, {"name": "Creative Labs Pebble 2.0", "rating": 4, "rating_count": 11, "price_usd": 22.98, "configuration": "2.0", "total_wattage": "4.4 W", "frequency_response": "100 Hz - 17 kHz", "color": "White"}, {"name": "Creative Labs Pebble 2.0", "rating": 4, "rating_count": 8, "price_usd": 22.98, "configuration": "2.0", "total_wattage": "4.4 W", "frequency_response": "100 Hz - 17 kHz", "color": "Black"}, {"name": "Bose Companion 2 Series III", "rating": 4, "rating_count": 28, "price_usd": 99.0, "configuration": "2.0", "total_wattage": "0 W", "frequency_response": null, "color": null}, {"name": "Razer Leviathan", "rating": 4, "rating_count": 6, "price_usd": 199.99, "configuration": "5.1", "total_wattage": "60 W", "frequency_response": "180 Hz - 20 kHz", "color": null}, {"name": "Logitech S120", "rating": 3, "rating_count": 31, "price_usd": 9.99, "configuration": "2.0", "total_wattage": "2.3 W", "frequency_response": "50 Hz - 20 kHz", "color": null}, {"name": "KEF LSXWH", "rating": 0, "rating_count": 0, "price_usd": 999.98, "configuration": "2.0", "total_wattage": "200 W", "frequency_response": "49 Hz - 47 kHz", "color": "White / Black"}, {"name": "Logitech Z623", "rating": 4, "rating_count": 73, "price_usd": 119.99, "configuration": "2.1", "total_wattage": "200 W", "frequency_response": "35 Hz - 20 kHz", "color": null}, {"name": "Logitech Z207 (Black)", "rating": 4, "rating_count": 3, "price_usd": 43.99, "configuration": "2.0", "total_wattage": "0.01 W", "frequency_response": null, "color": "Black"}, {"name": "Klipsch ProMedia 2.1", "rating": 4, "rating_count": 29, "price_usd": 137.38, "configuration": "2.1", "total_wattage": "120 W", "frequency_response": "31 Hz - 20 kHz", "color": null}, {"name": "KEF LSXBL", "rating": 0, "rating_count": 0, "price_usd": 999.99, "configuration": "2.0", "total_wattage": "200 W", "frequency_response": "49 Hz - 47 kHz", "color": "Black"}, {"name": "Logitech Z323", "rating": 4, "rating_count": 35, "price_usd": 49.99, "configuration": "2.1", "total_wattage": "30 W", "frequency_response": "55 Hz - 20 kHz", "color": null}, {"name": "Logitech Z313", "rating": 4, "rating_count": 90, "price_usd": 39.99, "configuration": "2.1", "total_wattage": "25 W", "frequency_response": "48 Hz - 20 kHz", "color": null}, {"name": "Creative Labs Sound BlasterX Katana", "rating": 3, "rating_count": 4, "price_usd": 229.99, "configuration": "2.1", "total_wattage": "0 W", "frequency_response": null, "color": null}, {"name": "Creative Labs Pebble V2", "rating": 4, "rating_count": 2, "price_usd": 31.98, "configuration": "2.0", "total_wattage": "8 W", "frequency_response": "100 Hz - 17 kHz", "color": "Black / Copper"}, {"name": "Audioengine A5+ Black", "rating": 5, "rating_count": 5, "price_usd": 399.0, "configuration": "2.0", "total_wattage": "100 W", "frequency_response": "50 Hz - 22 kHz", "color": null}, {"name": "Razer NOMMO PRO", "rating": 4, "rating_count": 1, "price_usd": null, "configuration": "2.1", "total_wattage": "0 W", "frequency_response": "35 Hz - 20 kHz", "color": "Black"}, {"name": "Logitech Z337 w/BlueTooth", "rating": 4, "rating_count": 3, "price_usd": 79.99, "configuration": "2.1", "total_wattage": "40 W", "frequency_response": null, "color": null}, {"name": "Logitech Z150", "rating": 4, "rating_count": 13, "price_usd": 18.99, "configuration": "2.0", "total_wattage": "0 W", "frequency_response": null, "color": null}, {"name": "Logitech Z625", "rating": 5, "rating_count": 8, "price_usd": 145.57, "configuration": "2.1", "total_wattage": "200 W", "frequency_response": null, "color": null}, {"name": "Audioengine A2+W", "rating": 4, "rating_count": 4, "price_usd": null, "configuration": "2.0", "total_wattage": "60 W", "frequency_response": "65 Hz - 22 kHz", "color": null}, {"name": "Klipsch R-51PM", "rating": 5, "rating_count": 2, "price_usd": 460.0, "configuration": "2.0", "total_wattage": "120 W", "frequency_response": "68 Hz - 21 kHz", "color": "Black"}, {"name": "Logitech Z207 (White)", "rating": 0, "rating_count": 0, "price_usd": null, "configuration": "2.0", "total_wattage": "0.01 W", "frequency_response": null, "color": "White"}, {"name": "Bose Companion 20", "rating": 4, "rating_count": 5, "price_usd": 249.0, "configuration": "2.0", "total_wattage": "0 W", "frequency_response": null, "color": null}, {"name": "Edifier R1700BT", "rating": 4, "rating_count": 2, "price_usd": 149.99, "configuration": "2.0", "total_wattage": "66 W", "frequency_response": "60 Hz - 20 kHz", "color": "Black / Brown"}, {"name": "Edifier S760D", "rating": 0, "rating_count": 0, "price_usd": 899.99, "configuration": "5.1", "total_wattage": "540 W", "frequency_response": "42 Hz - 20 kHz", "color": "Black / Silver"}, {"name": "Kanto YU2MW", "rating": 0, "rating_count": 0, "price_usd": 219.99, "configuration": "2.0", "total_wattage": "50 W", "frequency_response": "80 Hz - 20 kHz", "color": "White / Black"}, {"name": "Cyber Acoustics CA-2016WB", "rating": 4, "rating_count": 3, "price_usd": 12.99, "configuration": "2.0", "total_wattage": "3 W", "frequency_response": "260 Hz - 20 kHz", "color": null}, {"name": "Creative Labs GigaWorks T20 Series II", "rating": 4, "rating_count": 15, "price_usd": 69.97, "configuration": "2.0", "total_wattage": "28 W", "frequency_response": "50 Hz - 20 kHz", "color": null}, {"name": "Edifier S1000DB", "rating": 0, "rating_count": 0, "price_usd": 349.99, "configuration": "2.0", "total_wattage": "120 W", "frequency_response": "48 Hz - 20 kHz", "color": "Brown / Black"}, {"name": "Logitech Z120", "rating": 0, "rating_count": 0, "price_usd": 47.66, "configuration": "2.0", "total_wattage": "0 W", "frequency_response": null, "color": null}, {"name": "Logitech Z506", "rating": 4, "rating_count": 71, "price_usd": null, "configuration": "5.1", "total_wattage": "155 W", "frequency_response": "45 Hz - 20 kHz", "color": null}, {"name": "Logitech Z130", "rating": 4, "rating_count": 22, "price_usd": 19.99, "configuration": "2.0", "total_wattage": "5 W", "frequency_response": "140 Hz - 18 kHz", "color": null}, {"name": "Audioengine A5+ Bamboo", "rating": 5, "rating_count": 1, "price_usd": 656.6, "configuration": "2.0", "total_wattage": "100 W", "frequency_response": "50 Hz - 22 kHz", "color": null}, {"name": "Logitech Z533", "rating": 4, "rating_count": 9, "price_usd": 79.99, "configuration": "2.1", "total_wattage": "60 W", "frequency_response": "55 Hz - 20 kHz", "color": null}, {"name": "Yamaha HS8 W", "rating": 0, "rating_count": 0, "price_usd": 369.99, "configuration": "1.0", "total_wattage": "120 W", "frequency_response": "38 Hz - 30 kHz", "color": null}, {"name": "Logitech S-150", "rating": 3, "rating_count": 9, "price_usd": 12.88, "configuration": "2.0", "total_wattage": "1.2 W", "frequency_response": "90 Hz - 20 kHz", "color": null}, {"name": "KRK VXT 6", "rating": 0, "rating_count": 0, "price_usd": null, "configuration": "2.0", "total_wattage": "180 W", "frequency_response": "49 Hz - 22 kHz", "color": null}, {"name": "AmazonBasics U213", "rating": 4, "rating_count": 2, "price_usd": null, "configuration": "2.0", "total_wattage": "2.2 W", "frequency_response": "103 Hz - 20 kHz", "color": "Black"}, {"name": "Kanto YU2MB", "rating": 0, "rating_count": 0, "price_usd": 219.99, "configuration": "2.0", "total_wattage": "50 W", "frequency_response": "80 Hz - 20 kHz", "color": "Black"}, {"name": "Creative Labs GigaWorks T40 Series II", "rating": 4, "rating_count": 8, "price_usd": 99.99, "configuration": "2.0", "total_wattage": "32 W", "frequency_response": "50 Hz - 20 kHz", "color": null}, {"name": "Razer Nommo", "rating": 4, "rating_count": 2, "price_usd": null, "configuration": "2.0", "total_wattage": "0 W", "frequency_response": "50 Hz - 20 kHz", "color": "Black"}, {"name": "Edifier S350DB", "rating": 0, "rating_count": 0, "price_usd": 299.99, "configuration": "2.1", "total_wattage": "150 W", "frequency_response": "40 Hz - 20 kHz", "color": "Black / Brown"}, {"name": "PreSonus Eris E4.5", "rating": 5, "rating_count": 1, "price_usd": 199.95, "configuration": "2.0", "total_wattage": "50 W", "frequency_response": "70 Hz - 20 kHz", "color": null}, {"name": "Yamaha HS7", "rating": 0, "rating_count": 0, "price_usd": null, "configuration": "2.0", "total_wattage": "95 W", "frequency_response": "43 Hz - 30 kHz", "color": null}, {"name": "Audioengine A2+B", "rating": 0, "rating_count": 0, "price_usd": null, "configuration": "2.0", "total_wattage": "60 W", "frequency_response": "65 Hz - 22 kHz", "color": null}, {"name": "Corsair Gaming Audio Series SP2500", "rating": 4, "rating_count": 13, "price_usd": null, "configuration": "2.1", "total_wattage": "232 W", "frequency_response": "35 Hz - 20 kHz", "color": null}, {"name": "Harman Kardon SoundSticks III", "rating": 4, "rating_count": 8, "price_usd": 149.99, "configuration": "2.1", "total_wattage": "40 W", "frequency_response": "44 Hz - 20 kHz", "color": null}, {"name": "Creative Labs Inspire T10", "rating": 4, "rating_count": 9, "price_usd": 44.37, "configuration": "2.0", "total_wattage": "10 W", "frequency_response": "80 Hz - 20 kHz", "color": null}, {"name": "Yamaha NS-SP1800", "rating": 0, "rating_count": 0, "price_usd": null, "configuration": "5.1", "total_wattage": "550 W", "frequency_response": "28 Hz - 50 kHz", "color": null}, {"name": "JBL C2PS", "rating": 0, "rating_count": 0, "price_usd": 209.0, "configuration": "2.0", "total_wattage": "70 W", "frequency_response": "80 Hz - 20 kHz", "color": "Black"}, {"name": "Logitech X-540", "rating": 5, "rating_count": 1, "price_usd": 668.25, "configuration": "5.1", "total_wattage": "70 W", "frequency_response": "40 Hz - 20 kHz", "color": null}, {"name": "Audioengine HD3-BLK", "rating": 5, "rating_count": 1, "price_usd": 349.0, "configuration": "2.0", "total_wattage": "60 W", "frequency_response": "65 Hz - 22 kHz", "color": "Black"}, {"name": "Cyber Acoustics CA-3090", "rating": 4, "rating_count": 12, "price_usd": 34.45, "configuration": "2.1", "total_wattage": "10 W", "frequency_response": "160 Hz - 20 kHz", "color": null}, {"name": "Audioengine A5+ White", "rating": 0, "rating_count": 0, "price_usd": 399.0, "configuration": "2.0", "total_wattage": "100 W", "frequency_response": "50 Hz - 22 kHz", "color": null}, {"name": "Cyber Acoustics CA-3602", "rating": 4, "rating_count": 40, "price_usd": 49.95, "configuration": "2.1", "total_wattage": "30 W", "frequency_response": "50 Hz - 20 kHz", "color": null}, {"name": "Bose Companion 5", "rating": 4, "rating_count": 2, "price_usd": null, "configuration": "2.1", "total_wattage": "0 W", "frequency_response": null, "color": "Black / Gray"}, {"name": "Harman Kardon SoundSticks Wireless", "rating": 4, "rating_count": 2, "price_usd": 430.08, "configuration": "2.1", "total_wattage": "40 W", "frequency_response": "44 Hz - 20 kHz", "color": null}, {"name": "Kanto YU2GW", "rating": 0, "rating_count": 0, "price_usd": 219.99, "configuration": "2.0", "total_wattage": "50 W", "frequency_response": "80 Hz - 20 kHz", "color": "White / Black"}, {"name": "Yamaha HS5 W", "rating": 0, "rating_count": 0, "price_usd": 199.99, "configuration": "1.0", "total_wattage": "70 W", "frequency_response": "54 Hz - 30 kHz", "color": null}, {"name": "Creative Labs A250", "rating": 3, "rating_count": 2, "price_usd": 41.0, "configuration": "2.1", "total_wattage": "9 W", "frequency_response": "40 Hz - 20 kHz", "color": null}, {"name": "Cyber Acoustics CA3001WB", "rating": 4, "rating_count": 4, "price_usd": 21.39, "configuration": "2.1", "total_wattage": "14 W", "frequency_response": "38 Hz - 18 kHz", "color": null}, {"name": "Audioengine A5+N", "rating": 0, "rating_count": 0, "price_usd": null, "configuration": "2.0", "total_wattage": "50 W", "frequency_response": "50 Hz - 22 kHz", "color": null}, {"name": "Trust Asto Soundbar", "rating": 0, "rating_count": 0, "price_usd": null, "configuration": "2.0", "total_wattage": "24 W", "frequency_response": "20 Hz - 20 kHz", "color": null}, {"name": "JBL LSR305", "rating": 5, "rating_count": 2, "price_usd": null, "configuration": "2.0", "total_wattage": "82 W", "frequency_response": "43 Hz - 24 kHz", "color": null}, {"name": "Gear Head SP2000USLV", "rating": 5, "rating_count": 1, "price_usd": 19.98, "configuration": "2.0", "total_wattage": "3 W", "frequency_response": "200 Hz - 20 kHz", "color": null}, {"name": "Yamaha HS8", "rating": 5, "rating_count": 1, "price_usd": null, "configuration": "2.0", "total_wattage": "120 W", "frequency_response": "38 Hz - 30 kHz", "color": null}, {"name": "Mackie CR3", "rating": 4, "rating_count": 3, "price_usd": null, "configuration": "2.0", "total_wattage": "50 W", "frequency_response": "80 Hz - 20 kHz", "color": null}, {"name": "Yamaha HS5", "rating": 0, "rating_count": 0, "price_usd": null, "configuration": "1.0", "total_wattage": "70 W", "frequency_response": "54 Hz - 30 kHz", "color": null}, {"name": "Edifier R19U", "rating": 5, "rating_count": 1, "price_usd": 34.98, "configuration": "2.0", "total_wattage": "4 W", "frequency_response": "150 Hz - 20 kHz", "color": null}, {"name": "AmazonBasics V216US", "rating": 0, "rating_count": 0, "price_usd": null, "configuration": "2.0", "total_wattage": "4.6 W", "frequency_response": "68 Hz - 20 kHz", "color": "Black"}, {"name": "Yamaha HS7 W", "rating": 5, "rating_count": 1, "price_usd": 319.99, "configuration": "1.0", "total_wattage": "95 W", "frequency_response": "43 Hz - 30 kHz", "color": null}, {"name": "KRK RP5 G2", "rating": 5, "rating_count": 1, "price_usd": null, "configuration": "2.0", "total_wattage": "90 W", "frequency_response": "52 Hz - 20 kHz", "color": null}, {"name": "Audioengine A2+R", "rating": 4, "rating_count": 2, "price_usd": null, "configuration": "2.0", "total_wattage": "60 W", "frequency_response": "65 Hz - 22 kHz", "color": null}, {"name": "Micca MB42X", "rating": 5, "rating_count": 1, "price_usd": 89.99, "configuration": "2.0", "total_wattage": "150 W", "frequency_response": "60 Hz - 20 kHz", "color": null}, {"name": "Logitech LS21", "rating": 4, "rating_count": 18, "price_usd": 99.99, "configuration": "2.1", "total_wattage": "7 W", "frequency_response": "40 Hz - 20 kHz", "color": null}, {"name": "Cyber Acoustics CA-2014rb", "rating": 2, "rating_count": 2, "price_usd": 16.59, "configuration": "2.0", "total_wattage": "4 W", "frequency_response": "85 Hz - 18 kHz", "color": null}, {"name": "Kanto YU2GB", "rating": 0, "rating_count": 0, "price_usd": 219.99, "configuration": "2.0", "total_wattage": "50 W", "frequency_response": "80 Hz - 20 kHz", "color": "Black"}, {"name": "Edifier Luna Eclipse E25", "rating": 5, "rating_count": 1, "price_usd": null, "configuration": "2.0", "total_wattage": "74 W", "frequency_response": "30 Hz - 20 kHz", "color": "Black"}, {"name": "Audioengine HD3-CHR", "rating": 0, "rating_count": 0, "price_usd": 960.25, "configuration": "2.0", "total_wattage": "60 W", "frequency_response": "65 Hz - 22 kHz", "color": "Red / Black"}, {"name": "Logitech Z320", "rating": 4, "rating_count": 5, "price_usd": null, "configuration": "2.0", "total_wattage": "10 W", "frequency_response": "70 Hz - 20 kHz", "color": null}, {"name": "Audioengine HD3-WAL", "rating": 0, "rating_count": 0, "price_usd": 349.0, "configuration": "2.0", "total_wattage": "60 W", "frequency_response": "65 Hz - 22 kHz", "color": "Brown / Black"}, {"name": "Audioengine A2 (Black)", "rating": 5, "rating_count": 4, "price_usd": null, "configuration": "2.0", "total_wattage": "60 W", "frequency_response": "65 Hz - 22 kHz", "color": null}, {"name": "KEF LSXBLUE", "rating": 0, "rating_count": 0, "price_usd": null, "configuration": "2.0", "total_wattage": "200 W", "frequency_response": "49 Hz - 47 kHz", "color": "Blue / Black"}, {"name": "Mackie CR4", "rating": 4, "rating_count": 5, "price_usd": null, "configuration": "2.0", "total_wattage": "28 W", "frequency_response": "60 Hz - 20 kHz", "color": null}, {"name": "Logitech Z-5500", "rating": 4, "rating_count": 8, "price_usd": null, "configuration": "5.1", "total_wattage": "505 W", "frequency_response": "33 Hz - 20 kHz", "color": null}, {"name": "Sony BSP10", "rating": 0, "rating_count": 0, "price_usd": 64.95, "configuration": "1.0", "total_wattage": "20 W", "frequency_response": null, "color": null}, {"name": "Logitech Z523", "rating": 4, "rating_count": 12, "price_usd": null, "configuration": "2.1", "total_wattage": "40 W", "frequency_response": "48 Hz - 20 kHz", "color": null}, {"name": "Gigabyte GP-S4600", "rating": 3, "rating_count": 1, "price_usd": null, "configuration": "2.0", "total_wattage": "1 W", "frequency_response": "230 Hz - 20 kHz", "color": null}, {"name": "IK Multimedia IP-ILOUD-MM-IN", "rating": 0, "rating_count": 0, "price_usd": 299.99, "configuration": "2.0", "total_wattage": "70 W", "frequency_response": "45 Hz - 22 kHz", "color": "Black"}, {"name": "Logitech X-530", "rating": 5, "rating_count": 3, "price_usd": null, "configuration": "5.1", "total_wattage": "70.1 W", "frequency_response": "40 Hz - 20 kHz", "color": null}, {"name": "Creative Labs T30", "rating": 0, "rating_count": 0, "price_usd": 149.99, "configuration": "2.0", "total_wattage": "14 W", "frequency_response": "50 Hz - 20 kHz", "color": null}, {"name": "Creative Labs Inspire T6300", "rating": 0, "rating_count": 0, "price_usd": null, "configuration": "5.1", "total_wattage": "57 W", "frequency_response": "50 Hz - 20 kHz", "color": "Black"}]