[{"name": "Arctic Silver 5 High-Density Polysynthetic Silver", "rating": 4, "rating_count": 571, "price_usd": 6.94, "amount": "3.5 g"}, {"name": "Thermal Grizzly Kryonaut", "rating": 4, "rating_count": 167, "price_usd": 5.94, "amount": "1 g"}, {"name": "Prolimatech PK-Zero", "rating": 0, "rating_count": 0, "price_usd": 258.0, "amount": "600 g"}, {"name": "ARCTIC MX-4 2019 Edition", "rating": 4, "rating_count": 55, "price_usd": 6.89, "amount": "4 g"}, {"name": "Thermal Grizzly Kryonaut Extreme", "rating": 5, "rating_count": 1, "price_usd": 23.11, "amount": "2 g"}, {"name": "Noctua NT-H1", "rating": 4, "rating_count": 105, "price_usd": 7.9, "amount": "3.5 g"}, {"name": "Thermal Grizzly Kryonaut", "rating": 4, "rating_count": 53, "price_usd": 19.98, "amount": "5.5 g"}, {"name": "Corsair XTM50", "rating": 4, "rating_count": 8, "price_usd": 13.99, "amount": "5 g"}, {"name": "Corsair TM30", "rating": 4, "rating_count": 18, "price_usd": 7.99, "amount": "3 g"}, {"name": "Arctic Silver Arctic Alumina Premium Ceramic Polysynthetic", "rating": 4, "rating_count": 14, "price_usd": 4.9, "amount": "1.75 g"}, {"name": "Noctua NT-H2", "rating": 5, "rating_count": 8, "price_usd": 16.89, "amount": "3.5 g"}, {"name": "Thermal Grizzly Conductonaut", "rating": 4, "rating_count": 31, "price_usd": 10.41, "amount": "1 g"}, {"name": "ARCTIC MX-5 Incl. Spatula", "rating": 0, "rating_count": 0, "price_usd": 44.99, "amount": "20 g"}, {"name": "Gelid Solutions GC-Extreme", "rating": 4, "rating_count": 41, "price_usd": 9.49, "amount": "3.5 g"}, {"name": "ARCTIC MX4", "rating": 4, "rating_count": 13, "price_usd": 45.64, "amount": "20 g"}, {"name": "Noctua NT-H2", "rating": 4, "rating_count": 11, "price_usd": 28.89, "amount": "10 g"}, {"name": "Arctic Silver Ceramique 2 Tri-Linear", "rating": 4, "rating_count": 17, "price_usd": 5.49, "amount": "2.7 g"}, {"name": "Prolimatech PK-3 Nano Aluminum High-Grade", "rating": 5, "rating_count": 5, "price_usd": 23.99, "amount": "5 g"}, {"name": "ARCTIC MX-5", "rating": 0, "rating_count": 0, "price_usd": 11.89, "amount": "8 g"}, {"name": "ARCTIC MX4", "rating": 4, "rating_count": 152, "price_usd": null, "amount": "4 g"}, {"name": "Arctic Silver 5 High-Density Polysynthetic Silver", "rating": 4, "rating_count": 40, "price_usd": 16.98, "amount": "12 g"}, {"name": "Cooler Master MasterGel Pro", "rating": 4, "rating_count": 2, "price_usd": 13.95, "amount": "1.5 g"}, {"name": "ARCTIC MX-5 Incl. Spatula", "rating": 0, "rating_count": 0, "price_usd": 5.99, "amount": "2 g"}, {"name": "ARCTIC MX-5", "rating": 5, "rating_count": 1, "price_usd": 8.11, "amount": "4 g"}, {"name": "TUNIQ TX-4 Extreme Performance", "rating": 5, "rating_count": 4, "price_usd": 29.99, "amount": "1 g"}, {"name": "Thermal Grizzly Hydronaut", "rating": 5, "rating_count": 7, "price_usd": 12.01, "amount": "3.9 g"}, {"name": "ARCTIC MX-5", "rating": 0, "rating_count": 0, "price_usd": 5.89, "amount": "2 g"}, {"name": "Cooler Master HTK-002", "rating": 4, "rating_count": 14, "price_usd": 6.76, "amount": "0.01 g"}, {"name": "ARCTIC MX-2 2019 Edition", "rating": 5, "rating_count": 1, "price_usd": 7.03, "amount": "4 g"}, {"name": "Prolimatech PK-Zero", "rating": 0, "rating_count": 0, "price_usd": null, "amount": "300 g"}, {"name": "ARCTIC MX-5 Incl. Spatula", "rating": 0, "rating_count": 0, "price_usd": 8.69, "amount": "4 g"}, {"name": "ARCTIC MX 4", "rating": 5, "rating_count": 3, "price_usd": 21.0, "amount": "20 g"}, {"name": "ARCTIC MX-2", "rating": 4, "rating_count": 3, "price_usd": null, "amount": "65 g"}, {"name": "ARCTIC MX2", "rating": 5, "rating_count": 1, "price_usd": null, "amount": "30 g"}, {"name": "Prolimatech PK-3 Nano Aluminum High-Grade", "rating": 5, "rating_count": 7, "price_usd": null, "amount": "1.5 g"}, {"name": "StarTech Metal Oxide", "rating": 5, "rating_count": 1, "price_usd": 9.99, "amount": "1.5 g"}, {"name": "Thermal Grizzly Aeronaut", "rating": 4, "rating_count": 3, "price_usd": 7.99, "amount": "3.9 g"}, {"name": "ARCTIC MX-5 Incl. Spatula", "rating": 0, "rating_count": 0, "price_usd": 11.99, "amount": "8 g"}, {"name": "Thermaltake CLZ0022", "rating": 4, "rating_count": 1, "price_usd": 19.95, "amount": "4 g"}, {"name": "ARCTIC MX-2", "rating": 4, "rating_count": 40, "price_usd": 7.84, "amount": "4 g"}, {"name": "Cooler Master MasterGel Maker", "rating": 5, "rating_count": 2, "price_usd": 14.99, "amount": "1.5 g"}, {"name": "Thermalright TFX", "rating": 0, "rating_count": 0, "price_usd": 39.99, "amount": "6.2 g"}, {"name": "Deepcool Z3", "rating": 4, "rating_count": 3, "price_usd": null, "amount": "1.5 g"}, {"name": "ARCTIC MX 2", "rating": 0, "rating_count": 0, "price_usd": 28.99, "amount": "65 g"}, {"name": "Cooler Master IC ESSENTIAL E1", "rating": 0, "rating_count": 0, "price_usd": 6.99, "amount": "3.75 g"}, {"name": "Deepcool Z5", "rating": 4, "rating_count": 5, "price_usd": null, "amount": "3 g"}, {"name": "Antec Formula 7 Nano Diamond", "rating": 4, "rating_count": 24, "price_usd": 16.98, "amount": "4 g"}, {"name": "Thermaltake CL-O002-GROSGM-A", "rating": 0, "rating_count": 0, "price_usd": 12.99, "amount": "40 g"}, {"name": "ARCTIC MX-4 2019", "rating": 4, "rating_count": 2, "price_usd": 10.33, "amount": "8 g"}, {"name": "be quiet! DC1", "rating": 0, "rating_count": 0, "price_usd": 10.61, "amount": "3 g"}, {"name": "Prolimatech PK-3 Nano Aluminum High-Grade", "rating": 0, "rating_count": 0, "price_usd": null, "amount": "30 g"}, {"name": "Arctic Silver Ceramique 2 Tri-Linear", "rating": 4, "rating_count": 7, "price_usd": 7.89, "amount": "25 g"}, {"name": "Coollaboratory Liquid Ultra", "rating": 5, "rating_count": 8, "price_usd": 11.33, "amount": "0.15 g"}, {"name": "ARCTIC MX-5", "rating": 0, "rating_count": 0, "price_usd": 23.99, "amount": "20 g"}, {"name": "StarTech HeatGrease", "rating": 0, "rating_count": 0, "price_usd": 5.51, "amount": "20 g"}, {"name": "Coollaboratory Liquid Pro", "rating": 4, "rating_count": 3, "price_usd": 9.85, "amount": "0.15 g"}, {"name": "Arctic Silver Arctic Alumina", "rating": 4, "rating_count": 5, "price_usd": null, "amount": "5 g"}, {"name": "Thermaltake CL-O001-GROSGM-A", "rating": 0, "rating_count": 0, "price_usd": 6.59, "amount": "1.5 g"}, {"name": "Innovation Cooling Diamond \"7 Carat\"", "rating": 4, "rating_count": 26, "price_usd": null, "amount": "1.5 g"}, {"name": "Cooler Master MasterGel Maker", "rating": 5, "rating_count": 2, "price_usd": 14.99, "amount": "1.5 g"}, {"name": "Prolimatech PK-2 Nano Aluminum High-Grade", "rating": 0, "rating_count": 0, "price_usd": 31.56, "amount": "30 g"}, {"name": "Sunbeam Iceberg TS-IB", "rating": 0, "rating_count": 0, "price_usd": 5.99, "amount": "1 g"}, {"name": "Cooler Master MasterGel Regular", "rating": 0, "rating_count": 0, "price_usd": 12.99, "amount": "1.5 g"}, {"name": "Thermaltake CL-O004-GROSGM-A", "rating": 4, "rating_count": 11, "price_usd": 7.99, "amount": "4 g"}, {"name": "EVGA Frostbite 2", "rating": 0, "rating_count": 0, "price_usd": 12.99, "amount": "2.5 g"}, {"name": "ARCTIC MX 2", "rating": 0, "rating_count": 0, "price_usd": 17.14, "amount": "30 g"}, {"name": "Thermalright TF8", "rating": 4, "rating_count": 1, "price_usd": 11.99, "amount": "2 g"}, {"name": "Deepcool Z9", "rating": 4, "rating_count": 4, "price_usd": 7.99, "amount": "3 g"}, {"name": "Cooler Master MasterGel Maker", "rating": 4, "rating_count": 12, "price_usd": null, "amount": "4 g"}, {"name": "Thermalright TF8", "rating": 0, "rating_count": 0, "price_usd": 24.99, "amount": "5.8 g"}, {"name": "Arctic Silver Arctic Alumina Premium Ceramic Polysynthetic", "rating": 4, "rating_count": 3, "price_usd": 12.29, "amount": "14 g"}, {"name": "Antec 77064", "rating": 1, "rating_count": 2, "price_usd": null, "amount": "1 g"}, {"name": "Thermalright Chill Factor 3", "rating": 5, "rating_count": 1, "price_usd": 7.99, "amount": "4 g"}, {"name": "Thermaltake CL-O0028", "rating": 4, "rating_count": 5, "price_usd": null, "amount": "4 g"}, {"name": "Gelid Solutions GC-Extreme", "rating": 4, "rating_count": 4, "price_usd": 19.48, "amount": "10 g"}, {"name": "Thermalright TFX", "rating": 0, "rating_count": 0, "price_usd": 19.98, "amount": "2 g"}, {"name": "Phanteks PH-NDC_02", "rating": 0, "rating_count": 0, "price_usd": 9.71, "amount": "2 g"}, {"name": "Zalman ZM-STG2", "rating": 5, "rating_count": 7, "price_usd": null, "amount": "3.5 g"}, {"name": "Prolimatech PK-1", "rating": 0, "rating_count": 0, "price_usd": null, "amount": "30 g"}, {"name": "EK EK-TIM Ectotherm", "rating": 0, "rating_count": 0, "price_usd": 11.03, "amount": "5 g"}, {"name": "Cooler Master IceFusion", "rating": 4, "rating_count": 1, "price_usd": null, "amount": "200 g"}, {"name": "Gelid Solutions GC-Supreme", "rating": 3, "rating_count": 2, "price_usd": 9.99, "amount": "7 g"}, {"name": "TUNIQ TX-2", "rating": 4, "rating_count": 3, "price_usd": null, "amount": "3.5 g"}, {"name": "Rosewill RCX-TC001", "rating": 0, "rating_count": 0, "price_usd": 10.99, "amount": "5 g"}, {"name": "Akasa AK-TCW-03", "rating": 0, "rating_count": 0, "price_usd": null, "amount": "5 g"}, {"name": "Prolimatech PK-2 Nano Aluminum High-Grade", "rating": 4, "rating_count": 1, "price_usd": null, "amount": "1.5 g"}, {"name": "Zalman ZM - STG1", "rating": 0, "rating_count": 0, "price_usd": 10.99, "amount": "3.5 g"}, {"name": "Cooler Master ThermalFusion 400", "rating": 4, "rating_count": 8, "price_usd": null, "amount": "4 g"}, {"name": "Prolimatech PK-1", "rating": 5, "rating_count": 4, "price_usd": 14.13, "amount": "5 g"}, {"name": "Prolimatech PK-2 Nano Aluminum High-Grade", "rating": 4, "rating_count": 2, "price_usd": null, "amount": "5 g"}, {"name": "TUNIQ TX-2 Extreme", "rating": 0, "rating_count": 0, "price_usd": null, "amount": "1 g"}, {"name": "Masscool Stars-700", "rating": 0, "rating_count": 0, "price_usd": 5.99, "amount": "0.5 g"}, {"name": "Masscool G751 Shin-Etsu", "rating": 5, "rating_count": 6, "price_usd": null, "amount": "0.5 g"}, {"name": "Biostar TC-DIAMOND", "rating": 0, "rating_count": 0, "price_usd": null, "amount": "1.5 g"}, {"name": "Prolimatech PK-1", "rating": 5, "rating_count": 3, "price_usd": 7.99, "amount": "1.5 g"}, {"name": "Prolimatech PK-Zero", "rating": 0, "rating_count": 0, "price_usd": null, "amount": "5 g"}, {"name": "CRYORIG CP15", "rating": 3, "rating_count": 1, "price_usd": null, "amount": "4 g"}, {"name": "Antec Formula 6 Nano Diamond", "rating": 0, "rating_count": 0, "price_usd": null, "amount": "4 g"}, {"name": "Cooler Master IceFusion", "rating": 0, "rating_count": 0, "price_usd": null, "amount": "40 g"}, {"name": "Evercool TC-25", "rating": 0, "rating_count": 0, "price_usd": null, "amount": "25 g"}, {"name": "Arctic Silver 5 High-Density Polysynthetic Silver", "rating": 4, "rating_count": 571, "price_usd": 6.94, "amount": "3.5 g"}, {"name": "Thermal Grizzly Kryonaut", "rating": 4, "rating_count": 167, "price_usd": 5.94, "amount": "1 g"}, {"name": "Prolimatech PK-Zero", "rating": 0, "rating_count": 0, "price_usd": 258.0, "amount": "600 g"}, {"name": "ARCTIC MX-4 2019 Edition", "rating": 4, "rating_count": 55, "price_usd": 6.89, "amount": "4 g"}, {"name": "Thermal Grizzly Kryonaut Extreme", "rating": 5, "rating_count": 1, "price_usd": 23.11, "amount": "2 g"}, {"name": "Noctua NT-H1", "rating": 4, "rating_count": 105, "price_usd": 7.9, "amount": "3.5 g"}, {"name": "Thermal Grizzly Kryonaut", "rating": 4, "rating_count": 53, "price_usd": 19.98, "amount": "5.5 g"}, {"name": "Corsair XTM50", "rating": 4, "rating_count": 8, "price_usd": 13.99, "amount": "5 g"}, {"name": "Corsair TM30", "rating": 4, "rating_count": 18, "price_usd": 7.99, "amount": "3 g"}, {"name": "Arctic Silver Arctic Alumina Premium Ceramic Polysynthetic", "rating": 4, "rating_count": 14, "price_usd": 4.9, "amount": "1.75 g"}, {"name": "Noctua NT-H2", "rating": 5, "rating_count": 8, "price_usd": 16.89, "amount": "3.5 g"}, {"name": "Thermal Grizzly Conductonaut", "rating": 4, "rating_count": 31, "price_usd": 10.41, "amount": "1 g"}, {"name": "ARCTIC MX-5 Incl. Spatula", "rating": 0, "rating_count": 0, "price_usd": 44.99, "amount": "20 g"}, {"name": "Gelid Solutions GC-Extreme", "rating": 4, "rating_count": 41, "price_usd": 9.49, "amount": "3.5 g"}, {"name": "ARCTIC MX4", "rating": 4, "rating_count": 13, "price_usd": 45.64, "amount": "20 g"}, {"name": "Noctua NT-H2", "rating": 4, "rating_count": 11, "price_usd": 28.89, "amount": "10 g"}, {"name": "Arctic Silver Ceramique 2 Tri-Linear", "rating": 4, "rating_count": 17, "price_usd": 5.49, "amount": "2.7 g"}, {"name": "Prolimatech PK-3 Nano Aluminum High-Grade", "rating": 5, "rating_count": 5, "price_usd": 23.99, "amount": "5 g"}, {"name": "ARCTIC MX-5", "rating": 0, "rating_count": 0, "price_usd": 11.89, "amount": "8 g"}, {"name": "ARCTIC MX4", "rating": 4, "rating_count": 152, "price_usd": null, "amount": "4 g"}, {"name": "Arctic Silver 5 High-Density Polysynthetic Silver", "rating": 4, "rating_count": 40, "price_usd": 16.98, "amount": "12 g"}, {"name": "Cooler Master MasterGel Pro", "rating": 4, "rating_count": 2, "price_usd": 13.95, "amount": "1.5 g"}, {"name": "ARCTIC MX-5 Incl. Spatula", "rating": 0, "rating_count": 0, "price_usd": 5.99, "amount": "2 g"}, {"name": "ARCTIC MX-5", "rating": 5, "rating_count": 1, "price_usd": 8.11, "amount": "4 g"}, {"name": "TUNIQ TX-4 Extreme Performance", "rating": 5, "rating_count": 4, "price_usd": 29.99, "amount": "1 g"}, {"name": "Thermal Grizzly Hydronaut", "rating": 5, "rating_count": 7, "price_usd": 12.01, "amount": "3.9 g"}, {"name": "ARCTIC MX-5", "rating": 0, "rating_count": 0, "price_usd": 5.89, "amount": "2 g"}, {"name": "Cooler Master HTK-002", "rating": 4, "rating_count": 14, "price_usd": 6.76, "amount": "0.01 g"}, {"name": "ARCTIC MX-2 2019 Edition", "rating": 5, "rating_count": 1, "price_usd": 7.03, "amount": "4 g"}, {"name": "Prolimatech PK-Zero", "rating": 0, "rating_count": 0, "price_usd": null, "amount": "300 g"}, {"name": "ARCTIC MX-5 Incl. Spatula", "rating": 0, "rating_count": 0, "price_usd": 8.69, "amount": "4 g"}, {"name": "ARCTIC MX 4", "rating": 5, "rating_count": 3, "price_usd": 21.0, "amount": "20 g"}, {"name": "ARCTIC MX-2", "rating": 4, "rating_count": 3, "price_usd": null, "amount": "65 g"}, {"name": "ARCTIC MX2", "rating": 5, "rating_count": 1, "price_usd": null, "amount": "30 g"}, {"name": "Prolimatech PK-3 Nano Aluminum High-Grade", "rating": 5, "rating_count": 7, "price_usd": null, "amount": "1.5 g"}, {"name": "StarTech Metal Oxide", "rating": 5, "rating_count": 1, "price_usd": 9.99, "amount": "1.5 g"}, {"name": "Thermal Grizzly Aeronaut", "rating": 4, "rating_count": 3, "price_usd": 7.99, "amount": "3.9 g"}, {"name": "ARCTIC MX-5 Incl. Spatula", "rating": 0, "rating_count": 0, "price_usd": 11.99, "amount": "8 g"}, {"name": "Thermaltake CLZ0022", "rating": 4, "rating_count": 1, "price_usd": 19.95, "amount": "4 g"}, {"name": "ARCTIC MX-2", "rating": 4, "rating_count": 40, "price_usd": 7.84, "amount": "4 g"}, {"name": "Cooler Master MasterGel Maker", "rating": 5, "rating_count": 2, "price_usd": 14.99, "amount": "1.5 g"}, {"name": "Thermalright TFX", "rating": 0, "rating_count": 0, "price_usd": 39.99, "amount": "6.2 g"}, {"name": "Deepcool Z3", "rating": 4, "rating_count": 3, "price_usd": null, "amount": "1.5 g"}, {"name": "ARCTIC MX 2", "rating": 0, "rating_count": 0, "price_usd": 28.99, "amount": "65 g"}, {"name": "Cooler Master IC ESSENTIAL E1", "rating": 0, "rating_count": 0, "price_usd": 6.99, "amount": "3.75 g"}, {"name": "Deepcool Z5", "rating": 4, "rating_count": 5, "price_usd": null, "amount": "3 g"}, {"name": "Antec Formula 7 Nano Diamond", "rating": 4, "rating_count": 24, "price_usd": 16.98, "amount": "4 g"}, {"name": "Thermaltake CL-O002-GROSGM-A", "rating": 0, "rating_count": 0, "price_usd": 12.99, "amount": "40 g"}, {"name": "ARCTIC MX-4 2019", "rating": 4, "rating_count": 2, "price_usd": 10.33, "amount": "8 g"}, {"name": "be quiet! DC1", "rating": 0, "rating_count": 0, "price_usd": 10.61, "amount": "3 g"}, {"name": "Prolimatech PK-3 Nano Aluminum High-Grade", "rating": 0, "rating_count": 0, "price_usd": null, "amount": "30 g"}, {"name": "Arctic Silver Ceramique 2 Tri-Linear", "rating": 4, "rating_count": 7, "price_usd": 7.89, "amount": "25 g"}, {"name": "Coollaboratory Liquid Ultra", "rating": 5, "rating_count": 8, "price_usd": 11.33, "amount": "0.15 g"}, {"name": "ARCTIC MX-5", "rating": 0, "rating_count": 0, "price_usd": 23.99, "amount": "20 g"}, {"name": "StarTech HeatGrease", "rating": 0, "rating_count": 0, "price_usd": 5.51, "amount": "20 g"}, {"name": "Coollaboratory Liquid Pro", "rating": 4, "rating_count": 3, "price_usd": 9.85, "amount": "0.15 g"}, {"name": "Arctic Silver Arctic Alumina", "rating": 4, "rating_count": 5, "price_usd": null, "amount": "5 g"}, {"name": "Thermaltake CL-O001-GROSGM-A", "rating": 0, "rating_count": 0, "price_usd": 6.59, "amount": "1.5 g"}, {"name": "Innovation Cooling Diamond \"7 Carat\"", "rating": 4, "rating_count": 26, "price_usd": null, "amount": "1.5 g"}, {"name": "Cooler Master MasterGel Maker", "rating": 5, "rating_count": 2, "price_usd": 14.99, "amount": "1.5 g"}, {"name": "Prolimatech PK-2 Nano Aluminum High-Grade", "rating": 0, "rating_count": 0, "price_usd": 31.56, "amount": "30 g"}, {"name": "Sunbeam Iceberg TS-IB", "rating": 0, "rating_count": 0, "price_usd": 5.99, "amount": "1 g"}, {"name": "Cooler Master MasterGel Regular", "rating": 0, "rating_count": 0, "price_usd": 12.99, "amount": "1.5 g"}, {"name": "Thermaltake CL-O004-GROSGM-A", "rating": 4, "rating_count": 11, "price_usd": 7.99, "amount": "4 g"}, {"name": "EVGA Frostbite 2", "rating": 0, "rating_count": 0, "price_usd": 12.99, "amount": "2.5 g"}, {"name": "ARCTIC MX 2", "rating": 0, "rating_count": 0, "price_usd": 17.14, "amount": "30 g"}, {"name": "Thermalright TF8", "rating": 4, "rating_count": 1, "price_usd": 11.99, "amount": "2 g"}, {"name": "Deepcool Z9", "rating": 4, "rating_count": 4, "price_usd": 7.99, "amount": "3 g"}, {"name": "Cooler Master MasterGel Maker", "rating": 4, "rating_count": 12, "price_usd": null, "amount": "4 g"}, {"name": "Thermalright TF8", "rating": 0, "rating_count": 0, "price_usd": 24.99, "amount": "5.8 g"}, {"name": "Arctic Silver Arctic Alumina Premium Ceramic Polysynthetic", "rating": 4, "rating_count": 3, "price_usd": 12.29, "amount": "14 g"}, {"name": "Antec 77064", "rating": 1, "rating_count": 2, "price_usd": null, "amount": "1 g"}, {"name": "Thermalright Chill Factor 3", "rating": 5, "rating_count": 1, "price_usd": 7.99, "amount": "4 g"}, {"name": "Thermaltake CL-O0028", "rating": 4, "rating_count": 5, "price_usd": null, "amount": "4 g"}, {"name": "Gelid Solutions GC-Extreme", "rating": 4, "rating_count": 4, "price_usd": 19.48, "amount": "10 g"}, {"name": "Thermalright TFX", "rating": 0, "rating_count": 0, "price_usd": 19.98, "amount": "2 g"}, {"name": "Phanteks PH-NDC_02", "rating": 0, "rating_count": 0, "price_usd": 9.71, "amount": "2 g"}, {"name": "Zalman ZM-STG2", "rating": 5, "rating_count": 7, "price_usd": null, "amount": "3.5 g"}, {"name": "Prolimatech PK-1", "rating": 0, "rating_count": 0, "price_usd": null, "amount": "30 g"}, {"name": "EK EK-TIM Ectotherm", "rating": 0, "rating_count": 0, "price_usd": 11.03, "amount": "5 g"}, {"name": "Cooler Master IceFusion", "rating": 4, "rating_count": 1, "price_usd": null, "amount": "200 g"}, {"name": "Gelid Solutions GC-Supreme", "rating": 3, "rating_count": 2, "price_usd": 9.99, "amount": "7 g"}, {"name": "TUNIQ TX-2", "rating": 4, "rating_count": 3, "price_usd": null, "amount": "3.5 g"}, {"name": "Rosewill RCX-TC001", "rating": 0, "rating_count": 0, "price_usd": 10.99, "amount": "5 g"}, {"name": "Akasa AK-TCW-03", "rating": 0, "rating_count": 0, "price_usd": null, "amount": "5 g"}, {"name": "Prolimatech PK-2 Nano Aluminum High-Grade", "rating": 4, "rating_count": 1, "price_usd": null, "amount": "1.5 g"}, {"name": "Zalman ZM - STG1", "rating": 0, "rating_count": 0, "price_usd": 10.99, "amount": "3.5 g"}, {"name": "Cooler Master ThermalFusion 400", "rating": 4, "rating_count": 8, "price_usd": null, "amount": "4 g"}, {"name": "Prolimatech PK-1", "rating": 5, "rating_count": 4, "price_usd": 14.13, "amount": "5 g"}, {"name": "Prolimatech PK-2 Nano Aluminum High-Grade", "rating": 4, "rating_count": 2, "price_usd": null, "amount": "5 g"}, {"name": "TUNIQ TX-2 Extreme", "rating": 0, "rating_count": 0, "price_usd": null, "amount": "1 g"}, {"name": "Masscool Stars-700", "rating": 0, "rating_count": 0, "price_usd": 5.99, "amount": "0.5 g"}, {"name": "Masscool G751 Shin-Etsu", "rating": 5, "rating_count": 6, "price_usd": null, "amount": "0.5 g"}, {"name": "Biostar TC-DIAMOND", "rating": 0, "rating_count": 0, "price_usd": null, "amount": "1.5 g"}, {"name": "Prolimatech PK-1", "rating": 5, "rating_count": 3, "price_usd": 7.99, "amount": "1.5 g"}, {"name": "Prolimatech PK-Zero", "rating": 0, "rating_count": 0, "price_usd": null, "amount": "5 g"}, {"name": "CRYORIG CP15", "rating": 3, "rating_count": 1, "price_usd": null, "amount": "4 g"}, {"name": "Antec Formula 6 Nano Diamond", "rating": 0, "rating_count": 0, "price_usd": null, "amount": "4 g"}, {"name": "Cooler Master IceFusion", "rating": 0, "rating_count": 0, "price_usd": null, "amount": "40 g"}, {"name": "Evercool TC-25", "rating": 0, "rating_count": 0, "price_usd": null, "amount": "25 g"}]