[{"name": "Thermal Grizzly Kryonaut 1g", "rating": 4, "rating_count": 137, "price_usd": 8.99, "amount": "1 g"}, {"name": "ARCTIC MX-4 2019 Edition", "rating": 4, "rating_count": 46, "price_usd": 7.99, "amount": "4 g"}, {"name": "Prolimatech PK-Zero", "rating": 0, "rating_count": 0, "price_usd": 214.61, "amount": "600 g"}, {"name": "Thermal Grizzly Kryonaut", "rating": 4, "rating_count": 47, "price_usd": 23.95, "amount": "5.5 g"}, {"name": "Noctua NT-H1", "rating": 4, "rating_count": 98, "price_usd": 7.9, "amount": "3.5 g"}, {"name": "Thermal Grizzly Conductonaut", "rating": 4, "rating_count": 29, "price_usd": 12.94, "amount": "1 g"}, {"name": "Corsair TM30", "rating": 4, "rating_count": 13, "price_usd": 7.99, "amount": "3 g"}, {"name": "Corsair XTM50", "rating": 4, "rating_count": 5, "price_usd": 14.99, "amount": "5 g"}, {"name": "Arctic Silver Arctic Alumina Premium Ceramic Polysynthetic", "rating": 4, "rating_count": 15, "price_usd": 4.9, "amount": "1.75 g"}, {"name": "Arctic Silver Ceramique 2 Tri-Linear", "rating": 4, "rating_count": 17, "price_usd": 5.49, "amount": "2.7 g"}, {"name": "Noctua NT-H2", "rating": 5, "rating_count": 8, "price_usd": 12.9, "amount": "3.5 g"}, {"name": "ARCTIC MX4", "rating": 4, "rating_count": 13, "price_usd": null, "amount": "20 g"}, {"name": "Gelid Solutions GC-Extreme", "rating": 4, "rating_count": 41, "price_usd": 12.95, "amount": "3.5 g"}, {"name": "Prolimatech PK-Zero", "rating": 0, "rating_count": 0, "price_usd": 151.09, "amount": "300 g"}, {"name": "ARCTIC MX-2 2019 Edition", "rating": 0, "rating_count": 0, "price_usd": 6.14, "amount": "4 g"}, {"name": "ARCTIC MX4", "rating": 4, "rating_count": 148, "price_usd": null, "amount": "4 g"}, {"name": "Thermal Grizzly Hydronaut", "rating": 5, "rating_count": 6, "price_usd": 13.25, "amount": "3.9 g"}, {"name": "Arctic Silver 5 High-Density Polysynthetic Silver", "rating": 4, "rating_count": 40, "price_usd": 17.99, "amount": "12 g"}, {"name": "ARCTIC MX 4", "rating": 5, "rating_count": 1, "price_usd": 22.22, "amount": "20 g"}, {"name": "ARCTIC MX-2", "rating": 4, "rating_count": 39, "price_usd": 8.26, "amount": "4 g"}, {"name": "Prolimatech PK-2 Nano Aluminum High-Grade", "rating": 4, "rating_count": 1, "price_usd": null, "amount": "1.5 g"}, {"name": "Cooler Master HTK-002", "rating": 4, "rating_count": 13, "price_usd": 7.98, "amount": "0.01 g"}, {"name": "TUNIQ TX-4 Extreme Performance", "rating": 5, "rating_count": 4, "price_usd": 32.99, "amount": "1 g"}, {"name": "Antec Formula 7 Nano Diamond", "rating": 4, "rating_count": 24, "price_usd": 52.99, "amount": "4 g"}, {"name": "ARCTIC MX-2", "rating": 4, "rating_count": 3, "price_usd": 40.9, "amount": "65 g"}, {"name": "Cooler Master MasterGel Maker", "rating": 5, "rating_count": 1, "price_usd": 14.99, "amount": "1.5 g"}, {"name": "ARCTIC MX-4 2019", "rating": 4, "rating_count": 2, "price_usd": 10.55, "amount": "8 g"}, {"name": "Thermalright TFX", "rating": 0, "rating_count": 0, "price_usd": null, "amount": "6.2 g"}, {"name": "Cooler Master IC ESSENTIAL E1", "rating": 0, "rating_count": 0, "price_usd": 6.99, "amount": "3.75 g"}, {"name": "Evercool TC-25", "rating": 0, "rating_count": 0, "price_usd": 189.52, "amount": "25 g"}, {"name": "StarTech Metal Oxide", "rating": 5, "rating_count": 1, "price_usd": 11.94, "amount": "1.5 g"}, {"name": "Noctua NT-H2", "rating": 4, "rating_count": 9, "price_usd": null, "amount": "10 g"}, {"name": "Thermal Grizzly Aeronaut", "rating": 5, "rating_count": 1, "price_usd": 9.5, "amount": "3.9 g"}, {"name": "Deepcool Z5", "rating": 4, "rating_count": 5, "price_usd": null, "amount": "3 g"}, {"name": "Cooler Master MasterGel Pro", "rating": 0, "rating_count": 0, "price_usd": null, "amount": "1.5 g"}, {"name": "ARCTIC MX 2", "rating": 0, "rating_count": 0, "price_usd": 33.54, "amount": "65 g"}, {"name": "Thermalright TF8", "rating": 0, "rating_count": 0, "price_usd": 24.99, "amount": "5.8 g"}, {"name": "Thermaltake CL-O004-GROSGM-A", "rating": 4, "rating_count": 11, "price_usd": 7.99, "amount": "4 g"}, {"name": "Arctic Silver Arctic Alumina", "rating": 4, "rating_count": 5, "price_usd": null, "amount": "5 g"}, {"name": "ARCTIC MX2", "rating": 5, "rating_count": 1, "price_usd": 29.98, "amount": "30 g"}, {"name": "Deepcool Z3", "rating": 4, "rating_count": 3, "price_usd": null, "amount": "1.5 g"}, {"name": "Arctic Silver Ceramique 2 Tri-Linear", "rating": 4, "rating_count": 8, "price_usd": 7.89, "amount": "25 g"}, {"name": "Sunbeam Iceberg TS-IB", "rating": 0, "rating_count": 0, "price_usd": 5.99, "amount": "1 g"}, {"name": "Coollaboratory Liquid Ultra", "rating": 5, "rating_count": 8, "price_usd": 11.49, "amount": "0.15 g"}, {"name": "Arctic Silver Arctic Alumina Premium Ceramic Polysynthetic", "rating": 4, "rating_count": 3, "price_usd": 7.96, "amount": "14 g"}, {"name": "Prolimatech PK-3 Nano Aluminum High-Grade", "rating": 5, "rating_count": 5, "price_usd": 16.98, "amount": "5 g"}, {"name": "Innovation Cooling Diamond \"7 Carat\"", "rating": 4, "rating_count": 26, "price_usd": null, "amount": "1.5 g"}, {"name": "Thermaltake CLZ0022", "rating": 4, "rating_count": 1, "price_usd": 15.99, "amount": "4 g"}, {"name": "Cooler Master MasterGel Maker", "rating": 4, "rating_count": 12, "price_usd": null, "amount": "4 g"}, {"name": "Thermaltake CL-O001-GROSGM-A", "rating": 0, "rating_count": 0, "price_usd": 7.19, "amount": "1.5 g"}, {"name": "EVGA Frostbite 2", "rating": 0, "rating_count": 0, "price_usd": 12.99, "amount": "2.5 g"}, {"name": "Coollaboratory Liquid Pro", "rating": 4, "rating_count": 3, "price_usd": 12.63, "amount": "0.15 g"}, {"name": "Gelid Solutions GC-Extreme", "rating": 4, "rating_count": 4, "price_usd": 28.98, "amount": "10 g"}, {"name": "Deepcool Z9", "rating": 4, "rating_count": 4, "price_usd": 9.98, "amount": "3 g"}, {"name": "Thermaltake CL-O002-GROSGM-A", "rating": 0, "rating_count": 0, "price_usd": 12.99, "amount": "40 g"}, {"name": "Thermalright TFX", "rating": 0, "rating_count": 0, "price_usd": 19.98, "amount": "2 g"}, {"name": "Prolimatech PK-2 Nano Aluminum High-Grade", "rating": 0, "rating_count": 0, "price_usd": 28.99, "amount": "30 g"}, {"name": "ARCTIC MX 2", "rating": 0, "rating_count": 0, "price_usd": 18.98, "amount": "30 g"}, {"name": "Cooler Master MasterGel Maker", "rating": 0, "rating_count": 0, "price_usd": 15.98, "amount": "1.5 g"}, {"name": "Prolimatech PK-3 Nano Aluminum High-Grade", "rating": 5, "rating_count": 7, "price_usd": null, "amount": "1.5 g"}, {"name": "Cooler Master MasterGel Regular", "rating": 0, "rating_count": 0, "price_usd": 10.98, "amount": "1.5 g"}, {"name": "Masscool Stars-700", "rating": 0, "rating_count": 0, "price_usd": 5.99, "amount": "0.5 g"}, {"name": "Thermalright TF8", "rating": 4, "rating_count": 1, "price_usd": null, "amount": "2 g"}, {"name": "Masscool G751 Shin-Etsu", "rating": 5, "rating_count": 6, "price_usd": 7.47, "amount": "0.5 g"}, {"name": "Phanteks PH-NDC_02", "rating": 0, "rating_count": 0, "price_usd": 9.99, "amount": "2 g"}, {"name": "Zalman ZM-STG2", "rating": 5, "rating_count": 7, "price_usd": 9.16, "amount": "3.5 g"}, {"name": "Graphitene GTP-5", "rating": 0, "rating_count": 0, "price_usd": 13.99, "amount": "3.5 g"}, {"name": "TUNIQ TX-2", "rating": 4, "rating_count": 3, "price_usd": null, "amount": "3.5 g"}, {"name": "StarTech HeatGrease", "rating": 0, "rating_count": 0, "price_usd": 7.99, "amount": "20 g"}, {"name": "Thermalright Chill Factor 3", "rating": 5, "rating_count": 1, "price_usd": 7.99, "amount": "4 g"}, {"name": "Prolimatech PK-1", "rating": 5, "rating_count": 3, "price_usd": 7.29, "amount": "1.5 g"}, {"name": "Innovation Cooling ICD24", "rating": 5, "rating_count": 1, "price_usd": null, "amount": "4.8 g"}, {"name": "Prolimatech PK-Zero", "rating": 0, "rating_count": 0, "price_usd": 11.99, "amount": "5 g"}, {"name": "Gelid Solutions GC-Supreme", "rating": 3, "rating_count": 2, "price_usd": 12.99, "amount": "7 g"}, {"name": "Prolimatech PK-2 Nano Aluminum High-Grade", "rating": 4, "rating_count": 2, "price_usd": 16.98, "amount": "5 g"}, {"name": "Zalman ZM - STG1", "rating": 0, "rating_count": 0, "price_usd": 11.73, "amount": "3.5 g"}, {"name": "Cooler Master IceFusion", "rating": 4, "rating_count": 1, "price_usd": null, "amount": "200 g"}, {"name": "Sunbeam GI-1", "rating": 0, "rating_count": 0, "price_usd": 7.95, "amount": "3.5 g"}, {"name": "CRYORIG CP7", "rating": 4, "rating_count": 2, "price_usd": null, "amount": "4 g"}, {"name": "Thermalright Silver King", "rating": 0, "rating_count": 0, "price_usd": null, "amount": "1 g"}, {"name": "Cooler Master ThermalFusion 400", "rating": 4, "rating_count": 8, "price_usd": null, "amount": "4 g"}, {"name": "Prolimatech PK-1", "rating": 5, "rating_count": 4, "price_usd": 13.59, "amount": "5 g"}, {"name": "Antec 77064", "rating": 1, "rating_count": 2, "price_usd": null, "amount": "1 g"}, {"name": "NOX Thermal 880", "rating": 0, "rating_count": 0, "price_usd": null, "amount": "23 g"}, {"name": "Prolimatech PK-3 Nano Aluminum High-Grade", "rating": 0, "rating_count": 0, "price_usd": null, "amount": "30 g"}, {"name": "TUNIQ TX-2 Extreme", "rating": 0, "rating_count": 0, "price_usd": null, "amount": "1 g"}, {"name": "Masscool Fanner-420", "rating": 4, "rating_count": 3, "price_usd": 8.53, "amount": "2 g"}, {"name": "Xigmatek PTI-G3606", "rating": 0, "rating_count": 0, "price_usd": null, "amount": "3 g"}, {"name": "Biostar TC-DIAMOND", "rating": 0, "rating_count": 0, "price_usd": null, "amount": "1.5 g"}, {"name": "Xigmatek Freezing Point G4718", "rating": 0, "rating_count": 0, "price_usd": null, "amount": "4 g"}, {"name": "Prolimatech PK-1", "rating": 0, "rating_count": 0, "price_usd": 29.49, "amount": "30 g"}, {"name": "Prolimatech PK-Zero", "rating": 0, "rating_count": 0, "price_usd": null, "amount": "30 g"}, {"name": "CRYORIG CP15", "rating": 3, "rating_count": 1, "price_usd": null, "amount": "4 g"}, {"name": "Antec Formula 6 Nano Diamond", "rating": 0, "rating_count": 0, "price_usd": null, "amount": "4 g"}, {"name": "Cooler Master IceFusion", "rating": 0, "rating_count": 0, "price_usd": null, "amount": "40 g"}, {"name": "Xigmatek PTI-G4512", "rating": 5, "rating_count": 3, "price_usd": null, "amount": "4 g"}, {"name": "Rosewill RCX-TC001", "rating": 0, "rating_count": 0, "price_usd": null, "amount": "5 g"}, {"name": "Rosewill RCX-TC090PRO", "rating": 0, "rating_count": 0, "price_usd": null, "amount": "20 g"}, {"name": "Thermaltake CL-O0028", "rating": 4, "rating_count": 5, "price_usd": null, "amount": "4 g"}, {"name": "Thermal Grizzly Kryonaut 1g", "rating": 4, "rating_count": 137, "price_usd": 8.99, "amount": "1 g"}, {"name": "ARCTIC MX-4 2019 Edition", "rating": 4, "rating_count": 46, "price_usd": 7.99, "amount": "4 g"}, {"name": "Prolimatech PK-Zero", "rating": 0, "rating_count": 0, "price_usd": 214.61, "amount": "600 g"}, {"name": "Thermal Grizzly Kryonaut", "rating": 4, "rating_count": 47, "price_usd": 23.95, "amount": "5.5 g"}, {"name": "Noctua NT-H1", "rating": 4, "rating_count": 98, "price_usd": 7.9, "amount": "3.5 g"}, {"name": "Thermal Grizzly Conductonaut", "rating": 4, "rating_count": 29, "price_usd": 12.94, "amount": "1 g"}, {"name": "Corsair TM30", "rating": 4, "rating_count": 13, "price_usd": 7.99, "amount": "3 g"}, {"name": "Corsair XTM50", "rating": 4, "rating_count": 5, "price_usd": 14.99, "amount": "5 g"}, {"name": "Arctic Silver Arctic Alumina Premium Ceramic Polysynthetic", "rating": 4, "rating_count": 15, "price_usd": 4.9, "amount": "1.75 g"}, {"name": "Arctic Silver Ceramique 2 Tri-Linear", "rating": 4, "rating_count": 17, "price_usd": 5.49, "amount": "2.7 g"}, {"name": "Noctua NT-H2", "rating": 5, "rating_count": 8, "price_usd": 12.9, "amount": "3.5 g"}, {"name": "ARCTIC MX4", "rating": 4, "rating_count": 13, "price_usd": null, "amount": "20 g"}, {"name": "Gelid Solutions GC-Extreme", "rating": 4, "rating_count": 41, "price_usd": 12.95, "amount": "3.5 g"}, {"name": "Prolimatech PK-Zero", "rating": 0, "rating_count": 0, "price_usd": 151.09, "amount": "300 g"}, {"name": "ARCTIC MX-2 2019 Edition", "rating": 0, "rating_count": 0, "price_usd": 6.14, "amount": "4 g"}, {"name": "ARCTIC MX4", "rating": 4, "rating_count": 148, "price_usd": null, "amount": "4 g"}, {"name": "Thermal Grizzly Hydronaut", "rating": 5, "rating_count": 6, "price_usd": 13.25, "amount": "3.9 g"}, {"name": "Arctic Silver 5 High-Density Polysynthetic Silver", "rating": 4, "rating_count": 40, "price_usd": 17.99, "amount": "12 g"}, {"name": "ARCTIC MX 4", "rating": 5, "rating_count": 1, "price_usd": 22.22, "amount": "20 g"}, {"name": "ARCTIC MX-2", "rating": 4, "rating_count": 39, "price_usd": 8.26, "amount": "4 g"}, {"name": "Prolimatech PK-2 Nano Aluminum High-Grade", "rating": 4, "rating_count": 1, "price_usd": null, "amount": "1.5 g"}, {"name": "Cooler Master HTK-002", "rating": 4, "rating_count": 13, "price_usd": 7.98, "amount": "0.01 g"}, {"name": "TUNIQ TX-4 Extreme Performance", "rating": 5, "rating_count": 4, "price_usd": 32.99, "amount": "1 g"}, {"name": "Antec Formula 7 Nano Diamond", "rating": 4, "rating_count": 24, "price_usd": 52.99, "amount": "4 g"}, {"name": "ARCTIC MX-2", "rating": 4, "rating_count": 3, "price_usd": 40.9, "amount": "65 g"}, {"name": "Cooler Master MasterGel Maker", "rating": 5, "rating_count": 1, "price_usd": 14.99, "amount": "1.5 g"}, {"name": "ARCTIC MX-4 2019", "rating": 4, "rating_count": 2, "price_usd": 10.55, "amount": "8 g"}, {"name": "Thermalright TFX", "rating": 0, "rating_count": 0, "price_usd": null, "amount": "6.2 g"}, {"name": "Cooler Master IC ESSENTIAL E1", "rating": 0, "rating_count": 0, "price_usd": 6.99, "amount": "3.75 g"}, {"name": "Evercool TC-25", "rating": 0, "rating_count": 0, "price_usd": 189.52, "amount": "25 g"}, {"name": "StarTech Metal Oxide", "rating": 5, "rating_count": 1, "price_usd": 11.94, "amount": "1.5 g"}, {"name": "Noctua NT-H2", "rating": 4, "rating_count": 9, "price_usd": null, "amount": "10 g"}, {"name": "Thermal Grizzly Aeronaut", "rating": 5, "rating_count": 1, "price_usd": 9.5, "amount": "3.9 g"}, {"name": "Deepcool Z5", "rating": 4, "rating_count": 5, "price_usd": null, "amount": "3 g"}, {"name": "Cooler Master MasterGel Pro", "rating": 0, "rating_count": 0, "price_usd": null, "amount": "1.5 g"}, {"name": "ARCTIC MX 2", "rating": 0, "rating_count": 0, "price_usd": 33.54, "amount": "65 g"}, {"name": "Thermalright TF8", "rating": 0, "rating_count": 0, "price_usd": 24.99, "amount": "5.8 g"}, {"name": "Thermaltake CL-O004-GROSGM-A", "rating": 4, "rating_count": 11, "price_usd": 7.99, "amount": "4 g"}, {"name": "Arctic Silver Arctic Alumina", "rating": 4, "rating_count": 5, "price_usd": null, "amount": "5 g"}, {"name": "ARCTIC MX2", "rating": 5, "rating_count": 1, "price_usd": 29.98, "amount": "30 g"}, {"name": "Deepcool Z3", "rating": 4, "rating_count": 3, "price_usd": null, "amount": "1.5 g"}, {"name": "Arctic Silver Ceramique 2 Tri-Linear", "rating": 4, "rating_count": 8, "price_usd": 7.89, "amount": "25 g"}, {"name": "Sunbeam Iceberg TS-IB", "rating": 0, "rating_count": 0, "price_usd": 5.99, "amount": "1 g"}, {"name": "Coollaboratory Liquid Ultra", "rating": 5, "rating_count": 8, "price_usd": 11.49, "amount": "0.15 g"}, {"name": "Arctic Silver Arctic Alumina Premium Ceramic Polysynthetic", "rating": 4, "rating_count": 3, "price_usd": 7.96, "amount": "14 g"}, {"name": "Prolimatech PK-3 Nano Aluminum High-Grade", "rating": 5, "rating_count": 5, "price_usd": 16.98, "amount": "5 g"}, {"name": "Innovation Cooling Diamond \"7 Carat\"", "rating": 4, "rating_count": 26, "price_usd": null, "amount": "1.5 g"}, {"name": "Thermaltake CLZ0022", "rating": 4, "rating_count": 1, "price_usd": 15.99, "amount": "4 g"}, {"name": "Cooler Master MasterGel Maker", "rating": 4, "rating_count": 12, "price_usd": null, "amount": "4 g"}, {"name": "Thermaltake CL-O001-GROSGM-A", "rating": 0, "rating_count": 0, "price_usd": 7.19, "amount": "1.5 g"}, {"name": "EVGA Frostbite 2", "rating": 0, "rating_count": 0, "price_usd": 12.99, "amount": "2.5 g"}, {"name": "Coollaboratory Liquid Pro", "rating": 4, "rating_count": 3, "price_usd": 12.63, "amount": "0.15 g"}, {"name": "Gelid Solutions GC-Extreme", "rating": 4, "rating_count": 4, "price_usd": 28.98, "amount": "10 g"}, {"name": "Deepcool Z9", "rating": 4, "rating_count": 4, "price_usd": 9.98, "amount": "3 g"}, {"name": "Thermaltake CL-O002-GROSGM-A", "rating": 0, "rating_count": 0, "price_usd": 12.99, "amount": "40 g"}, {"name": "Thermalright TFX", "rating": 0, "rating_count": 0, "price_usd": 19.98, "amount": "2 g"}, {"name": "Prolimatech PK-2 Nano Aluminum High-Grade", "rating": 0, "rating_count": 0, "price_usd": 28.99, "amount": "30 g"}, {"name": "ARCTIC MX 2", "rating": 0, "rating_count": 0, "price_usd": 18.98, "amount": "30 g"}, {"name": "Cooler Master MasterGel Maker", "rating": 0, "rating_count": 0, "price_usd": 15.98, "amount": "1.5 g"}, {"name": "Prolimatech PK-3 Nano Aluminum High-Grade", "rating": 5, "rating_count": 7, "price_usd": null, "amount": "1.5 g"}, {"name": "Cooler Master MasterGel Regular", "rating": 0, "rating_count": 0, "price_usd": 10.98, "amount": "1.5 g"}, {"name": "Masscool Stars-700", "rating": 0, "rating_count": 0, "price_usd": 5.99, "amount": "0.5 g"}, {"name": "Thermalright TF8", "rating": 4, "rating_count": 1, "price_usd": null, "amount": "2 g"}, {"name": "Masscool G751 Shin-Etsu", "rating": 5, "rating_count": 6, "price_usd": 7.47, "amount": "0.5 g"}, {"name": "Phanteks PH-NDC_02", "rating": 0, "rating_count": 0, "price_usd": 9.99, "amount": "2 g"}, {"name": "Zalman ZM-STG2", "rating": 5, "rating_count": 7, "price_usd": 9.16, "amount": "3.5 g"}, {"name": "Graphitene GTP-5", "rating": 0, "rating_count": 0, "price_usd": 13.99, "amount": "3.5 g"}, {"name": "TUNIQ TX-2", "rating": 4, "rating_count": 3, "price_usd": null, "amount": "3.5 g"}, {"name": "StarTech HeatGrease", "rating": 0, "rating_count": 0, "price_usd": 7.99, "amount": "20 g"}, {"name": "Thermalright Chill Factor 3", "rating": 5, "rating_count": 1, "price_usd": 7.99, "amount": "4 g"}, {"name": "Prolimatech PK-1", "rating": 5, "rating_count": 3, "price_usd": 7.29, "amount": "1.5 g"}, {"name": "Innovation Cooling ICD24", "rating": 5, "rating_count": 1, "price_usd": null, "amount": "4.8 g"}, {"name": "Prolimatech PK-Zero", "rating": 0, "rating_count": 0, "price_usd": 11.99, "amount": "5 g"}, {"name": "Gelid Solutions GC-Supreme", "rating": 3, "rating_count": 2, "price_usd": 12.99, "amount": "7 g"}, {"name": "Prolimatech PK-2 Nano Aluminum High-Grade", "rating": 4, "rating_count": 2, "price_usd": 16.98, "amount": "5 g"}, {"name": "Zalman ZM - STG1", "rating": 0, "rating_count": 0, "price_usd": 11.73, "amount": "3.5 g"}, {"name": "Cooler Master IceFusion", "rating": 4, "rating_count": 1, "price_usd": null, "amount": "200 g"}, {"name": "Sunbeam GI-1", "rating": 0, "rating_count": 0, "price_usd": 7.95, "amount": "3.5 g"}, {"name": "CRYORIG CP7", "rating": 4, "rating_count": 2, "price_usd": null, "amount": "4 g"}, {"name": "Thermalright Silver King", "rating": 0, "rating_count": 0, "price_usd": null, "amount": "1 g"}, {"name": "Cooler Master ThermalFusion 400", "rating": 4, "rating_count": 8, "price_usd": null, "amount": "4 g"}, {"name": "Prolimatech PK-1", "rating": 5, "rating_count": 4, "price_usd": 13.59, "amount": "5 g"}, {"name": "Antec 77064", "rating": 1, "rating_count": 2, "price_usd": null, "amount": "1 g"}, {"name": "NOX Thermal 880", "rating": 0, "rating_count": 0, "price_usd": null, "amount": "23 g"}, {"name": "Prolimatech PK-3 Nano Aluminum High-Grade", "rating": 0, "rating_count": 0, "price_usd": null, "amount": "30 g"}, {"name": "TUNIQ TX-2 Extreme", "rating": 0, "rating_count": 0, "price_usd": null, "amount": "1 g"}, {"name": "Masscool Fanner-420", "rating": 4, "rating_count": 3, "price_usd": 8.53, "amount": "2 g"}, {"name": "Xigmatek PTI-G3606", "rating": 0, "rating_count": 0, "price_usd": null, "amount": "3 g"}, {"name": "Biostar TC-DIAMOND", "rating": 0, "rating_count": 0, "price_usd": null, "amount": "1.5 g"}, {"name": "Xigmatek Freezing Point G4718", "rating": 0, "rating_count": 0, "price_usd": null, "amount": "4 g"}, {"name": "Prolimatech PK-1", "rating": 0, "rating_count": 0, "price_usd": 29.49, "amount": "30 g"}, {"name": "Prolimatech PK-Zero", "rating": 0, "rating_count": 0, "price_usd": null, "amount": "30 g"}, {"name": "CRYORIG CP15", "rating": 3, "rating_count": 1, "price_usd": null, "amount": "4 g"}, {"name": "Antec Formula 6 Nano Diamond", "rating": 0, "rating_count": 0, "price_usd": null, "amount": "4 g"}, {"name": "Cooler Master IceFusion", "rating": 0, "rating_count": 0, "price_usd": null, "amount": "40 g"}, {"name": "Xigmatek PTI-G4512", "rating": 5, "rating_count": 3, "price_usd": null, "amount": "4 g"}, {"name": "Rosewill RCX-TC001", "rating": 0, "rating_count": 0, "price_usd": null, "amount": "5 g"}, {"name": "Rosewill RCX-TC090PRO", "rating": 0, "rating_count": 0, "price_usd": null, "amount": "20 g"}, {"name": "Thermaltake CL-O0028", "rating": 4, "rating_count": 5, "price_usd": null, "amount": "4 g"}]