[{"name": "CyberPower CP1500AVRLCD", "rating": 5, "rating_count": 11, "price_usd": 154.94, "capacity_(w)": "900 W", "capacity_(va)": "1500 VA"}, {"name": "CyberPower CP1500PFCLCD", "rating": 4, "rating_count": 9, "price_usd": 209.95, "capacity_(w)": "1000 W", "capacity_(va)": "1500 VA"}, {"name": "APC BX1500M", "rating": 5, "rating_count": 3, "price_usd": 164.99, "capacity_(w)": "900 W", "capacity_(va)": "1500 VA"}, {"name": "APC SRT10KXLI", "rating": 0, "rating_count": 0, "price_usd": 7129.73, "capacity_(w)": "10000 W", "capacity_(va)": "10000 VA"}, {"name": "CyberPower PR3000LCD", "rating": 0, "rating_count": 0, "price_usd": 1009.95, "capacity_(w)": "2700 W", "capacity_(va)": "3000 VA"}, {"name": "APC BR700G", "rating": 5, "rating_count": 1, "price_usd": 114.99, "capacity_(w)": "450 W", "capacity_(va)": "700 VA"}, {"name": "APC BR1500G", "rating": 5, "rating_count": 4, "price_usd": 224.62, "capacity_(w)": "865 W", "capacity_(va)": "1500 VA"}, {"name": "APC SRT10KRMXLI", "rating": 0, "rating_count": 0, "price_usd": null, "capacity_(w)": "10000 W", "capacity_(va)": "10000 VA"}, {"name": "CyberPower CP350SLG", "rating": 0, "rating_count": 0, "price_usd": 40.95, "capacity_(w)": "255 W", "capacity_(va)": "350 VA"}, {"name": "CyberPower CP1350AVRLCD", "rating": 5, "rating_count": 2, "price_usd": 144.94, "capacity_(w)": "810 W", "capacity_(va)": "1350 VA"}, {"name": "APC BR1500MS", "rating": 5, "rating_count": 1, "price_usd": 203.99, "capacity_(w)": "900 W", "capacity_(va)": "1500 VA"}, {"name": "CyberPower PR2200LCDSL", "rating": 0, "rating_count": 0, "price_usd": 679.95, "capacity_(w)": "1980 W", "capacity_(va)": "2070 VA"}, {"name": "CyberPower PR3000LCDSL", "rating": 0, "rating_count": 0, "price_usd": 889.95, "capacity_(w)": "2700 W", "capacity_(va)": "3000 VA"}, {"name": "CyberPower AVRG750U", "rating": 4, "rating_count": 2, "price_usd": 82.95, "capacity_(w)": "450 W", "capacity_(va)": "750 VA"}, {"name": "CyberPower EC850LCD", "rating": 0, "rating_count": 0, "price_usd": 88.95, "capacity_(w)": "510 W", "capacity_(va)": "850 VA"}, {"name": "APC SMT1500US", "rating": 5, "rating_count": 1, "price_usd": 789.17, "capacity_(w)": "1000 W", "capacity_(va)": "1440 VA"}, {"name": "APC SRT5KRMXLW-HW", "rating": 0, "rating_count": 0, "price_usd": 3448.63, "capacity_(w)": "4500 W", "capacity_(va)": "5000 VA"}, {"name": "CyberPower CP550SLG", "rating": 4, "rating_count": 1, "price_usd": 54.95, "capacity_(w)": "330 W", "capacity_(va)": "550 VA"}, {"name": "CyberPower CP1000AVRLCD", "rating": 3, "rating_count": 3, "price_usd": 119.95, "capacity_(w)": "600 W", "capacity_(va)": "1000 VA"}, {"name": "APC BN650M1", "rating": 0, "rating_count": 0, "price_usd": 67.89, "capacity_(w)": "360 W", "capacity_(va)": "650 VA"}, {"name": "CyberPower CP1200AVR", "rating": 0, "rating_count": 0, "price_usd": 132.95, "capacity_(w)": "720 W", "capacity_(va)": "1200 VA"}, {"name": "APC BR1000MS", "rating": 0, "rating_count": 0, "price_usd": 145.99, "capacity_(w)": "600 W", "capacity_(va)": "1000 VA"}, {"name": "CyberPower OR2200LCDRT2U", "rating": 0, "rating_count": 0, "price_usd": 449.95, "capacity_(w)": "1320 W", "capacity_(va)": "2000 VA"}, {"name": "Tripp Lite BC350", "rating": 5, "rating_count": 1, "price_usd": 44.0, "capacity_(w)": "180 W", "capacity_(va)": "350 VA"}, {"name": "CyberPower PR2200LCD", "rating": 0, "rating_count": 0, "price_usd": 779.95, "capacity_(w)": "1980 W", "capacity_(va)": "2200 VA"}, {"name": "APC SRT10KXLT", "rating": 0, "rating_count": 0, "price_usd": 6049.95, "capacity_(w)": "10000 W", "capacity_(va)": "10000 VA"}, {"name": "Tripp Lite SMART1500LCDT", "rating": 5, "rating_count": 2, "price_usd": 168.05, "capacity_(w)": "900 W", "capacity_(va)": "1500 VA"}, {"name": "APC SRT8KXLI", "rating": 0, "rating_count": 0, "price_usd": 8888.0, "capacity_(w)": "8000 W", "capacity_(va)": "8000 VA"}, {"name": "CyberPower CP1350PFCLCD", "rating": 4, "rating_count": 6, "price_usd": 199.95, "capacity_(w)": "810 W", "capacity_(va)": "1350 VA"}, {"name": "APC BE650G1", "rating": 0, "rating_count": 0, "price_usd": 74.31, "capacity_(w)": "390 W", "capacity_(va)": "650 VA"}, {"name": "CyberPower CP1000PFCLCD", "rating": 4, "rating_count": 6, "price_usd": 154.94, "capacity_(w)": "600 W", "capacity_(va)": "1000 VA"}, {"name": "CyberPower CP850PFCLCD", "rating": 5, "rating_count": 1, "price_usd": 134.94, "capacity_(w)": "510 W", "capacity_(va)": "850 VA"}, {"name": "CyberPower PR1500LCD", "rating": 0, "rating_count": 0, "price_usd": 449.95, "capacity_(w)": "1050 W", "capacity_(va)": "1500 VA"}, {"name": "APC BR500CI-AS", "rating": 0, "rating_count": 0, "price_usd": 49.95, "capacity_(w)": "300 W", "capacity_(va)": "500 VA"}, {"name": "CyberPower OR2200PFCRT2Ua", "rating": 0, "rating_count": 0, "price_usd": 479.95, "capacity_(w)": "1300 W", "capacity_(va)": "2200 VA"}, {"name": "APC SMT1500I", "rating": 0, "rating_count": 0, "price_usd": 718.15, "capacity_(w)": "980 W", "capacity_(va)": "1500 VA"}, {"name": "APC SURTA3000XL", "rating": 0, "rating_count": 0, "price_usd": 1600.0, "capacity_(w)": "2100 W", "capacity_(va)": "3000 VA"}, {"name": "APC BX1000G", "rating": 0, "rating_count": 0, "price_usd": null, "capacity_(w)": "600 W", "capacity_(va)": "1000 VA"}, {"name": "CyberPower PR5000LCDRTXL5UTAA", "rating": 0, "rating_count": 0, "price_usd": 2129.95, "capacity_(w)": "4000 W", "capacity_(va)": "5000 VA"}, {"name": "CyberPower OR2200LCDRTXL2U", "rating": 0, "rating_count": 0, "price_usd": 609.95, "capacity_(w)": "1650 W", "capacity_(va)": "2190 VA"}, {"name": "APC BE550G", "rating": 4, "rating_count": 3, "price_usd": 69.99, "capacity_(w)": "330 W", "capacity_(va)": "550 VA"}, {"name": "APC BR1000G", "rating": 4, "rating_count": 4, "price_usd": 199.0, "capacity_(w)": "600 W", "capacity_(va)": "1000 VA"}, {"name": "APC SURT6000XLT", "rating": 0, "rating_count": 0, "price_usd": 8888.99, "capacity_(w)": "4200 W", "capacity_(va)": "6000 VA"}, {"name": "CyberPower ST425", "rating": 0, "rating_count": 0, "price_usd": 42.95, "capacity_(w)": "260 W", "capacity_(va)": "425 VA"}, {"name": "CyberPower LX1500GU-FC", "rating": 0, "rating_count": 0, "price_usd": null, "capacity_(w)": "900 W", "capacity_(va)": "1500 VA"}, {"name": "CyberPower CP825LCD", "rating": 0, "rating_count": 0, "price_usd": 82.95, "capacity_(w)": "450 W", "capacity_(va)": "825 VA"}, {"name": "APC SRT6KXLT", "rating": 0, "rating_count": 0, "price_usd": 5022.99, "capacity_(w)": "6000 W", "capacity_(va)": "6000 VA"}, {"name": "CyberPower BRG1500AVRLCD", "rating": 0, "rating_count": 0, "price_usd": 189.95, "capacity_(w)": "900 W", "capacity_(va)": "1500 VA"}, {"name": "CyberPower PR2200LCDRT2U", "rating": 0, "rating_count": 0, "price_usd": 699.95, "capacity_(w)": "1600 W", "capacity_(va)": "2170 VA"}, {"name": "APC BR1500GI", "rating": 0, "rating_count": 0, "price_usd": 433.99, "capacity_(w)": "865 W", "capacity_(va)": "1500 VA"}, {"name": "CyberPower CP1300EPFCLCD", "rating": 0, "rating_count": 0, "price_usd": null, "capacity_(w)": "780 W", "capacity_(va)": "1300 VA"}, {"name": "APC SMX1500RM2U", "rating": 0, "rating_count": 0, "price_usd": 763.99, "capacity_(w)": "1200 W", "capacity_(va)": "1500 VA"}, {"name": "APC BX600CI-IN", "rating": 0, "rating_count": 0, "price_usd": null, "capacity_(w)": "360 W", "capacity_(va)": "600 VA"}, {"name": "Tripp Lite SMT1500LCDT", "rating": 5, "rating_count": 2, "price_usd": null, "capacity_(w)": "900 W", "capacity_(va)": "1500 VA"}, {"name": "APC SRT10KRMXLT", "rating": 0, "rating_count": 0, "price_usd": 5939.95, "capacity_(w)": "10000 W", "capacity_(va)": "10000 VA"}, {"name": "CyberPower CP750LCD", "rating": 0, "rating_count": 0, "price_usd": 79.95, "capacity_(w)": "420 W", "capacity_(va)": "750 VA"}, {"name": "APC SMT2200", "rating": 0, "rating_count": 0, "price_usd": 1289.0, "capacity_(w)": "1980 W", "capacity_(va)": "2200 VA"}, {"name": "APC BR1200GI", "rating": 0, "rating_count": 0, "price_usd": 328.4, "capacity_(w)": "720 W", "capacity_(va)": "1200 VA"}, {"name": "APC SMT2200I", "rating": 0, "rating_count": 0, "price_usd": 1205.99, "capacity_(w)": "1980 W", "capacity_(va)": "2200 VA"}, {"name": "CyberPower EC550G", "rating": 0, "rating_count": 0, "price_usd": 59.95, "capacity_(w)": "330 W", "capacity_(va)": "550 VA"}, {"name": "Tripp Lite SMART2500XLHG", "rating": 0, "rating_count": 0, "price_usd": 1025.72, "capacity_(w)": "1920 W", "capacity_(va)": "2200 VA"}, {"name": "Tripp Lite INTERNET750U", "rating": 0, "rating_count": 0, "price_usd": 77.66, "capacity_(w)": "450 W", "capacity_(va)": "750 VA"}, {"name": "CyberPower CP800AVR", "rating": 0, "rating_count": 0, "price_usd": 89.95, "capacity_(w)": "450 W", "capacity_(va)": "800 VA"}, {"name": "CyberPower PR1500LCDRT2U", "rating": 0, "rating_count": 0, "price_usd": 515.95, "capacity_(w)": "1350 W", "capacity_(va)": "1500 VA"}, {"name": "APC BX1300G", "rating": 5, "rating_count": 3, "price_usd": null, "capacity_(w)": "780 W", "capacity_(va)": "1300 VA"}, {"name": "Tripp Lite OMNIVS1000", "rating": 0, "rating_count": 0, "price_usd": 132.97, "capacity_(w)": "500 W", "capacity_(va)": "1000 VA"}, {"name": "CyberPower PR2200LCDRTXL2UTAA", "rating": 0, "rating_count": 0, "price_usd": null, "capacity_(w)": "1650 W", "capacity_(va)": "2150 VA"}, {"name": "APC SMC1500I", "rating": 0, "rating_count": 0, "price_usd": 612.99, "capacity_(w)": "900 W", "capacity_(va)": "1500 VA"}, {"name": "Tripp Lite SU10KRT3UHV", "rating": 0, "rating_count": 0, "price_usd": 1456.29, "capacity_(w)": "7000 W", "capacity_(va)": "10000 VA"}, {"name": "Tripp Lite SMX1500LCDT", "rating": 0, "rating_count": 0, "price_usd": 235.73, "capacity_(w)": "900 W", "capacity_(va)": "1500 VA"}, {"name": "CyberPower GX1325U", "rating": 0, "rating_count": 0, "price_usd": 179.99, "capacity_(w)": "810 W", "capacity_(va)": "1325 VA"}, {"name": "APC SUM3000RMXLI2U", "rating": 0, "rating_count": 0, "price_usd": 4388.0, "capacity_(w)": "2850 W", "capacity_(va)": "3000 VA"}, {"name": "APC SRT8KRMXLI", "rating": 0, "rating_count": 0, "price_usd": null, "capacity_(w)": "8000 W", "capacity_(va)": "8000 VA"}, {"name": "CyberPower CP900AVR", "rating": 0, "rating_count": 0, "price_usd": 109.95, "capacity_(w)": "560 W", "capacity_(va)": "900 VA"}, {"name": "CyberPower EC750G", "rating": 0, "rating_count": 0, "price_usd": 79.95, "capacity_(w)": "450 W", "capacity_(va)": "750 VA"}, {"name": "APC BN1100M2", "rating": 5, "rating_count": 1, "price_usd": 169.9, "capacity_(w)": "600 W", "capacity_(va)": "1100 VA"}, {"name": "APC SRT5KXLI", "rating": 0, "rating_count": 0, "price_usd": 4118.0, "capacity_(w)": "4500 W", "capacity_(va)": "5000 VA"}, {"name": "APC SURTD2200XLIM", "rating": 0, "rating_count": 0, "price_usd": 2755.95, "capacity_(w)": "1540 W", "capacity_(va)": "2200 VA"}, {"name": "CyberPower PR5000LCDRTXL5U", "rating": 0, "rating_count": 0, "price_usd": 1995.95, "capacity_(w)": "4000 W", "capacity_(va)": "5000 VA"}, {"name": "Tripp Lite SMART3000SLT", "rating": 0, "rating_count": 0, "price_usd": 1064.48, "capacity_(w)": "2250 W", "capacity_(va)": "3000 VA"}, {"name": "CyberPower EC650LCD", "rating": 0, "rating_count": 0, "price_usd": 72.95, "capacity_(w)": "390 W", "capacity_(va)": "650 VA"}, {"name": "APC SMX3000RMHV2UNC", "rating": 0, "rating_count": 0, "price_usd": 1996.5, "capacity_(w)": "2700 W", "capacity_(va)": "3000 VA"}, {"name": "APC BK325I", "rating": 0, "rating_count": 0, "price_usd": 71.99, "capacity_(w)": "210 W", "capacity_(va)": "325 VA"}, {"name": "APC SMT2200US", "rating": 0, "rating_count": 0, "price_usd": 1129.16, "capacity_(w)": "1980 W", "capacity_(va)": "2200 VA"}, {"name": "APC BE325R", "rating": 0, "rating_count": 0, "price_usd": 59.95, "capacity_(w)": "185 W", "capacity_(va)": "325 VA"}, {"name": "APC SMX1500RMI2UNC", "rating": 0, "rating_count": 0, "price_usd": 1099.0, "capacity_(w)": "1200 W", "capacity_(va)": "1500 VA"}, {"name": "APC BN1080G", "rating": 5, "rating_count": 1, "price_usd": null, "capacity_(w)": "650 W", "capacity_(va)": "1080 VA"}, {"name": "APC SMX2200HV", "rating": 0, "rating_count": 0, "price_usd": 1483.31, "capacity_(w)": "1980 W", "capacity_(va)": "2200 VA"}, {"name": "Tripp Lite AVRX550U", "rating": 0, "rating_count": 0, "price_usd": 126.79, "capacity_(w)": "300 W", "capacity_(va)": "550 VA"}, {"name": "Tripp Lite SU1000XLCD", "rating": 0, "rating_count": 0, "price_usd": 622.77, "capacity_(w)": "900 W", "capacity_(va)": "1000 VA"}, {"name": "CyberPower CP850AVRLCD", "rating": 0, "rating_count": 0, "price_usd": 117.95, "capacity_(w)": "510 W", "capacity_(va)": "850 VA"}, {"name": "Tripp Lite AVRX750U", "rating": 0, "rating_count": 0, "price_usd": 199.99, "capacity_(w)": "450 W", "capacity_(va)": "750 VA"}, {"name": "APC BE650G1-LM", "rating": 0, "rating_count": 0, "price_usd": 99.99, "capacity_(w)": "390 W", "capacity_(va)": "650 VA"}, {"name": "APC SURTD3000RMXLI", "rating": 0, "rating_count": 0, "price_usd": 2966.99, "capacity_(w)": "2100 W", "capacity_(va)": "3000 VA"}, {"name": "Tripp Lite SMART3000RM2U", "rating": 0, "rating_count": 0, "price_usd": 969.0, "capacity_(w)": "2250 W", "capacity_(va)": "3000 VA"}, {"name": "CyberPower CP685AVR", "rating": 0, "rating_count": 0, "price_usd": 69.95, "capacity_(w)": "390 W", "capacity_(va)": "685 VA"}, {"name": "APC BE650G1-CN", "rating": 0, "rating_count": 0, "price_usd": 124.14, "capacity_(w)": "390 W", "capacity_(va)": "650 VA"}, {"name": "CyberPower AVRG900U", "rating": 0, "rating_count": 0, "price_usd": 82.95, "capacity_(w)": "480 W", "capacity_(va)": "900 VA"}, {"name": "APC BR900GI", "rating": 0, "rating_count": 0, "price_usd": 274.99, "capacity_(w)": "540 W", "capacity_(va)": "900 VA"}, {"name": "CyberPower CP1500AVRLCD", "rating": 5, "rating_count": 11, "price_usd": 154.94, "capacity_(w)": "900 W", "capacity_(va)": "1500 VA"}, {"name": "CyberPower CP1500PFCLCD", "rating": 4, "rating_count": 9, "price_usd": 209.95, "capacity_(w)": "1000 W", "capacity_(va)": "1500 VA"}, {"name": "APC BX1500M", "rating": 5, "rating_count": 3, "price_usd": 164.99, "capacity_(w)": "900 W", "capacity_(va)": "1500 VA"}, {"name": "APC SRT10KXLI", "rating": 0, "rating_count": 0, "price_usd": 7129.73, "capacity_(w)": "10000 W", "capacity_(va)": "10000 VA"}, {"name": "CyberPower PR3000LCD", "rating": 0, "rating_count": 0, "price_usd": 1009.95, "capacity_(w)": "2700 W", "capacity_(va)": "3000 VA"}, {"name": "APC BR700G", "rating": 5, "rating_count": 1, "price_usd": 114.99, "capacity_(w)": "450 W", "capacity_(va)": "700 VA"}, {"name": "APC BR1500G", "rating": 5, "rating_count": 4, "price_usd": 224.62, "capacity_(w)": "865 W", "capacity_(va)": "1500 VA"}, {"name": "APC SRT10KRMXLI", "rating": 0, "rating_count": 0, "price_usd": null, "capacity_(w)": "10000 W", "capacity_(va)": "10000 VA"}, {"name": "CyberPower CP350SLG", "rating": 0, "rating_count": 0, "price_usd": 40.95, "capacity_(w)": "255 W", "capacity_(va)": "350 VA"}, {"name": "CyberPower CP1350AVRLCD", "rating": 5, "rating_count": 2, "price_usd": 144.94, "capacity_(w)": "810 W", "capacity_(va)": "1350 VA"}, {"name": "APC BR1500MS", "rating": 5, "rating_count": 1, "price_usd": 203.99, "capacity_(w)": "900 W", "capacity_(va)": "1500 VA"}, {"name": "CyberPower PR2200LCDSL", "rating": 0, "rating_count": 0, "price_usd": 679.95, "capacity_(w)": "1980 W", "capacity_(va)": "2070 VA"}, {"name": "CyberPower PR3000LCDSL", "rating": 0, "rating_count": 0, "price_usd": 889.95, "capacity_(w)": "2700 W", "capacity_(va)": "3000 VA"}, {"name": "CyberPower AVRG750U", "rating": 4, "rating_count": 2, "price_usd": 82.95, "capacity_(w)": "450 W", "capacity_(va)": "750 VA"}, {"name": "CyberPower EC850LCD", "rating": 0, "rating_count": 0, "price_usd": 88.95, "capacity_(w)": "510 W", "capacity_(va)": "850 VA"}, {"name": "APC SMT1500US", "rating": 5, "rating_count": 1, "price_usd": 789.17, "capacity_(w)": "1000 W", "capacity_(va)": "1440 VA"}, {"name": "APC SRT5KRMXLW-HW", "rating": 0, "rating_count": 0, "price_usd": 3448.63, "capacity_(w)": "4500 W", "capacity_(va)": "5000 VA"}, {"name": "CyberPower CP550SLG", "rating": 4, "rating_count": 1, "price_usd": 54.95, "capacity_(w)": "330 W", "capacity_(va)": "550 VA"}, {"name": "CyberPower CP1000AVRLCD", "rating": 3, "rating_count": 3, "price_usd": 119.95, "capacity_(w)": "600 W", "capacity_(va)": "1000 VA"}, {"name": "APC BN650M1", "rating": 0, "rating_count": 0, "price_usd": 67.89, "capacity_(w)": "360 W", "capacity_(va)": "650 VA"}, {"name": "CyberPower CP1200AVR", "rating": 0, "rating_count": 0, "price_usd": 132.95, "capacity_(w)": "720 W", "capacity_(va)": "1200 VA"}, {"name": "APC BR1000MS", "rating": 0, "rating_count": 0, "price_usd": 145.99, "capacity_(w)": "600 W", "capacity_(va)": "1000 VA"}, {"name": "CyberPower OR2200LCDRT2U", "rating": 0, "rating_count": 0, "price_usd": 449.95, "capacity_(w)": "1320 W", "capacity_(va)": "2000 VA"}, {"name": "Tripp Lite BC350", "rating": 5, "rating_count": 1, "price_usd": 44.0, "capacity_(w)": "180 W", "capacity_(va)": "350 VA"}, {"name": "CyberPower PR2200LCD", "rating": 0, "rating_count": 0, "price_usd": 779.95, "capacity_(w)": "1980 W", "capacity_(va)": "2200 VA"}, {"name": "APC SRT10KXLT", "rating": 0, "rating_count": 0, "price_usd": 6049.95, "capacity_(w)": "10000 W", "capacity_(va)": "10000 VA"}, {"name": "Tripp Lite SMART1500LCDT", "rating": 5, "rating_count": 2, "price_usd": 168.05, "capacity_(w)": "900 W", "capacity_(va)": "1500 VA"}, {"name": "APC SRT8KXLI", "rating": 0, "rating_count": 0, "price_usd": 8888.0, "capacity_(w)": "8000 W", "capacity_(va)": "8000 VA"}, {"name": "CyberPower CP1350PFCLCD", "rating": 4, "rating_count": 6, "price_usd": 199.95, "capacity_(w)": "810 W", "capacity_(va)": "1350 VA"}, {"name": "APC BE650G1", "rating": 0, "rating_count": 0, "price_usd": 74.31, "capacity_(w)": "390 W", "capacity_(va)": "650 VA"}, {"name": "CyberPower CP1000PFCLCD", "rating": 4, "rating_count": 6, "price_usd": 154.94, "capacity_(w)": "600 W", "capacity_(va)": "1000 VA"}, {"name": "CyberPower CP850PFCLCD", "rating": 5, "rating_count": 1, "price_usd": 134.94, "capacity_(w)": "510 W", "capacity_(va)": "850 VA"}, {"name": "CyberPower PR1500LCD", "rating": 0, "rating_count": 0, "price_usd": 449.95, "capacity_(w)": "1050 W", "capacity_(va)": "1500 VA"}, {"name": "APC BR500CI-AS", "rating": 0, "rating_count": 0, "price_usd": 49.95, "capacity_(w)": "300 W", "capacity_(va)": "500 VA"}, {"name": "CyberPower OR2200PFCRT2Ua", "rating": 0, "rating_count": 0, "price_usd": 479.95, "capacity_(w)": "1300 W", "capacity_(va)": "2200 VA"}, {"name": "APC SMT1500I", "rating": 0, "rating_count": 0, "price_usd": 718.15, "capacity_(w)": "980 W", "capacity_(va)": "1500 VA"}, {"name": "APC SURTA3000XL", "rating": 0, "rating_count": 0, "price_usd": 1600.0, "capacity_(w)": "2100 W", "capacity_(va)": "3000 VA"}, {"name": "APC BX1000G", "rating": 0, "rating_count": 0, "price_usd": null, "capacity_(w)": "600 W", "capacity_(va)": "1000 VA"}, {"name": "CyberPower PR5000LCDRTXL5UTAA", "rating": 0, "rating_count": 0, "price_usd": 2129.95, "capacity_(w)": "4000 W", "capacity_(va)": "5000 VA"}, {"name": "CyberPower OR2200LCDRTXL2U", "rating": 0, "rating_count": 0, "price_usd": 609.95, "capacity_(w)": "1650 W", "capacity_(va)": "2190 VA"}, {"name": "APC BE550G", "rating": 4, "rating_count": 3, "price_usd": 69.99, "capacity_(w)": "330 W", "capacity_(va)": "550 VA"}, {"name": "APC BR1000G", "rating": 4, "rating_count": 4, "price_usd": 199.0, "capacity_(w)": "600 W", "capacity_(va)": "1000 VA"}, {"name": "APC SURT6000XLT", "rating": 0, "rating_count": 0, "price_usd": 8888.99, "capacity_(w)": "4200 W", "capacity_(va)": "6000 VA"}, {"name": "CyberPower ST425", "rating": 0, "rating_count": 0, "price_usd": 42.95, "capacity_(w)": "260 W", "capacity_(va)": "425 VA"}, {"name": "CyberPower LX1500GU-FC", "rating": 0, "rating_count": 0, "price_usd": null, "capacity_(w)": "900 W", "capacity_(va)": "1500 VA"}, {"name": "CyberPower CP825LCD", "rating": 0, "rating_count": 0, "price_usd": 82.95, "capacity_(w)": "450 W", "capacity_(va)": "825 VA"}, {"name": "APC SRT6KXLT", "rating": 0, "rating_count": 0, "price_usd": 5022.99, "capacity_(w)": "6000 W", "capacity_(va)": "6000 VA"}, {"name": "CyberPower BRG1500AVRLCD", "rating": 0, "rating_count": 0, "price_usd": 189.95, "capacity_(w)": "900 W", "capacity_(va)": "1500 VA"}, {"name": "CyberPower PR2200LCDRT2U", "rating": 0, "rating_count": 0, "price_usd": 699.95, "capacity_(w)": "1600 W", "capacity_(va)": "2170 VA"}, {"name": "APC BR1500GI", "rating": 0, "rating_count": 0, "price_usd": 433.99, "capacity_(w)": "865 W", "capacity_(va)": "1500 VA"}, {"name": "CyberPower CP1300EPFCLCD", "rating": 0, "rating_count": 0, "price_usd": null, "capacity_(w)": "780 W", "capacity_(va)": "1300 VA"}, {"name": "APC SMX1500RM2U", "rating": 0, "rating_count": 0, "price_usd": 763.99, "capacity_(w)": "1200 W", "capacity_(va)": "1500 VA"}, {"name": "APC BX600CI-IN", "rating": 0, "rating_count": 0, "price_usd": null, "capacity_(w)": "360 W", "capacity_(va)": "600 VA"}, {"name": "Tripp Lite SMT1500LCDT", "rating": 5, "rating_count": 2, "price_usd": null, "capacity_(w)": "900 W", "capacity_(va)": "1500 VA"}, {"name": "APC SRT10KRMXLT", "rating": 0, "rating_count": 0, "price_usd": 5939.95, "capacity_(w)": "10000 W", "capacity_(va)": "10000 VA"}, {"name": "CyberPower CP750LCD", "rating": 0, "rating_count": 0, "price_usd": 79.95, "capacity_(w)": "420 W", "capacity_(va)": "750 VA"}, {"name": "APC SMT2200", "rating": 0, "rating_count": 0, "price_usd": 1289.0, "capacity_(w)": "1980 W", "capacity_(va)": "2200 VA"}, {"name": "APC BR1200GI", "rating": 0, "rating_count": 0, "price_usd": 328.4, "capacity_(w)": "720 W", "capacity_(va)": "1200 VA"}, {"name": "APC SMT2200I", "rating": 0, "rating_count": 0, "price_usd": 1205.99, "capacity_(w)": "1980 W", "capacity_(va)": "2200 VA"}, {"name": "CyberPower EC550G", "rating": 0, "rating_count": 0, "price_usd": 59.95, "capacity_(w)": "330 W", "capacity_(va)": "550 VA"}, {"name": "Tripp Lite SMART2500XLHG", "rating": 0, "rating_count": 0, "price_usd": 1025.72, "capacity_(w)": "1920 W", "capacity_(va)": "2200 VA"}, {"name": "Tripp Lite INTERNET750U", "rating": 0, "rating_count": 0, "price_usd": 77.66, "capacity_(w)": "450 W", "capacity_(va)": "750 VA"}, {"name": "CyberPower CP800AVR", "rating": 0, "rating_count": 0, "price_usd": 89.95, "capacity_(w)": "450 W", "capacity_(va)": "800 VA"}, {"name": "CyberPower PR1500LCDRT2U", "rating": 0, "rating_count": 0, "price_usd": 515.95, "capacity_(w)": "1350 W", "capacity_(va)": "1500 VA"}, {"name": "APC BX1300G", "rating": 5, "rating_count": 3, "price_usd": null, "capacity_(w)": "780 W", "capacity_(va)": "1300 VA"}, {"name": "Tripp Lite OMNIVS1000", "rating": 0, "rating_count": 0, "price_usd": 132.97, "capacity_(w)": "500 W", "capacity_(va)": "1000 VA"}, {"name": "CyberPower PR2200LCDRTXL2UTAA", "rating": 0, "rating_count": 0, "price_usd": null, "capacity_(w)": "1650 W", "capacity_(va)": "2150 VA"}, {"name": "APC SMC1500I", "rating": 0, "rating_count": 0, "price_usd": 612.99, "capacity_(w)": "900 W", "capacity_(va)": "1500 VA"}, {"name": "Tripp Lite SU10KRT3UHV", "rating": 0, "rating_count": 0, "price_usd": 1456.29, "capacity_(w)": "7000 W", "capacity_(va)": "10000 VA"}, {"name": "Tripp Lite SMX1500LCDT", "rating": 0, "rating_count": 0, "price_usd": 235.73, "capacity_(w)": "900 W", "capacity_(va)": "1500 VA"}, {"name": "CyberPower GX1325U", "rating": 0, "rating_count": 0, "price_usd": 179.99, "capacity_(w)": "810 W", "capacity_(va)": "1325 VA"}, {"name": "APC SUM3000RMXLI2U", "rating": 0, "rating_count": 0, "price_usd": 4388.0, "capacity_(w)": "2850 W", "capacity_(va)": "3000 VA"}, {"name": "APC SRT8KRMXLI", "rating": 0, "rating_count": 0, "price_usd": null, "capacity_(w)": "8000 W", "capacity_(va)": "8000 VA"}, {"name": "CyberPower CP900AVR", "rating": 0, "rating_count": 0, "price_usd": 109.95, "capacity_(w)": "560 W", "capacity_(va)": "900 VA"}, {"name": "CyberPower EC750G", "rating": 0, "rating_count": 0, "price_usd": 79.95, "capacity_(w)": "450 W", "capacity_(va)": "750 VA"}, {"name": "APC BN1100M2", "rating": 5, "rating_count": 1, "price_usd": 169.9, "capacity_(w)": "600 W", "capacity_(va)": "1100 VA"}, {"name": "APC SRT5KXLI", "rating": 0, "rating_count": 0, "price_usd": 4118.0, "capacity_(w)": "4500 W", "capacity_(va)": "5000 VA"}, {"name": "APC SURTD2200XLIM", "rating": 0, "rating_count": 0, "price_usd": 2755.95, "capacity_(w)": "1540 W", "capacity_(va)": "2200 VA"}, {"name": "CyberPower PR5000LCDRTXL5U", "rating": 0, "rating_count": 0, "price_usd": 1995.95, "capacity_(w)": "4000 W", "capacity_(va)": "5000 VA"}, {"name": "Tripp Lite SMART3000SLT", "rating": 0, "rating_count": 0, "price_usd": 1064.48, "capacity_(w)": "2250 W", "capacity_(va)": "3000 VA"}, {"name": "CyberPower EC650LCD", "rating": 0, "rating_count": 0, "price_usd": 72.95, "capacity_(w)": "390 W", "capacity_(va)": "650 VA"}, {"name": "APC SMX3000RMHV2UNC", "rating": 0, "rating_count": 0, "price_usd": 1996.5, "capacity_(w)": "2700 W", "capacity_(va)": "3000 VA"}, {"name": "APC BK325I", "rating": 0, "rating_count": 0, "price_usd": 71.99, "capacity_(w)": "210 W", "capacity_(va)": "325 VA"}, {"name": "APC SMT2200US", "rating": 0, "rating_count": 0, "price_usd": 1129.16, "capacity_(w)": "1980 W", "capacity_(va)": "2200 VA"}, {"name": "APC BE325R", "rating": 0, "rating_count": 0, "price_usd": 59.95, "capacity_(w)": "185 W", "capacity_(va)": "325 VA"}, {"name": "APC SMX1500RMI2UNC", "rating": 0, "rating_count": 0, "price_usd": 1099.0, "capacity_(w)": "1200 W", "capacity_(va)": "1500 VA"}, {"name": "APC BN1080G", "rating": 5, "rating_count": 1, "price_usd": null, "capacity_(w)": "650 W", "capacity_(va)": "1080 VA"}, {"name": "APC SMX2200HV", "rating": 0, "rating_count": 0, "price_usd": 1483.31, "capacity_(w)": "1980 W", "capacity_(va)": "2200 VA"}, {"name": "Tripp Lite AVRX550U", "rating": 0, "rating_count": 0, "price_usd": 126.79, "capacity_(w)": "300 W", "capacity_(va)": "550 VA"}, {"name": "Tripp Lite SU1000XLCD", "rating": 0, "rating_count": 0, "price_usd": 622.77, "capacity_(w)": "900 W", "capacity_(va)": "1000 VA"}, {"name": "CyberPower CP850AVRLCD", "rating": 0, "rating_count": 0, "price_usd": 117.95, "capacity_(w)": "510 W", "capacity_(va)": "850 VA"}, {"name": "Tripp Lite AVRX750U", "rating": 0, "rating_count": 0, "price_usd": 199.99, "capacity_(w)": "450 W", "capacity_(va)": "750 VA"}, {"name": "APC BE650G1-LM", "rating": 0, "rating_count": 0, "price_usd": 99.99, "capacity_(w)": "390 W", "capacity_(va)": "650 VA"}, {"name": "APC SURTD3000RMXLI", "rating": 0, "rating_count": 0, "price_usd": 2966.99, "capacity_(w)": "2100 W", "capacity_(va)": "3000 VA"}, {"name": "Tripp Lite SMART3000RM2U", "rating": 0, "rating_count": 0, "price_usd": 969.0, "capacity_(w)": "2250 W", "capacity_(va)": "3000 VA"}, {"name": "CyberPower CP685AVR", "rating": 0, "rating_count": 0, "price_usd": 69.95, "capacity_(w)": "390 W", "capacity_(va)": "685 VA"}, {"name": "APC BE650G1-CN", "rating": 0, "rating_count": 0, "price_usd": 124.14, "capacity_(w)": "390 W", "capacity_(va)": "650 VA"}, {"name": "CyberPower AVRG900U", "rating": 0, "rating_count": 0, "price_usd": 82.95, "capacity_(w)": "480 W", "capacity_(va)": "900 VA"}, {"name": "APC BR900GI", "rating": 0, "rating_count": 0, "price_usd": 274.99, "capacity_(w)": "540 W", "capacity_(va)": "900 VA"}, {"name": "CyberPower CP1500AVRLCD", "rating": 5, "rating_count": 11, "price_usd": 154.94, "capacity_(w)": "900 W", "capacity_(va)": "1500 VA"}, {"name": "CyberPower CP1500PFCLCD", "rating": 4, "rating_count": 9, "price_usd": 209.95, "capacity_(w)": "1000 W", "capacity_(va)": "1500 VA"}, {"name": "APC BX1500M", "rating": 5, "rating_count": 3, "price_usd": 164.99, "capacity_(w)": "900 W", "capacity_(va)": "1500 VA"}, {"name": "APC SRT10KXLI", "rating": 0, "rating_count": 0, "price_usd": 7129.73, "capacity_(w)": "10000 W", "capacity_(va)": "10000 VA"}, {"name": "CyberPower PR3000LCD", "rating": 0, "rating_count": 0, "price_usd": 1009.95, "capacity_(w)": "2700 W", "capacity_(va)": "3000 VA"}, {"name": "APC BR700G", "rating": 5, "rating_count": 1, "price_usd": 114.99, "capacity_(w)": "450 W", "capacity_(va)": "700 VA"}, {"name": "APC BR1500G", "rating": 5, "rating_count": 4, "price_usd": 224.62, "capacity_(w)": "865 W", "capacity_(va)": "1500 VA"}, {"name": "APC SRT10KRMXLI", "rating": 0, "rating_count": 0, "price_usd": null, "capacity_(w)": "10000 W", "capacity_(va)": "10000 VA"}, {"name": "CyberPower CP350SLG", "rating": 0, "rating_count": 0, "price_usd": 40.95, "capacity_(w)": "255 W", "capacity_(va)": "350 VA"}, {"name": "CyberPower CP1350AVRLCD", "rating": 5, "rating_count": 2, "price_usd": 144.94, "capacity_(w)": "810 W", "capacity_(va)": "1350 VA"}, {"name": "APC BR1500MS", "rating": 5, "rating_count": 1, "price_usd": 203.99, "capacity_(w)": "900 W", "capacity_(va)": "1500 VA"}, {"name": "CyberPower PR2200LCDSL", "rating": 0, "rating_count": 0, "price_usd": 679.95, "capacity_(w)": "1980 W", "capacity_(va)": "2070 VA"}, {"name": "CyberPower PR3000LCDSL", "rating": 0, "rating_count": 0, "price_usd": 889.95, "capacity_(w)": "2700 W", "capacity_(va)": "3000 VA"}, {"name": "CyberPower AVRG750U", "rating": 4, "rating_count": 2, "price_usd": 82.95, "capacity_(w)": "450 W", "capacity_(va)": "750 VA"}, {"name": "CyberPower EC850LCD", "rating": 0, "rating_count": 0, "price_usd": 88.95, "capacity_(w)": "510 W", "capacity_(va)": "850 VA"}, {"name": "APC SMT1500US", "rating": 5, "rating_count": 1, "price_usd": 789.17, "capacity_(w)": "1000 W", "capacity_(va)": "1440 VA"}, {"name": "APC SRT5KRMXLW-HW", "rating": 0, "rating_count": 0, "price_usd": 3448.63, "capacity_(w)": "4500 W", "capacity_(va)": "5000 VA"}, {"name": "CyberPower CP550SLG", "rating": 4, "rating_count": 1, "price_usd": 54.95, "capacity_(w)": "330 W", "capacity_(va)": "550 VA"}, {"name": "CyberPower CP1000AVRLCD", "rating": 3, "rating_count": 3, "price_usd": 119.95, "capacity_(w)": "600 W", "capacity_(va)": "1000 VA"}, {"name": "APC BN650M1", "rating": 0, "rating_count": 0, "price_usd": 67.89, "capacity_(w)": "360 W", "capacity_(va)": "650 VA"}, {"name": "CyberPower CP1200AVR", "rating": 0, "rating_count": 0, "price_usd": 132.95, "capacity_(w)": "720 W", "capacity_(va)": "1200 VA"}, {"name": "APC BR1000MS", "rating": 0, "rating_count": 0, "price_usd": 145.99, "capacity_(w)": "600 W", "capacity_(va)": "1000 VA"}, {"name": "CyberPower OR2200LCDRT2U", "rating": 0, "rating_count": 0, "price_usd": 449.95, "capacity_(w)": "1320 W", "capacity_(va)": "2000 VA"}, {"name": "Tripp Lite BC350", "rating": 5, "rating_count": 1, "price_usd": 44.0, "capacity_(w)": "180 W", "capacity_(va)": "350 VA"}, {"name": "CyberPower PR2200LCD", "rating": 0, "rating_count": 0, "price_usd": 779.95, "capacity_(w)": "1980 W", "capacity_(va)": "2200 VA"}, {"name": "APC SRT10KXLT", "rating": 0, "rating_count": 0, "price_usd": 6049.95, "capacity_(w)": "10000 W", "capacity_(va)": "10000 VA"}, {"name": "Tripp Lite SMART1500LCDT", "rating": 5, "rating_count": 2, "price_usd": 168.05, "capacity_(w)": "900 W", "capacity_(va)": "1500 VA"}, {"name": "APC SRT8KXLI", "rating": 0, "rating_count": 0, "price_usd": 8888.0, "capacity_(w)": "8000 W", "capacity_(va)": "8000 VA"}, {"name": "CyberPower CP1350PFCLCD", "rating": 4, "rating_count": 6, "price_usd": 199.95, "capacity_(w)": "810 W", "capacity_(va)": "1350 VA"}, {"name": "APC BE650G1", "rating": 0, "rating_count": 0, "price_usd": 74.31, "capacity_(w)": "390 W", "capacity_(va)": "650 VA"}, {"name": "CyberPower CP1000PFCLCD", "rating": 4, "rating_count": 6, "price_usd": 154.94, "capacity_(w)": "600 W", "capacity_(va)": "1000 VA"}, {"name": "CyberPower CP850PFCLCD", "rating": 5, "rating_count": 1, "price_usd": 134.94, "capacity_(w)": "510 W", "capacity_(va)": "850 VA"}, {"name": "CyberPower PR1500LCD", "rating": 0, "rating_count": 0, "price_usd": 449.95, "capacity_(w)": "1050 W", "capacity_(va)": "1500 VA"}, {"name": "APC BR500CI-AS", "rating": 0, "rating_count": 0, "price_usd": 49.95, "capacity_(w)": "300 W", "capacity_(va)": "500 VA"}, {"name": "CyberPower OR2200PFCRT2Ua", "rating": 0, "rating_count": 0, "price_usd": 479.95, "capacity_(w)": "1300 W", "capacity_(va)": "2200 VA"}, {"name": "APC SMT1500I", "rating": 0, "rating_count": 0, "price_usd": 718.15, "capacity_(w)": "980 W", "capacity_(va)": "1500 VA"}, {"name": "APC SURTA3000XL", "rating": 0, "rating_count": 0, "price_usd": 1600.0, "capacity_(w)": "2100 W", "capacity_(va)": "3000 VA"}, {"name": "APC BX1000G", "rating": 0, "rating_count": 0, "price_usd": null, "capacity_(w)": "600 W", "capacity_(va)": "1000 VA"}, {"name": "CyberPower PR5000LCDRTXL5UTAA", "rating": 0, "rating_count": 0, "price_usd": 2129.95, "capacity_(w)": "4000 W", "capacity_(va)": "5000 VA"}, {"name": "CyberPower OR2200LCDRTXL2U", "rating": 0, "rating_count": 0, "price_usd": 609.95, "capacity_(w)": "1650 W", "capacity_(va)": "2190 VA"}, {"name": "APC BE550G", "rating": 4, "rating_count": 3, "price_usd": 69.99, "capacity_(w)": "330 W", "capacity_(va)": "550 VA"}, {"name": "APC BR1000G", "rating": 4, "rating_count": 4, "price_usd": 199.0, "capacity_(w)": "600 W", "capacity_(va)": "1000 VA"}, {"name": "APC SURT6000XLT", "rating": 0, "rating_count": 0, "price_usd": 8888.99, "capacity_(w)": "4200 W", "capacity_(va)": "6000 VA"}, {"name": "CyberPower ST425", "rating": 0, "rating_count": 0, "price_usd": 42.95, "capacity_(w)": "260 W", "capacity_(va)": "425 VA"}, {"name": "CyberPower LX1500GU-FC", "rating": 0, "rating_count": 0, "price_usd": null, "capacity_(w)": "900 W", "capacity_(va)": "1500 VA"}, {"name": "CyberPower CP825LCD", "rating": 0, "rating_count": 0, "price_usd": 82.95, "capacity_(w)": "450 W", "capacity_(va)": "825 VA"}, {"name": "APC SRT6KXLT", "rating": 0, "rating_count": 0, "price_usd": 5022.99, "capacity_(w)": "6000 W", "capacity_(va)": "6000 VA"}, {"name": "CyberPower BRG1500AVRLCD", "rating": 0, "rating_count": 0, "price_usd": 189.95, "capacity_(w)": "900 W", "capacity_(va)": "1500 VA"}, {"name": "CyberPower PR2200LCDRT2U", "rating": 0, "rating_count": 0, "price_usd": 699.95, "capacity_(w)": "1600 W", "capacity_(va)": "2170 VA"}, {"name": "APC BR1500GI", "rating": 0, "rating_count": 0, "price_usd": 433.99, "capacity_(w)": "865 W", "capacity_(va)": "1500 VA"}, {"name": "CyberPower CP1300EPFCLCD", "rating": 0, "rating_count": 0, "price_usd": null, "capacity_(w)": "780 W", "capacity_(va)": "1300 VA"}, {"name": "APC SMX1500RM2U", "rating": 0, "rating_count": 0, "price_usd": 763.99, "capacity_(w)": "1200 W", "capacity_(va)": "1500 VA"}, {"name": "APC BX600CI-IN", "rating": 0, "rating_count": 0, "price_usd": null, "capacity_(w)": "360 W", "capacity_(va)": "600 VA"}, {"name": "Tripp Lite SMT1500LCDT", "rating": 5, "rating_count": 2, "price_usd": null, "capacity_(w)": "900 W", "capacity_(va)": "1500 VA"}, {"name": "APC SRT10KRMXLT", "rating": 0, "rating_count": 0, "price_usd": 5939.95, "capacity_(w)": "10000 W", "capacity_(va)": "10000 VA"}, {"name": "CyberPower CP750LCD", "rating": 0, "rating_count": 0, "price_usd": 79.95, "capacity_(w)": "420 W", "capacity_(va)": "750 VA"}, {"name": "APC SMT2200", "rating": 0, "rating_count": 0, "price_usd": 1289.0, "capacity_(w)": "1980 W", "capacity_(va)": "2200 VA"}, {"name": "APC BR1200GI", "rating": 0, "rating_count": 0, "price_usd": 328.4, "capacity_(w)": "720 W", "capacity_(va)": "1200 VA"}, {"name": "APC SMT2200I", "rating": 0, "rating_count": 0, "price_usd": 1205.99, "capacity_(w)": "1980 W", "capacity_(va)": "2200 VA"}, {"name": "CyberPower EC550G", "rating": 0, "rating_count": 0, "price_usd": 59.95, "capacity_(w)": "330 W", "capacity_(va)": "550 VA"}, {"name": "Tripp Lite SMART2500XLHG", "rating": 0, "rating_count": 0, "price_usd": 1025.72, "capacity_(w)": "1920 W", "capacity_(va)": "2200 VA"}, {"name": "Tripp Lite INTERNET750U", "rating": 0, "rating_count": 0, "price_usd": 77.66, "capacity_(w)": "450 W", "capacity_(va)": "750 VA"}, {"name": "CyberPower CP800AVR", "rating": 0, "rating_count": 0, "price_usd": 89.95, "capacity_(w)": "450 W", "capacity_(va)": "800 VA"}, {"name": "CyberPower PR1500LCDRT2U", "rating": 0, "rating_count": 0, "price_usd": 515.95, "capacity_(w)": "1350 W", "capacity_(va)": "1500 VA"}, {"name": "APC BX1300G", "rating": 5, "rating_count": 3, "price_usd": null, "capacity_(w)": "780 W", "capacity_(va)": "1300 VA"}, {"name": "Tripp Lite OMNIVS1000", "rating": 0, "rating_count": 0, "price_usd": 132.97, "capacity_(w)": "500 W", "capacity_(va)": "1000 VA"}, {"name": "CyberPower PR2200LCDRTXL2UTAA", "rating": 0, "rating_count": 0, "price_usd": null, "capacity_(w)": "1650 W", "capacity_(va)": "2150 VA"}, {"name": "APC SMC1500I", "rating": 0, "rating_count": 0, "price_usd": 612.99, "capacity_(w)": "900 W", "capacity_(va)": "1500 VA"}, {"name": "Tripp Lite SU10KRT3UHV", "rating": 0, "rating_count": 0, "price_usd": 1456.29, "capacity_(w)": "7000 W", "capacity_(va)": "10000 VA"}, {"name": "Tripp Lite SMX1500LCDT", "rating": 0, "rating_count": 0, "price_usd": 235.73, "capacity_(w)": "900 W", "capacity_(va)": "1500 VA"}, {"name": "CyberPower GX1325U", "rating": 0, "rating_count": 0, "price_usd": 179.99, "capacity_(w)": "810 W", "capacity_(va)": "1325 VA"}, {"name": "APC SUM3000RMXLI2U", "rating": 0, "rating_count": 0, "price_usd": 4388.0, "capacity_(w)": "2850 W", "capacity_(va)": "3000 VA"}, {"name": "APC SRT8KRMXLI", "rating": 0, "rating_count": 0, "price_usd": null, "capacity_(w)": "8000 W", "capacity_(va)": "8000 VA"}, {"name": "CyberPower CP900AVR", "rating": 0, "rating_count": 0, "price_usd": 109.95, "capacity_(w)": "560 W", "capacity_(va)": "900 VA"}, {"name": "CyberPower EC750G", "rating": 0, "rating_count": 0, "price_usd": 79.95, "capacity_(w)": "450 W", "capacity_(va)": "750 VA"}, {"name": "APC BN1100M2", "rating": 5, "rating_count": 1, "price_usd": 169.9, "capacity_(w)": "600 W", "capacity_(va)": "1100 VA"}, {"name": "APC SRT5KXLI", "rating": 0, "rating_count": 0, "price_usd": 4118.0, "capacity_(w)": "4500 W", "capacity_(va)": "5000 VA"}, {"name": "APC SURTD2200XLIM", "rating": 0, "rating_count": 0, "price_usd": 2755.95, "capacity_(w)": "1540 W", "capacity_(va)": "2200 VA"}, {"name": "CyberPower PR5000LCDRTXL5U", "rating": 0, "rating_count": 0, "price_usd": 1995.95, "capacity_(w)": "4000 W", "capacity_(va)": "5000 VA"}, {"name": "Tripp Lite SMART3000SLT", "rating": 0, "rating_count": 0, "price_usd": 1064.48, "capacity_(w)": "2250 W", "capacity_(va)": "3000 VA"}, {"name": "CyberPower EC650LCD", "rating": 0, "rating_count": 0, "price_usd": 72.95, "capacity_(w)": "390 W", "capacity_(va)": "650 VA"}, {"name": "APC SMX3000RMHV2UNC", "rating": 0, "rating_count": 0, "price_usd": 1996.5, "capacity_(w)": "2700 W", "capacity_(va)": "3000 VA"}, {"name": "APC BK325I", "rating": 0, "rating_count": 0, "price_usd": 71.99, "capacity_(w)": "210 W", "capacity_(va)": "325 VA"}, {"name": "APC SMT2200US", "rating": 0, "rating_count": 0, "price_usd": 1129.16, "capacity_(w)": "1980 W", "capacity_(va)": "2200 VA"}, {"name": "APC BE325R", "rating": 0, "rating_count": 0, "price_usd": 59.95, "capacity_(w)": "185 W", "capacity_(va)": "325 VA"}, {"name": "APC SMX1500RMI2UNC", "rating": 0, "rating_count": 0, "price_usd": 1099.0, "capacity_(w)": "1200 W", "capacity_(va)": "1500 VA"}, {"name": "APC BN1080G", "rating": 5, "rating_count": 1, "price_usd": null, "capacity_(w)": "650 W", "capacity_(va)": "1080 VA"}, {"name": "APC SMX2200HV", "rating": 0, "rating_count": 0, "price_usd": 1483.31, "capacity_(w)": "1980 W", "capacity_(va)": "2200 VA"}, {"name": "Tripp Lite AVRX550U", "rating": 0, "rating_count": 0, "price_usd": 126.79, "capacity_(w)": "300 W", "capacity_(va)": "550 VA"}, {"name": "Tripp Lite SU1000XLCD", "rating": 0, "rating_count": 0, "price_usd": 622.77, "capacity_(w)": "900 W", "capacity_(va)": "1000 VA"}, {"name": "CyberPower CP850AVRLCD", "rating": 0, "rating_count": 0, "price_usd": 117.95, "capacity_(w)": "510 W", "capacity_(va)": "850 VA"}, {"name": "Tripp Lite AVRX750U", "rating": 0, "rating_count": 0, "price_usd": 199.99, "capacity_(w)": "450 W", "capacity_(va)": "750 VA"}, {"name": "APC BE650G1-LM", "rating": 0, "rating_count": 0, "price_usd": 99.99, "capacity_(w)": "390 W", "capacity_(va)": "650 VA"}, {"name": "APC SURTD3000RMXLI", "rating": 0, "rating_count": 0, "price_usd": 2966.99, "capacity_(w)": "2100 W", "capacity_(va)": "3000 VA"}, {"name": "Tripp Lite SMART3000RM2U", "rating": 0, "rating_count": 0, "price_usd": 969.0, "capacity_(w)": "2250 W", "capacity_(va)": "3000 VA"}, {"name": "CyberPower CP685AVR", "rating": 0, "rating_count": 0, "price_usd": 69.95, "capacity_(w)": "390 W", "capacity_(va)": "685 VA"}, {"name": "APC BE650G1-CN", "rating": 0, "rating_count": 0, "price_usd": 124.14, "capacity_(w)": "390 W", "capacity_(va)": "650 VA"}, {"name": "CyberPower AVRG900U", "rating": 0, "rating_count": 0, "price_usd": 82.95, "capacity_(w)": "480 W", "capacity_(va)": "900 VA"}, {"name": "APC BR900GI", "rating": 0, "rating_count": 0, "price_usd": 274.99, "capacity_(w)": "540 W", "capacity_(va)": "900 VA"}, {"name": "CyberPower CP1500AVRLCD", "rating": 5, "rating_count": 11, "price_usd": 154.94, "capacity_(w)": "900 W", "capacity_(va)": "1500 VA"}, {"name": "CyberPower CP1500PFCLCD", "rating": 4, "rating_count": 9, "price_usd": 209.95, "capacity_(w)": "1000 W", "capacity_(va)": "1500 VA"}, {"name": "APC BX1500M", "rating": 5, "rating_count": 3, "price_usd": 164.99, "capacity_(w)": "900 W", "capacity_(va)": "1500 VA"}, {"name": "APC SRT10KXLI", "rating": 0, "rating_count": 0, "price_usd": 7129.73, "capacity_(w)": "10000 W", "capacity_(va)": "10000 VA"}, {"name": "CyberPower PR3000LCD", "rating": 0, "rating_count": 0, "price_usd": 1009.95, "capacity_(w)": "2700 W", "capacity_(va)": "3000 VA"}, {"name": "APC BR700G", "rating": 5, "rating_count": 1, "price_usd": 114.99, "capacity_(w)": "450 W", "capacity_(va)": "700 VA"}, {"name": "APC BR1500G", "rating": 5, "rating_count": 4, "price_usd": 224.62, "capacity_(w)": "865 W", "capacity_(va)": "1500 VA"}, {"name": "APC SRT10KRMXLI", "rating": 0, "rating_count": 0, "price_usd": null, "capacity_(w)": "10000 W", "capacity_(va)": "10000 VA"}, {"name": "CyberPower CP350SLG", "rating": 0, "rating_count": 0, "price_usd": 40.95, "capacity_(w)": "255 W", "capacity_(va)": "350 VA"}, {"name": "CyberPower CP1350AVRLCD", "rating": 5, "rating_count": 2, "price_usd": 144.94, "capacity_(w)": "810 W", "capacity_(va)": "1350 VA"}, {"name": "APC BR1500MS", "rating": 5, "rating_count": 1, "price_usd": 203.99, "capacity_(w)": "900 W", "capacity_(va)": "1500 VA"}, {"name": "CyberPower PR2200LCDSL", "rating": 0, "rating_count": 0, "price_usd": 679.95, "capacity_(w)": "1980 W", "capacity_(va)": "2070 VA"}, {"name": "CyberPower PR3000LCDSL", "rating": 0, "rating_count": 0, "price_usd": 889.95, "capacity_(w)": "2700 W", "capacity_(va)": "3000 VA"}, {"name": "CyberPower AVRG750U", "rating": 4, "rating_count": 2, "price_usd": 82.95, "capacity_(w)": "450 W", "capacity_(va)": "750 VA"}, {"name": "CyberPower EC850LCD", "rating": 0, "rating_count": 0, "price_usd": 88.95, "capacity_(w)": "510 W", "capacity_(va)": "850 VA"}, {"name": "APC SMT1500US", "rating": 5, "rating_count": 1, "price_usd": 789.17, "capacity_(w)": "1000 W", "capacity_(va)": "1440 VA"}, {"name": "APC SRT5KRMXLW-HW", "rating": 0, "rating_count": 0, "price_usd": 3448.63, "capacity_(w)": "4500 W", "capacity_(va)": "5000 VA"}, {"name": "CyberPower CP550SLG", "rating": 4, "rating_count": 1, "price_usd": 54.95, "capacity_(w)": "330 W", "capacity_(va)": "550 VA"}, {"name": "CyberPower CP1000AVRLCD", "rating": 3, "rating_count": 3, "price_usd": 119.95, "capacity_(w)": "600 W", "capacity_(va)": "1000 VA"}, {"name": "APC BN650M1", "rating": 0, "rating_count": 0, "price_usd": 67.89, "capacity_(w)": "360 W", "capacity_(va)": "650 VA"}, {"name": "CyberPower CP1200AVR", "rating": 0, "rating_count": 0, "price_usd": 132.95, "capacity_(w)": "720 W", "capacity_(va)": "1200 VA"}, {"name": "APC BR1000MS", "rating": 0, "rating_count": 0, "price_usd": 145.99, "capacity_(w)": "600 W", "capacity_(va)": "1000 VA"}, {"name": "CyberPower OR2200LCDRT2U", "rating": 0, "rating_count": 0, "price_usd": 449.95, "capacity_(w)": "1320 W", "capacity_(va)": "2000 VA"}, {"name": "Tripp Lite BC350", "rating": 5, "rating_count": 1, "price_usd": 44.0, "capacity_(w)": "180 W", "capacity_(va)": "350 VA"}, {"name": "CyberPower PR2200LCD", "rating": 0, "rating_count": 0, "price_usd": 779.95, "capacity_(w)": "1980 W", "capacity_(va)": "2200 VA"}, {"name": "APC SRT10KXLT", "rating": 0, "rating_count": 0, "price_usd": 6049.95, "capacity_(w)": "10000 W", "capacity_(va)": "10000 VA"}, {"name": "Tripp Lite SMART1500LCDT", "rating": 5, "rating_count": 2, "price_usd": 168.05, "capacity_(w)": "900 W", "capacity_(va)": "1500 VA"}, {"name": "APC SRT8KXLI", "rating": 0, "rating_count": 0, "price_usd": 8888.0, "capacity_(w)": "8000 W", "capacity_(va)": "8000 VA"}, {"name": "CyberPower CP1350PFCLCD", "rating": 4, "rating_count": 6, "price_usd": 199.95, "capacity_(w)": "810 W", "capacity_(va)": "1350 VA"}, {"name": "APC BE650G1", "rating": 0, "rating_count": 0, "price_usd": 74.31, "capacity_(w)": "390 W", "capacity_(va)": "650 VA"}, {"name": "CyberPower CP1000PFCLCD", "rating": 4, "rating_count": 6, "price_usd": 154.94, "capacity_(w)": "600 W", "capacity_(va)": "1000 VA"}, {"name": "CyberPower CP850PFCLCD", "rating": 5, "rating_count": 1, "price_usd": 134.94, "capacity_(w)": "510 W", "capacity_(va)": "850 VA"}, {"name": "CyberPower PR1500LCD", "rating": 0, "rating_count": 0, "price_usd": 449.95, "capacity_(w)": "1050 W", "capacity_(va)": "1500 VA"}, {"name": "APC BR500CI-AS", "rating": 0, "rating_count": 0, "price_usd": 49.95, "capacity_(w)": "300 W", "capacity_(va)": "500 VA"}, {"name": "CyberPower OR2200PFCRT2Ua", "rating": 0, "rating_count": 0, "price_usd": 479.95, "capacity_(w)": "1300 W", "capacity_(va)": "2200 VA"}, {"name": "APC SMT1500I", "rating": 0, "rating_count": 0, "price_usd": 718.15, "capacity_(w)": "980 W", "capacity_(va)": "1500 VA"}, {"name": "APC SURTA3000XL", "rating": 0, "rating_count": 0, "price_usd": 1600.0, "capacity_(w)": "2100 W", "capacity_(va)": "3000 VA"}, {"name": "APC BX1000G", "rating": 0, "rating_count": 0, "price_usd": null, "capacity_(w)": "600 W", "capacity_(va)": "1000 VA"}, {"name": "CyberPower PR5000LCDRTXL5UTAA", "rating": 0, "rating_count": 0, "price_usd": 2129.95, "capacity_(w)": "4000 W", "capacity_(va)": "5000 VA"}, {"name": "CyberPower OR2200LCDRTXL2U", "rating": 0, "rating_count": 0, "price_usd": 609.95, "capacity_(w)": "1650 W", "capacity_(va)": "2190 VA"}, {"name": "APC BE550G", "rating": 4, "rating_count": 3, "price_usd": 69.99, "capacity_(w)": "330 W", "capacity_(va)": "550 VA"}, {"name": "APC BR1000G", "rating": 4, "rating_count": 4, "price_usd": 199.0, "capacity_(w)": "600 W", "capacity_(va)": "1000 VA"}, {"name": "APC SURT6000XLT", "rating": 0, "rating_count": 0, "price_usd": 8888.99, "capacity_(w)": "4200 W", "capacity_(va)": "6000 VA"}, {"name": "CyberPower ST425", "rating": 0, "rating_count": 0, "price_usd": 42.95, "capacity_(w)": "260 W", "capacity_(va)": "425 VA"}, {"name": "CyberPower LX1500GU-FC", "rating": 0, "rating_count": 0, "price_usd": null, "capacity_(w)": "900 W", "capacity_(va)": "1500 VA"}, {"name": "CyberPower CP825LCD", "rating": 0, "rating_count": 0, "price_usd": 82.95, "capacity_(w)": "450 W", "capacity_(va)": "825 VA"}, {"name": "APC SRT6KXLT", "rating": 0, "rating_count": 0, "price_usd": 5022.99, "capacity_(w)": "6000 W", "capacity_(va)": "6000 VA"}, {"name": "CyberPower BRG1500AVRLCD", "rating": 0, "rating_count": 0, "price_usd": 189.95, "capacity_(w)": "900 W", "capacity_(va)": "1500 VA"}, {"name": "CyberPower PR2200LCDRT2U", "rating": 0, "rating_count": 0, "price_usd": 699.95, "capacity_(w)": "1600 W", "capacity_(va)": "2170 VA"}, {"name": "APC BR1500GI", "rating": 0, "rating_count": 0, "price_usd": 433.99, "capacity_(w)": "865 W", "capacity_(va)": "1500 VA"}, {"name": "CyberPower CP1300EPFCLCD", "rating": 0, "rating_count": 0, "price_usd": null, "capacity_(w)": "780 W", "capacity_(va)": "1300 VA"}, {"name": "APC SMX1500RM2U", "rating": 0, "rating_count": 0, "price_usd": 763.99, "capacity_(w)": "1200 W", "capacity_(va)": "1500 VA"}, {"name": "APC BX600CI-IN", "rating": 0, "rating_count": 0, "price_usd": null, "capacity_(w)": "360 W", "capacity_(va)": "600 VA"}, {"name": "Tripp Lite SMT1500LCDT", "rating": 5, "rating_count": 2, "price_usd": null, "capacity_(w)": "900 W", "capacity_(va)": "1500 VA"}, {"name": "APC SRT10KRMXLT", "rating": 0, "rating_count": 0, "price_usd": 5939.95, "capacity_(w)": "10000 W", "capacity_(va)": "10000 VA"}, {"name": "CyberPower CP750LCD", "rating": 0, "rating_count": 0, "price_usd": 79.95, "capacity_(w)": "420 W", "capacity_(va)": "750 VA"}, {"name": "APC SMT2200", "rating": 0, "rating_count": 0, "price_usd": 1289.0, "capacity_(w)": "1980 W", "capacity_(va)": "2200 VA"}, {"name": "APC BR1200GI", "rating": 0, "rating_count": 0, "price_usd": 328.4, "capacity_(w)": "720 W", "capacity_(va)": "1200 VA"}, {"name": "APC SMT2200I", "rating": 0, "rating_count": 0, "price_usd": 1205.99, "capacity_(w)": "1980 W", "capacity_(va)": "2200 VA"}, {"name": "CyberPower EC550G", "rating": 0, "rating_count": 0, "price_usd": 59.95, "capacity_(w)": "330 W", "capacity_(va)": "550 VA"}, {"name": "Tripp Lite SMART2500XLHG", "rating": 0, "rating_count": 0, "price_usd": 1025.72, "capacity_(w)": "1920 W", "capacity_(va)": "2200 VA"}, {"name": "Tripp Lite INTERNET750U", "rating": 0, "rating_count": 0, "price_usd": 77.66, "capacity_(w)": "450 W", "capacity_(va)": "750 VA"}, {"name": "CyberPower CP800AVR", "rating": 0, "rating_count": 0, "price_usd": 89.95, "capacity_(w)": "450 W", "capacity_(va)": "800 VA"}, {"name": "CyberPower PR1500LCDRT2U", "rating": 0, "rating_count": 0, "price_usd": 515.95, "capacity_(w)": "1350 W", "capacity_(va)": "1500 VA"}, {"name": "APC BX1300G", "rating": 5, "rating_count": 3, "price_usd": null, "capacity_(w)": "780 W", "capacity_(va)": "1300 VA"}, {"name": "Tripp Lite OMNIVS1000", "rating": 0, "rating_count": 0, "price_usd": 132.97, "capacity_(w)": "500 W", "capacity_(va)": "1000 VA"}, {"name": "CyberPower PR2200LCDRTXL2UTAA", "rating": 0, "rating_count": 0, "price_usd": null, "capacity_(w)": "1650 W", "capacity_(va)": "2150 VA"}, {"name": "APC SMC1500I", "rating": 0, "rating_count": 0, "price_usd": 612.99, "capacity_(w)": "900 W", "capacity_(va)": "1500 VA"}, {"name": "Tripp Lite SU10KRT3UHV", "rating": 0, "rating_count": 0, "price_usd": 1456.29, "capacity_(w)": "7000 W", "capacity_(va)": "10000 VA"}, {"name": "Tripp Lite SMX1500LCDT", "rating": 0, "rating_count": 0, "price_usd": 235.73, "capacity_(w)": "900 W", "capacity_(va)": "1500 VA"}, {"name": "CyberPower GX1325U", "rating": 0, "rating_count": 0, "price_usd": 179.99, "capacity_(w)": "810 W", "capacity_(va)": "1325 VA"}, {"name": "APC SUM3000RMXLI2U", "rating": 0, "rating_count": 0, "price_usd": 4388.0, "capacity_(w)": "2850 W", "capacity_(va)": "3000 VA"}, {"name": "APC SRT8KRMXLI", "rating": 0, "rating_count": 0, "price_usd": null, "capacity_(w)": "8000 W", "capacity_(va)": "8000 VA"}, {"name": "CyberPower CP900AVR", "rating": 0, "rating_count": 0, "price_usd": 109.95, "capacity_(w)": "560 W", "capacity_(va)": "900 VA"}, {"name": "CyberPower EC750G", "rating": 0, "rating_count": 0, "price_usd": 79.95, "capacity_(w)": "450 W", "capacity_(va)": "750 VA"}, {"name": "APC BN1100M2", "rating": 5, "rating_count": 1, "price_usd": 169.9, "capacity_(w)": "600 W", "capacity_(va)": "1100 VA"}, {"name": "APC SRT5KXLI", "rating": 0, "rating_count": 0, "price_usd": 4118.0, "capacity_(w)": "4500 W", "capacity_(va)": "5000 VA"}, {"name": "APC SURTD2200XLIM", "rating": 0, "rating_count": 0, "price_usd": 2755.95, "capacity_(w)": "1540 W", "capacity_(va)": "2200 VA"}, {"name": "CyberPower PR5000LCDRTXL5U", "rating": 0, "rating_count": 0, "price_usd": 1995.95, "capacity_(w)": "4000 W", "capacity_(va)": "5000 VA"}, {"name": "Tripp Lite SMART3000SLT", "rating": 0, "rating_count": 0, "price_usd": 1064.48, "capacity_(w)": "2250 W", "capacity_(va)": "3000 VA"}, {"name": "CyberPower EC650LCD", "rating": 0, "rating_count": 0, "price_usd": 72.95, "capacity_(w)": "390 W", "capacity_(va)": "650 VA"}, {"name": "APC SMX3000RMHV2UNC", "rating": 0, "rating_count": 0, "price_usd": 1996.5, "capacity_(w)": "2700 W", "capacity_(va)": "3000 VA"}, {"name": "APC BK325I", "rating": 0, "rating_count": 0, "price_usd": 71.99, "capacity_(w)": "210 W", "capacity_(va)": "325 VA"}, {"name": "APC SMT2200US", "rating": 0, "rating_count": 0, "price_usd": 1129.16, "capacity_(w)": "1980 W", "capacity_(va)": "2200 VA"}, {"name": "APC BE325R", "rating": 0, "rating_count": 0, "price_usd": 59.95, "capacity_(w)": "185 W", "capacity_(va)": "325 VA"}, {"name": "APC SMX1500RMI2UNC", "rating": 0, "rating_count": 0, "price_usd": 1099.0, "capacity_(w)": "1200 W", "capacity_(va)": "1500 VA"}, {"name": "APC BN1080G", "rating": 5, "rating_count": 1, "price_usd": null, "capacity_(w)": "650 W", "capacity_(va)": "1080 VA"}, {"name": "APC SMX2200HV", "rating": 0, "rating_count": 0, "price_usd": 1483.31, "capacity_(w)": "1980 W", "capacity_(va)": "2200 VA"}, {"name": "Tripp Lite AVRX550U", "rating": 0, "rating_count": 0, "price_usd": 126.79, "capacity_(w)": "300 W", "capacity_(va)": "550 VA"}, {"name": "Tripp Lite SU1000XLCD", "rating": 0, "rating_count": 0, "price_usd": 622.77, "capacity_(w)": "900 W", "capacity_(va)": "1000 VA"}, {"name": "CyberPower CP850AVRLCD", "rating": 0, "rating_count": 0, "price_usd": 117.95, "capacity_(w)": "510 W", "capacity_(va)": "850 VA"}, {"name": "Tripp Lite AVRX750U", "rating": 0, "rating_count": 0, "price_usd": 199.99, "capacity_(w)": "450 W", "capacity_(va)": "750 VA"}, {"name": "APC BE650G1-LM", "rating": 0, "rating_count": 0, "price_usd": 99.99, "capacity_(w)": "390 W", "capacity_(va)": "650 VA"}, {"name": "APC SURTD3000RMXLI", "rating": 0, "rating_count": 0, "price_usd": 2966.99, "capacity_(w)": "2100 W", "capacity_(va)": "3000 VA"}, {"name": "Tripp Lite SMART3000RM2U", "rating": 0, "rating_count": 0, "price_usd": 969.0, "capacity_(w)": "2250 W", "capacity_(va)": "3000 VA"}, {"name": "CyberPower CP685AVR", "rating": 0, "rating_count": 0, "price_usd": 69.95, "capacity_(w)": "390 W", "capacity_(va)": "685 VA"}, {"name": "APC BE650G1-CN", "rating": 0, "rating_count": 0, "price_usd": 124.14, "capacity_(w)": "390 W", "capacity_(va)": "650 VA"}, {"name": "CyberPower AVRG900U", "rating": 0, "rating_count": 0, "price_usd": 82.95, "capacity_(w)": "480 W", "capacity_(va)": "900 VA"}, {"name": "APC BR900GI", "rating": 0, "rating_count": 0, "price_usd": 274.99, "capacity_(w)": "540 W", "capacity_(va)": "900 VA"}, {"name": "CyberPower CP1500AVRLCD", "rating": 5, "rating_count": 11, "price_usd": 154.94, "capacity_(w)": "900 W", "capacity_(va)": "1500 VA"}, {"name": "CyberPower CP1500PFCLCD", "rating": 4, "rating_count": 9, "price_usd": 209.95, "capacity_(w)": "1000 W", "capacity_(va)": "1500 VA"}, {"name": "APC BX1500M", "rating": 5, "rating_count": 3, "price_usd": 164.99, "capacity_(w)": "900 W", "capacity_(va)": "1500 VA"}, {"name": "APC SRT10KXLI", "rating": 0, "rating_count": 0, "price_usd": 7129.73, "capacity_(w)": "10000 W", "capacity_(va)": "10000 VA"}, {"name": "CyberPower PR3000LCD", "rating": 0, "rating_count": 0, "price_usd": 1009.95, "capacity_(w)": "2700 W", "capacity_(va)": "3000 VA"}, {"name": "APC BR700G", "rating": 5, "rating_count": 1, "price_usd": 114.99, "capacity_(w)": "450 W", "capacity_(va)": "700 VA"}, {"name": "APC BR1500G", "rating": 5, "rating_count": 4, "price_usd": 224.62, "capacity_(w)": "865 W", "capacity_(va)": "1500 VA"}, {"name": "APC SRT10KRMXLI", "rating": 0, "rating_count": 0, "price_usd": null, "capacity_(w)": "10000 W", "capacity_(va)": "10000 VA"}, {"name": "CyberPower CP350SLG", "rating": 0, "rating_count": 0, "price_usd": 40.95, "capacity_(w)": "255 W", "capacity_(va)": "350 VA"}, {"name": "CyberPower CP1350AVRLCD", "rating": 5, "rating_count": 2, "price_usd": 144.94, "capacity_(w)": "810 W", "capacity_(va)": "1350 VA"}, {"name": "APC BR1500MS", "rating": 5, "rating_count": 1, "price_usd": 203.99, "capacity_(w)": "900 W", "capacity_(va)": "1500 VA"}, {"name": "CyberPower PR2200LCDSL", "rating": 0, "rating_count": 0, "price_usd": 679.95, "capacity_(w)": "1980 W", "capacity_(va)": "2070 VA"}, {"name": "CyberPower PR3000LCDSL", "rating": 0, "rating_count": 0, "price_usd": 889.95, "capacity_(w)": "2700 W", "capacity_(va)": "3000 VA"}, {"name": "CyberPower AVRG750U", "rating": 4, "rating_count": 2, "price_usd": 82.95, "capacity_(w)": "450 W", "capacity_(va)": "750 VA"}, {"name": "CyberPower EC850LCD", "rating": 0, "rating_count": 0, "price_usd": 88.95, "capacity_(w)": "510 W", "capacity_(va)": "850 VA"}, {"name": "APC SMT1500US", "rating": 5, "rating_count": 1, "price_usd": 789.17, "capacity_(w)": "1000 W", "capacity_(va)": "1440 VA"}, {"name": "APC SRT5KRMXLW-HW", "rating": 0, "rating_count": 0, "price_usd": 3448.63, "capacity_(w)": "4500 W", "capacity_(va)": "5000 VA"}, {"name": "CyberPower CP550SLG", "rating": 4, "rating_count": 1, "price_usd": 54.95, "capacity_(w)": "330 W", "capacity_(va)": "550 VA"}, {"name": "CyberPower CP1000AVRLCD", "rating": 3, "rating_count": 3, "price_usd": 119.95, "capacity_(w)": "600 W", "capacity_(va)": "1000 VA"}, {"name": "APC BN650M1", "rating": 0, "rating_count": 0, "price_usd": 67.89, "capacity_(w)": "360 W", "capacity_(va)": "650 VA"}, {"name": "CyberPower CP1200AVR", "rating": 0, "rating_count": 0, "price_usd": 132.95, "capacity_(w)": "720 W", "capacity_(va)": "1200 VA"}, {"name": "APC BR1000MS", "rating": 0, "rating_count": 0, "price_usd": 145.99, "capacity_(w)": "600 W", "capacity_(va)": "1000 VA"}, {"name": "CyberPower OR2200LCDRT2U", "rating": 0, "rating_count": 0, "price_usd": 449.95, "capacity_(w)": "1320 W", "capacity_(va)": "2000 VA"}, {"name": "Tripp Lite BC350", "rating": 5, "rating_count": 1, "price_usd": 44.0, "capacity_(w)": "180 W", "capacity_(va)": "350 VA"}, {"name": "CyberPower PR2200LCD", "rating": 0, "rating_count": 0, "price_usd": 779.95, "capacity_(w)": "1980 W", "capacity_(va)": "2200 VA"}, {"name": "APC SRT10KXLT", "rating": 0, "rating_count": 0, "price_usd": 6049.95, "capacity_(w)": "10000 W", "capacity_(va)": "10000 VA"}, {"name": "Tripp Lite SMART1500LCDT", "rating": 5, "rating_count": 2, "price_usd": 168.05, "capacity_(w)": "900 W", "capacity_(va)": "1500 VA"}, {"name": "APC SRT8KXLI", "rating": 0, "rating_count": 0, "price_usd": 8888.0, "capacity_(w)": "8000 W", "capacity_(va)": "8000 VA"}, {"name": "CyberPower CP1350PFCLCD", "rating": 4, "rating_count": 6, "price_usd": 199.95, "capacity_(w)": "810 W", "capacity_(va)": "1350 VA"}, {"name": "APC BE650G1", "rating": 0, "rating_count": 0, "price_usd": 74.31, "capacity_(w)": "390 W", "capacity_(va)": "650 VA"}, {"name": "CyberPower CP1000PFCLCD", "rating": 4, "rating_count": 6, "price_usd": 154.94, "capacity_(w)": "600 W", "capacity_(va)": "1000 VA"}, {"name": "CyberPower CP850PFCLCD", "rating": 5, "rating_count": 1, "price_usd": 134.94, "capacity_(w)": "510 W", "capacity_(va)": "850 VA"}, {"name": "CyberPower PR1500LCD", "rating": 0, "rating_count": 0, "price_usd": 449.95, "capacity_(w)": "1050 W", "capacity_(va)": "1500 VA"}, {"name": "APC BR500CI-AS", "rating": 0, "rating_count": 0, "price_usd": 49.95, "capacity_(w)": "300 W", "capacity_(va)": "500 VA"}, {"name": "CyberPower OR2200PFCRT2Ua", "rating": 0, "rating_count": 0, "price_usd": 479.95, "capacity_(w)": "1300 W", "capacity_(va)": "2200 VA"}, {"name": "APC SMT1500I", "rating": 0, "rating_count": 0, "price_usd": 718.15, "capacity_(w)": "980 W", "capacity_(va)": "1500 VA"}, {"name": "APC SURTA3000XL", "rating": 0, "rating_count": 0, "price_usd": 1600.0, "capacity_(w)": "2100 W", "capacity_(va)": "3000 VA"}, {"name": "APC BX1000G", "rating": 0, "rating_count": 0, "price_usd": null, "capacity_(w)": "600 W", "capacity_(va)": "1000 VA"}, {"name": "CyberPower PR5000LCDRTXL5UTAA", "rating": 0, "rating_count": 0, "price_usd": 2129.95, "capacity_(w)": "4000 W", "capacity_(va)": "5000 VA"}, {"name": "CyberPower OR2200LCDRTXL2U", "rating": 0, "rating_count": 0, "price_usd": 609.95, "capacity_(w)": "1650 W", "capacity_(va)": "2190 VA"}, {"name": "APC BE550G", "rating": 4, "rating_count": 3, "price_usd": 69.99, "capacity_(w)": "330 W", "capacity_(va)": "550 VA"}, {"name": "APC BR1000G", "rating": 4, "rating_count": 4, "price_usd": 199.0, "capacity_(w)": "600 W", "capacity_(va)": "1000 VA"}, {"name": "APC SURT6000XLT", "rating": 0, "rating_count": 0, "price_usd": 8888.99, "capacity_(w)": "4200 W", "capacity_(va)": "6000 VA"}, {"name": "CyberPower ST425", "rating": 0, "rating_count": 0, "price_usd": 42.95, "capacity_(w)": "260 W", "capacity_(va)": "425 VA"}, {"name": "CyberPower LX1500GU-FC", "rating": 0, "rating_count": 0, "price_usd": null, "capacity_(w)": "900 W", "capacity_(va)": "1500 VA"}, {"name": "CyberPower CP825LCD", "rating": 0, "rating_count": 0, "price_usd": 82.95, "capacity_(w)": "450 W", "capacity_(va)": "825 VA"}, {"name": "APC SRT6KXLT", "rating": 0, "rating_count": 0, "price_usd": 5022.99, "capacity_(w)": "6000 W", "capacity_(va)": "6000 VA"}, {"name": "CyberPower BRG1500AVRLCD", "rating": 0, "rating_count": 0, "price_usd": 189.95, "capacity_(w)": "900 W", "capacity_(va)": "1500 VA"}, {"name": "CyberPower PR2200LCDRT2U", "rating": 0, "rating_count": 0, "price_usd": 699.95, "capacity_(w)": "1600 W", "capacity_(va)": "2170 VA"}, {"name": "APC BR1500GI", "rating": 0, "rating_count": 0, "price_usd": 433.99, "capacity_(w)": "865 W", "capacity_(va)": "1500 VA"}, {"name": "CyberPower CP1300EPFCLCD", "rating": 0, "rating_count": 0, "price_usd": null, "capacity_(w)": "780 W", "capacity_(va)": "1300 VA"}, {"name": "APC SMX1500RM2U", "rating": 0, "rating_count": 0, "price_usd": 763.99, "capacity_(w)": "1200 W", "capacity_(va)": "1500 VA"}, {"name": "APC BX600CI-IN", "rating": 0, "rating_count": 0, "price_usd": null, "capacity_(w)": "360 W", "capacity_(va)": "600 VA"}, {"name": "Tripp Lite SMT1500LCDT", "rating": 5, "rating_count": 2, "price_usd": null, "capacity_(w)": "900 W", "capacity_(va)": "1500 VA"}, {"name": "APC SRT10KRMXLT", "rating": 0, "rating_count": 0, "price_usd": 5939.95, "capacity_(w)": "10000 W", "capacity_(va)": "10000 VA"}, {"name": "CyberPower CP750LCD", "rating": 0, "rating_count": 0, "price_usd": 79.95, "capacity_(w)": "420 W", "capacity_(va)": "750 VA"}, {"name": "APC SMT2200", "rating": 0, "rating_count": 0, "price_usd": 1289.0, "capacity_(w)": "1980 W", "capacity_(va)": "2200 VA"}, {"name": "APC BR1200GI", "rating": 0, "rating_count": 0, "price_usd": 328.4, "capacity_(w)": "720 W", "capacity_(va)": "1200 VA"}, {"name": "APC SMT2200I", "rating": 0, "rating_count": 0, "price_usd": 1205.99, "capacity_(w)": "1980 W", "capacity_(va)": "2200 VA"}, {"name": "CyberPower EC550G", "rating": 0, "rating_count": 0, "price_usd": 59.95, "capacity_(w)": "330 W", "capacity_(va)": "550 VA"}, {"name": "Tripp Lite SMART2500XLHG", "rating": 0, "rating_count": 0, "price_usd": 1025.72, "capacity_(w)": "1920 W", "capacity_(va)": "2200 VA"}, {"name": "Tripp Lite INTERNET750U", "rating": 0, "rating_count": 0, "price_usd": 77.66, "capacity_(w)": "450 W", "capacity_(va)": "750 VA"}, {"name": "CyberPower CP800AVR", "rating": 0, "rating_count": 0, "price_usd": 89.95, "capacity_(w)": "450 W", "capacity_(va)": "800 VA"}, {"name": "CyberPower PR1500LCDRT2U", "rating": 0, "rating_count": 0, "price_usd": 515.95, "capacity_(w)": "1350 W", "capacity_(va)": "1500 VA"}, {"name": "APC BX1300G", "rating": 5, "rating_count": 3, "price_usd": null, "capacity_(w)": "780 W", "capacity_(va)": "1300 VA"}, {"name": "Tripp Lite OMNIVS1000", "rating": 0, "rating_count": 0, "price_usd": 132.97, "capacity_(w)": "500 W", "capacity_(va)": "1000 VA"}, {"name": "CyberPower PR2200LCDRTXL2UTAA", "rating": 0, "rating_count": 0, "price_usd": null, "capacity_(w)": "1650 W", "capacity_(va)": "2150 VA"}, {"name": "APC SMC1500I", "rating": 0, "rating_count": 0, "price_usd": 612.99, "capacity_(w)": "900 W", "capacity_(va)": "1500 VA"}, {"name": "Tripp Lite SU10KRT3UHV", "rating": 0, "rating_count": 0, "price_usd": 1456.29, "capacity_(w)": "7000 W", "capacity_(va)": "10000 VA"}, {"name": "Tripp Lite SMX1500LCDT", "rating": 0, "rating_count": 0, "price_usd": 235.73, "capacity_(w)": "900 W", "capacity_(va)": "1500 VA"}, {"name": "CyberPower GX1325U", "rating": 0, "rating_count": 0, "price_usd": 179.99, "capacity_(w)": "810 W", "capacity_(va)": "1325 VA"}, {"name": "APC SUM3000RMXLI2U", "rating": 0, "rating_count": 0, "price_usd": 4388.0, "capacity_(w)": "2850 W", "capacity_(va)": "3000 VA"}, {"name": "APC SRT8KRMXLI", "rating": 0, "rating_count": 0, "price_usd": null, "capacity_(w)": "8000 W", "capacity_(va)": "8000 VA"}, {"name": "CyberPower CP900AVR", "rating": 0, "rating_count": 0, "price_usd": 109.95, "capacity_(w)": "560 W", "capacity_(va)": "900 VA"}, {"name": "CyberPower EC750G", "rating": 0, "rating_count": 0, "price_usd": 79.95, "capacity_(w)": "450 W", "capacity_(va)": "750 VA"}, {"name": "APC BN1100M2", "rating": 5, "rating_count": 1, "price_usd": 169.9, "capacity_(w)": "600 W", "capacity_(va)": "1100 VA"}, {"name": "APC SRT5KXLI", "rating": 0, "rating_count": 0, "price_usd": 4118.0, "capacity_(w)": "4500 W", "capacity_(va)": "5000 VA"}, {"name": "APC SURTD2200XLIM", "rating": 0, "rating_count": 0, "price_usd": 2755.95, "capacity_(w)": "1540 W", "capacity_(va)": "2200 VA"}, {"name": "CyberPower PR5000LCDRTXL5U", "rating": 0, "rating_count": 0, "price_usd": 1995.95, "capacity_(w)": "4000 W", "capacity_(va)": "5000 VA"}, {"name": "Tripp Lite SMART3000SLT", "rating": 0, "rating_count": 0, "price_usd": 1064.48, "capacity_(w)": "2250 W", "capacity_(va)": "3000 VA"}, {"name": "CyberPower EC650LCD", "rating": 0, "rating_count": 0, "price_usd": 72.95, "capacity_(w)": "390 W", "capacity_(va)": "650 VA"}, {"name": "APC SMX3000RMHV2UNC", "rating": 0, "rating_count": 0, "price_usd": 1996.5, "capacity_(w)": "2700 W", "capacity_(va)": "3000 VA"}, {"name": "APC BK325I", "rating": 0, "rating_count": 0, "price_usd": 71.99, "capacity_(w)": "210 W", "capacity_(va)": "325 VA"}, {"name": "APC SMT2200US", "rating": 0, "rating_count": 0, "price_usd": 1129.16, "capacity_(w)": "1980 W", "capacity_(va)": "2200 VA"}, {"name": "APC BE325R", "rating": 0, "rating_count": 0, "price_usd": 59.95, "capacity_(w)": "185 W", "capacity_(va)": "325 VA"}, {"name": "APC SMX1500RMI2UNC", "rating": 0, "rating_count": 0, "price_usd": 1099.0, "capacity_(w)": "1200 W", "capacity_(va)": "1500 VA"}, {"name": "APC BN1080G", "rating": 5, "rating_count": 1, "price_usd": null, "capacity_(w)": "650 W", "capacity_(va)": "1080 VA"}, {"name": "APC SMX2200HV", "rating": 0, "rating_count": 0, "price_usd": 1483.31, "capacity_(w)": "1980 W", "capacity_(va)": "2200 VA"}, {"name": "Tripp Lite AVRX550U", "rating": 0, "rating_count": 0, "price_usd": 126.79, "capacity_(w)": "300 W", "capacity_(va)": "550 VA"}, {"name": "Tripp Lite SU1000XLCD", "rating": 0, "rating_count": 0, "price_usd": 622.77, "capacity_(w)": "900 W", "capacity_(va)": "1000 VA"}, {"name": "CyberPower CP850AVRLCD", "rating": 0, "rating_count": 0, "price_usd": 117.95, "capacity_(w)": "510 W", "capacity_(va)": "850 VA"}, {"name": "Tripp Lite AVRX750U", "rating": 0, "rating_count": 0, "price_usd": 199.99, "capacity_(w)": "450 W", "capacity_(va)": "750 VA"}, {"name": "APC BE650G1-LM", "rating": 0, "rating_count": 0, "price_usd": 99.99, "capacity_(w)": "390 W", "capacity_(va)": "650 VA"}, {"name": "APC SURTD3000RMXLI", "rating": 0, "rating_count": 0, "price_usd": 2966.99, "capacity_(w)": "2100 W", "capacity_(va)": "3000 VA"}, {"name": "Tripp Lite SMART3000RM2U", "rating": 0, "rating_count": 0, "price_usd": 969.0, "capacity_(w)": "2250 W", "capacity_(va)": "3000 VA"}, {"name": "CyberPower CP685AVR", "rating": 0, "rating_count": 0, "price_usd": 69.95, "capacity_(w)": "390 W", "capacity_(va)": "685 VA"}, {"name": "APC BE650G1-CN", "rating": 0, "rating_count": 0, "price_usd": 124.14, "capacity_(w)": "390 W", "capacity_(va)": "650 VA"}, {"name": "CyberPower AVRG900U", "rating": 0, "rating_count": 0, "price_usd": 82.95, "capacity_(w)": "480 W", "capacity_(va)": "900 VA"}, {"name": "APC BR900GI", "rating": 0, "rating_count": 0, "price_usd": 274.99, "capacity_(w)": "540 W", "capacity_(va)": "900 VA"}, {"name": "CyberPower CP1500AVRLCD", "rating": 5, "rating_count": 11, "price_usd": 154.94, "capacity_(w)": "900 W", "capacity_(va)": "1500 VA"}, {"name": "CyberPower CP1500PFCLCD", "rating": 4, "rating_count": 9, "price_usd": 209.95, "capacity_(w)": "1000 W", "capacity_(va)": "1500 VA"}, {"name": "APC BX1500M", "rating": 5, "rating_count": 3, "price_usd": 164.99, "capacity_(w)": "900 W", "capacity_(va)": "1500 VA"}, {"name": "APC SRT10KXLI", "rating": 0, "rating_count": 0, "price_usd": 7129.73, "capacity_(w)": "10000 W", "capacity_(va)": "10000 VA"}, {"name": "CyberPower PR3000LCD", "rating": 0, "rating_count": 0, "price_usd": 1009.95, "capacity_(w)": "2700 W", "capacity_(va)": "3000 VA"}, {"name": "APC BR700G", "rating": 5, "rating_count": 1, "price_usd": 114.99, "capacity_(w)": "450 W", "capacity_(va)": "700 VA"}, {"name": "APC BR1500G", "rating": 5, "rating_count": 4, "price_usd": 224.62, "capacity_(w)": "865 W", "capacity_(va)": "1500 VA"}, {"name": "APC SRT10KRMXLI", "rating": 0, "rating_count": 0, "price_usd": null, "capacity_(w)": "10000 W", "capacity_(va)": "10000 VA"}, {"name": "CyberPower CP350SLG", "rating": 0, "rating_count": 0, "price_usd": 40.95, "capacity_(w)": "255 W", "capacity_(va)": "350 VA"}, {"name": "CyberPower CP1350AVRLCD", "rating": 5, "rating_count": 2, "price_usd": 144.94, "capacity_(w)": "810 W", "capacity_(va)": "1350 VA"}, {"name": "APC BR1500MS", "rating": 5, "rating_count": 1, "price_usd": 203.99, "capacity_(w)": "900 W", "capacity_(va)": "1500 VA"}, {"name": "CyberPower PR2200LCDSL", "rating": 0, "rating_count": 0, "price_usd": 679.95, "capacity_(w)": "1980 W", "capacity_(va)": "2070 VA"}, {"name": "CyberPower PR3000LCDSL", "rating": 0, "rating_count": 0, "price_usd": 889.95, "capacity_(w)": "2700 W", "capacity_(va)": "3000 VA"}, {"name": "CyberPower AVRG750U", "rating": 4, "rating_count": 2, "price_usd": 82.95, "capacity_(w)": "450 W", "capacity_(va)": "750 VA"}, {"name": "CyberPower EC850LCD", "rating": 0, "rating_count": 0, "price_usd": 88.95, "capacity_(w)": "510 W", "capacity_(va)": "850 VA"}, {"name": "APC SMT1500US", "rating": 5, "rating_count": 1, "price_usd": 789.17, "capacity_(w)": "1000 W", "capacity_(va)": "1440 VA"}, {"name": "APC SRT5KRMXLW-HW", "rating": 0, "rating_count": 0, "price_usd": 3448.63, "capacity_(w)": "4500 W", "capacity_(va)": "5000 VA"}, {"name": "CyberPower CP550SLG", "rating": 4, "rating_count": 1, "price_usd": 54.95, "capacity_(w)": "330 W", "capacity_(va)": "550 VA"}, {"name": "CyberPower CP1000AVRLCD", "rating": 3, "rating_count": 3, "price_usd": 119.95, "capacity_(w)": "600 W", "capacity_(va)": "1000 VA"}, {"name": "APC BN650M1", "rating": 0, "rating_count": 0, "price_usd": 67.89, "capacity_(w)": "360 W", "capacity_(va)": "650 VA"}, {"name": "CyberPower CP1200AVR", "rating": 0, "rating_count": 0, "price_usd": 132.95, "capacity_(w)": "720 W", "capacity_(va)": "1200 VA"}, {"name": "APC BR1000MS", "rating": 0, "rating_count": 0, "price_usd": 145.99, "capacity_(w)": "600 W", "capacity_(va)": "1000 VA"}, {"name": "CyberPower OR2200LCDRT2U", "rating": 0, "rating_count": 0, "price_usd": 449.95, "capacity_(w)": "1320 W", "capacity_(va)": "2000 VA"}, {"name": "Tripp Lite BC350", "rating": 5, "rating_count": 1, "price_usd": 44.0, "capacity_(w)": "180 W", "capacity_(va)": "350 VA"}, {"name": "CyberPower PR2200LCD", "rating": 0, "rating_count": 0, "price_usd": 779.95, "capacity_(w)": "1980 W", "capacity_(va)": "2200 VA"}, {"name": "APC SRT10KXLT", "rating": 0, "rating_count": 0, "price_usd": 6049.95, "capacity_(w)": "10000 W", "capacity_(va)": "10000 VA"}, {"name": "Tripp Lite SMART1500LCDT", "rating": 5, "rating_count": 2, "price_usd": 168.05, "capacity_(w)": "900 W", "capacity_(va)": "1500 VA"}, {"name": "APC SRT8KXLI", "rating": 0, "rating_count": 0, "price_usd": 8888.0, "capacity_(w)": "8000 W", "capacity_(va)": "8000 VA"}, {"name": "CyberPower CP1350PFCLCD", "rating": 4, "rating_count": 6, "price_usd": 199.95, "capacity_(w)": "810 W", "capacity_(va)": "1350 VA"}, {"name": "APC BE650G1", "rating": 0, "rating_count": 0, "price_usd": 74.31, "capacity_(w)": "390 W", "capacity_(va)": "650 VA"}, {"name": "CyberPower CP1000PFCLCD", "rating": 4, "rating_count": 6, "price_usd": 154.94, "capacity_(w)": "600 W", "capacity_(va)": "1000 VA"}, {"name": "CyberPower CP850PFCLCD", "rating": 5, "rating_count": 1, "price_usd": 134.94, "capacity_(w)": "510 W", "capacity_(va)": "850 VA"}, {"name": "CyberPower PR1500LCD", "rating": 0, "rating_count": 0, "price_usd": 449.95, "capacity_(w)": "1050 W", "capacity_(va)": "1500 VA"}, {"name": "APC BR500CI-AS", "rating": 0, "rating_count": 0, "price_usd": 49.95, "capacity_(w)": "300 W", "capacity_(va)": "500 VA"}, {"name": "CyberPower OR2200PFCRT2Ua", "rating": 0, "rating_count": 0, "price_usd": 479.95, "capacity_(w)": "1300 W", "capacity_(va)": "2200 VA"}, {"name": "APC SMT1500I", "rating": 0, "rating_count": 0, "price_usd": 718.15, "capacity_(w)": "980 W", "capacity_(va)": "1500 VA"}, {"name": "APC SURTA3000XL", "rating": 0, "rating_count": 0, "price_usd": 1600.0, "capacity_(w)": "2100 W", "capacity_(va)": "3000 VA"}, {"name": "APC BX1000G", "rating": 0, "rating_count": 0, "price_usd": null, "capacity_(w)": "600 W", "capacity_(va)": "1000 VA"}, {"name": "CyberPower PR5000LCDRTXL5UTAA", "rating": 0, "rating_count": 0, "price_usd": 2129.95, "capacity_(w)": "4000 W", "capacity_(va)": "5000 VA"}, {"name": "CyberPower OR2200LCDRTXL2U", "rating": 0, "rating_count": 0, "price_usd": 609.95, "capacity_(w)": "1650 W", "capacity_(va)": "2190 VA"}, {"name": "APC BE550G", "rating": 4, "rating_count": 3, "price_usd": 69.99, "capacity_(w)": "330 W", "capacity_(va)": "550 VA"}, {"name": "APC BR1000G", "rating": 4, "rating_count": 4, "price_usd": 199.0, "capacity_(w)": "600 W", "capacity_(va)": "1000 VA"}, {"name": "APC SURT6000XLT", "rating": 0, "rating_count": 0, "price_usd": 8888.99, "capacity_(w)": "4200 W", "capacity_(va)": "6000 VA"}, {"name": "CyberPower ST425", "rating": 0, "rating_count": 0, "price_usd": 42.95, "capacity_(w)": "260 W", "capacity_(va)": "425 VA"}, {"name": "CyberPower LX1500GU-FC", "rating": 0, "rating_count": 0, "price_usd": null, "capacity_(w)": "900 W", "capacity_(va)": "1500 VA"}, {"name": "CyberPower CP825LCD", "rating": 0, "rating_count": 0, "price_usd": 82.95, "capacity_(w)": "450 W", "capacity_(va)": "825 VA"}, {"name": "APC SRT6KXLT", "rating": 0, "rating_count": 0, "price_usd": 5022.99, "capacity_(w)": "6000 W", "capacity_(va)": "6000 VA"}, {"name": "CyberPower BRG1500AVRLCD", "rating": 0, "rating_count": 0, "price_usd": 189.95, "capacity_(w)": "900 W", "capacity_(va)": "1500 VA"}, {"name": "CyberPower PR2200LCDRT2U", "rating": 0, "rating_count": 0, "price_usd": 699.95, "capacity_(w)": "1600 W", "capacity_(va)": "2170 VA"}, {"name": "APC BR1500GI", "rating": 0, "rating_count": 0, "price_usd": 433.99, "capacity_(w)": "865 W", "capacity_(va)": "1500 VA"}, {"name": "CyberPower CP1300EPFCLCD", "rating": 0, "rating_count": 0, "price_usd": null, "capacity_(w)": "780 W", "capacity_(va)": "1300 VA"}, {"name": "APC SMX1500RM2U", "rating": 0, "rating_count": 0, "price_usd": 763.99, "capacity_(w)": "1200 W", "capacity_(va)": "1500 VA"}, {"name": "APC BX600CI-IN", "rating": 0, "rating_count": 0, "price_usd": null, "capacity_(w)": "360 W", "capacity_(va)": "600 VA"}, {"name": "Tripp Lite SMT1500LCDT", "rating": 5, "rating_count": 2, "price_usd": null, "capacity_(w)": "900 W", "capacity_(va)": "1500 VA"}, {"name": "APC SRT10KRMXLT", "rating": 0, "rating_count": 0, "price_usd": 5939.95, "capacity_(w)": "10000 W", "capacity_(va)": "10000 VA"}, {"name": "CyberPower CP750LCD", "rating": 0, "rating_count": 0, "price_usd": 79.95, "capacity_(w)": "420 W", "capacity_(va)": "750 VA"}, {"name": "APC SMT2200", "rating": 0, "rating_count": 0, "price_usd": 1289.0, "capacity_(w)": "1980 W", "capacity_(va)": "2200 VA"}, {"name": "APC BR1200GI", "rating": 0, "rating_count": 0, "price_usd": 328.4, "capacity_(w)": "720 W", "capacity_(va)": "1200 VA"}, {"name": "APC SMT2200I", "rating": 0, "rating_count": 0, "price_usd": 1205.99, "capacity_(w)": "1980 W", "capacity_(va)": "2200 VA"}, {"name": "CyberPower EC550G", "rating": 0, "rating_count": 0, "price_usd": 59.95, "capacity_(w)": "330 W", "capacity_(va)": "550 VA"}, {"name": "Tripp Lite SMART2500XLHG", "rating": 0, "rating_count": 0, "price_usd": 1025.72, "capacity_(w)": "1920 W", "capacity_(va)": "2200 VA"}, {"name": "Tripp Lite INTERNET750U", "rating": 0, "rating_count": 0, "price_usd": 77.66, "capacity_(w)": "450 W", "capacity_(va)": "750 VA"}, {"name": "CyberPower CP800AVR", "rating": 0, "rating_count": 0, "price_usd": 89.95, "capacity_(w)": "450 W", "capacity_(va)": "800 VA"}, {"name": "CyberPower PR1500LCDRT2U", "rating": 0, "rating_count": 0, "price_usd": 515.95, "capacity_(w)": "1350 W", "capacity_(va)": "1500 VA"}, {"name": "APC BX1300G", "rating": 5, "rating_count": 3, "price_usd": null, "capacity_(w)": "780 W", "capacity_(va)": "1300 VA"}, {"name": "Tripp Lite OMNIVS1000", "rating": 0, "rating_count": 0, "price_usd": 132.97, "capacity_(w)": "500 W", "capacity_(va)": "1000 VA"}, {"name": "CyberPower PR2200LCDRTXL2UTAA", "rating": 0, "rating_count": 0, "price_usd": null, "capacity_(w)": "1650 W", "capacity_(va)": "2150 VA"}, {"name": "APC SMC1500I", "rating": 0, "rating_count": 0, "price_usd": 612.99, "capacity_(w)": "900 W", "capacity_(va)": "1500 VA"}, {"name": "Tripp Lite SU10KRT3UHV", "rating": 0, "rating_count": 0, "price_usd": 1456.29, "capacity_(w)": "7000 W", "capacity_(va)": "10000 VA"}, {"name": "Tripp Lite SMX1500LCDT", "rating": 0, "rating_count": 0, "price_usd": 235.73, "capacity_(w)": "900 W", "capacity_(va)": "1500 VA"}, {"name": "CyberPower GX1325U", "rating": 0, "rating_count": 0, "price_usd": 179.99, "capacity_(w)": "810 W", "capacity_(va)": "1325 VA"}, {"name": "APC SUM3000RMXLI2U", "rating": 0, "rating_count": 0, "price_usd": 4388.0, "capacity_(w)": "2850 W", "capacity_(va)": "3000 VA"}, {"name": "APC SRT8KRMXLI", "rating": 0, "rating_count": 0, "price_usd": null, "capacity_(w)": "8000 W", "capacity_(va)": "8000 VA"}, {"name": "CyberPower CP900AVR", "rating": 0, "rating_count": 0, "price_usd": 109.95, "capacity_(w)": "560 W", "capacity_(va)": "900 VA"}, {"name": "CyberPower EC750G", "rating": 0, "rating_count": 0, "price_usd": 79.95, "capacity_(w)": "450 W", "capacity_(va)": "750 VA"}, {"name": "APC BN1100M2", "rating": 5, "rating_count": 1, "price_usd": 169.9, "capacity_(w)": "600 W", "capacity_(va)": "1100 VA"}, {"name": "APC SRT5KXLI", "rating": 0, "rating_count": 0, "price_usd": 4118.0, "capacity_(w)": "4500 W", "capacity_(va)": "5000 VA"}, {"name": "APC SURTD2200XLIM", "rating": 0, "rating_count": 0, "price_usd": 2755.95, "capacity_(w)": "1540 W", "capacity_(va)": "2200 VA"}, {"name": "CyberPower PR5000LCDRTXL5U", "rating": 0, "rating_count": 0, "price_usd": 1995.95, "capacity_(w)": "4000 W", "capacity_(va)": "5000 VA"}, {"name": "Tripp Lite SMART3000SLT", "rating": 0, "rating_count": 0, "price_usd": 1064.48, "capacity_(w)": "2250 W", "capacity_(va)": "3000 VA"}, {"name": "CyberPower EC650LCD", "rating": 0, "rating_count": 0, "price_usd": 72.95, "capacity_(w)": "390 W", "capacity_(va)": "650 VA"}, {"name": "APC SMX3000RMHV2UNC", "rating": 0, "rating_count": 0, "price_usd": 1996.5, "capacity_(w)": "2700 W", "capacity_(va)": "3000 VA"}, {"name": "APC BK325I", "rating": 0, "rating_count": 0, "price_usd": 71.99, "capacity_(w)": "210 W", "capacity_(va)": "325 VA"}, {"name": "APC SMT2200US", "rating": 0, "rating_count": 0, "price_usd": 1129.16, "capacity_(w)": "1980 W", "capacity_(va)": "2200 VA"}, {"name": "APC BE325R", "rating": 0, "rating_count": 0, "price_usd": 59.95, "capacity_(w)": "185 W", "capacity_(va)": "325 VA"}, {"name": "APC SMX1500RMI2UNC", "rating": 0, "rating_count": 0, "price_usd": 1099.0, "capacity_(w)": "1200 W", "capacity_(va)": "1500 VA"}, {"name": "APC BN1080G", "rating": 5, "rating_count": 1, "price_usd": null, "capacity_(w)": "650 W", "capacity_(va)": "1080 VA"}, {"name": "APC SMX2200HV", "rating": 0, "rating_count": 0, "price_usd": 1483.31, "capacity_(w)": "1980 W", "capacity_(va)": "2200 VA"}, {"name": "Tripp Lite AVRX550U", "rating": 0, "rating_count": 0, "price_usd": 126.79, "capacity_(w)": "300 W", "capacity_(va)": "550 VA"}, {"name": "Tripp Lite SU1000XLCD", "rating": 0, "rating_count": 0, "price_usd": 622.77, "capacity_(w)": "900 W", "capacity_(va)": "1000 VA"}, {"name": "CyberPower CP850AVRLCD", "rating": 0, "rating_count": 0, "price_usd": 117.95, "capacity_(w)": "510 W", "capacity_(va)": "850 VA"}, {"name": "Tripp Lite AVRX750U", "rating": 0, "rating_count": 0, "price_usd": 199.99, "capacity_(w)": "450 W", "capacity_(va)": "750 VA"}, {"name": "APC BE650G1-LM", "rating": 0, "rating_count": 0, "price_usd": 99.99, "capacity_(w)": "390 W", "capacity_(va)": "650 VA"}, {"name": "APC SURTD3000RMXLI", "rating": 0, "rating_count": 0, "price_usd": 2966.99, "capacity_(w)": "2100 W", "capacity_(va)": "3000 VA"}, {"name": "Tripp Lite SMART3000RM2U", "rating": 0, "rating_count": 0, "price_usd": 969.0, "capacity_(w)": "2250 W", "capacity_(va)": "3000 VA"}, {"name": "CyberPower CP685AVR", "rating": 0, "rating_count": 0, "price_usd": 69.95, "capacity_(w)": "390 W", "capacity_(va)": "685 VA"}, {"name": "APC BE650G1-CN", "rating": 0, "rating_count": 0, "price_usd": 124.14, "capacity_(w)": "390 W", "capacity_(va)": "650 VA"}, {"name": "CyberPower AVRG900U", "rating": 0, "rating_count": 0, "price_usd": 82.95, "capacity_(w)": "480 W", "capacity_(va)": "900 VA"}, {"name": "APC BR900GI", "rating": 0, "rating_count": 0, "price_usd": 274.99, "capacity_(w)": "540 W", "capacity_(va)": "900 VA"}, {"name": "CyberPower CP1500AVRLCD", "rating": 5, "rating_count": 11, "price_usd": 154.94, "capacity_(w)": "900 W", "capacity_(va)": "1500 VA"}, {"name": "CyberPower CP1500PFCLCD", "rating": 4, "rating_count": 9, "price_usd": 209.95, "capacity_(w)": "1000 W", "capacity_(va)": "1500 VA"}, {"name": "APC BX1500M", "rating": 5, "rating_count": 3, "price_usd": 164.99, "capacity_(w)": "900 W", "capacity_(va)": "1500 VA"}, {"name": "APC SRT10KXLI", "rating": 0, "rating_count": 0, "price_usd": 7129.73, "capacity_(w)": "10000 W", "capacity_(va)": "10000 VA"}, {"name": "CyberPower PR3000LCD", "rating": 0, "rating_count": 0, "price_usd": 1009.95, "capacity_(w)": "2700 W", "capacity_(va)": "3000 VA"}, {"name": "APC BR700G", "rating": 5, "rating_count": 1, "price_usd": 114.99, "capacity_(w)": "450 W", "capacity_(va)": "700 VA"}, {"name": "APC BR1500G", "rating": 5, "rating_count": 4, "price_usd": 224.62, "capacity_(w)": "865 W", "capacity_(va)": "1500 VA"}, {"name": "APC SRT10KRMXLI", "rating": 0, "rating_count": 0, "price_usd": null, "capacity_(w)": "10000 W", "capacity_(va)": "10000 VA"}, {"name": "CyberPower CP350SLG", "rating": 0, "rating_count": 0, "price_usd": 40.95, "capacity_(w)": "255 W", "capacity_(va)": "350 VA"}, {"name": "CyberPower CP1350AVRLCD", "rating": 5, "rating_count": 2, "price_usd": 144.94, "capacity_(w)": "810 W", "capacity_(va)": "1350 VA"}, {"name": "APC BR1500MS", "rating": 5, "rating_count": 1, "price_usd": 203.99, "capacity_(w)": "900 W", "capacity_(va)": "1500 VA"}, {"name": "CyberPower PR2200LCDSL", "rating": 0, "rating_count": 0, "price_usd": 679.95, "capacity_(w)": "1980 W", "capacity_(va)": "2070 VA"}, {"name": "CyberPower PR3000LCDSL", "rating": 0, "rating_count": 0, "price_usd": 889.95, "capacity_(w)": "2700 W", "capacity_(va)": "3000 VA"}, {"name": "CyberPower AVRG750U", "rating": 4, "rating_count": 2, "price_usd": 82.95, "capacity_(w)": "450 W", "capacity_(va)": "750 VA"}, {"name": "CyberPower EC850LCD", "rating": 0, "rating_count": 0, "price_usd": 88.95, "capacity_(w)": "510 W", "capacity_(va)": "850 VA"}, {"name": "APC SMT1500US", "rating": 5, "rating_count": 1, "price_usd": 789.17, "capacity_(w)": "1000 W", "capacity_(va)": "1440 VA"}, {"name": "APC SRT5KRMXLW-HW", "rating": 0, "rating_count": 0, "price_usd": 3448.63, "capacity_(w)": "4500 W", "capacity_(va)": "5000 VA"}, {"name": "CyberPower CP550SLG", "rating": 4, "rating_count": 1, "price_usd": 54.95, "capacity_(w)": "330 W", "capacity_(va)": "550 VA"}, {"name": "CyberPower CP1000AVRLCD", "rating": 3, "rating_count": 3, "price_usd": 119.95, "capacity_(w)": "600 W", "capacity_(va)": "1000 VA"}, {"name": "APC BN650M1", "rating": 0, "rating_count": 0, "price_usd": 67.89, "capacity_(w)": "360 W", "capacity_(va)": "650 VA"}, {"name": "CyberPower CP1200AVR", "rating": 0, "rating_count": 0, "price_usd": 132.95, "capacity_(w)": "720 W", "capacity_(va)": "1200 VA"}, {"name": "APC BR1000MS", "rating": 0, "rating_count": 0, "price_usd": 145.99, "capacity_(w)": "600 W", "capacity_(va)": "1000 VA"}, {"name": "CyberPower OR2200LCDRT2U", "rating": 0, "rating_count": 0, "price_usd": 449.95, "capacity_(w)": "1320 W", "capacity_(va)": "2000 VA"}, {"name": "Tripp Lite BC350", "rating": 5, "rating_count": 1, "price_usd": 44.0, "capacity_(w)": "180 W", "capacity_(va)": "350 VA"}, {"name": "CyberPower PR2200LCD", "rating": 0, "rating_count": 0, "price_usd": 779.95, "capacity_(w)": "1980 W", "capacity_(va)": "2200 VA"}, {"name": "APC SRT10KXLT", "rating": 0, "rating_count": 0, "price_usd": 6049.95, "capacity_(w)": "10000 W", "capacity_(va)": "10000 VA"}, {"name": "Tripp Lite SMART1500LCDT", "rating": 5, "rating_count": 2, "price_usd": 168.05, "capacity_(w)": "900 W", "capacity_(va)": "1500 VA"}, {"name": "APC SRT8KXLI", "rating": 0, "rating_count": 0, "price_usd": 8888.0, "capacity_(w)": "8000 W", "capacity_(va)": "8000 VA"}, {"name": "CyberPower CP1350PFCLCD", "rating": 4, "rating_count": 6, "price_usd": 199.95, "capacity_(w)": "810 W", "capacity_(va)": "1350 VA"}, {"name": "APC BE650G1", "rating": 0, "rating_count": 0, "price_usd": 74.31, "capacity_(w)": "390 W", "capacity_(va)": "650 VA"}, {"name": "CyberPower CP1000PFCLCD", "rating": 4, "rating_count": 6, "price_usd": 154.94, "capacity_(w)": "600 W", "capacity_(va)": "1000 VA"}, {"name": "CyberPower CP850PFCLCD", "rating": 5, "rating_count": 1, "price_usd": 134.94, "capacity_(w)": "510 W", "capacity_(va)": "850 VA"}, {"name": "CyberPower PR1500LCD", "rating": 0, "rating_count": 0, "price_usd": 449.95, "capacity_(w)": "1050 W", "capacity_(va)": "1500 VA"}, {"name": "APC BR500CI-AS", "rating": 0, "rating_count": 0, "price_usd": 49.95, "capacity_(w)": "300 W", "capacity_(va)": "500 VA"}, {"name": "CyberPower OR2200PFCRT2Ua", "rating": 0, "rating_count": 0, "price_usd": 479.95, "capacity_(w)": "1300 W", "capacity_(va)": "2200 VA"}, {"name": "APC SMT1500I", "rating": 0, "rating_count": 0, "price_usd": 718.15, "capacity_(w)": "980 W", "capacity_(va)": "1500 VA"}, {"name": "APC SURTA3000XL", "rating": 0, "rating_count": 0, "price_usd": 1600.0, "capacity_(w)": "2100 W", "capacity_(va)": "3000 VA"}, {"name": "APC BX1000G", "rating": 0, "rating_count": 0, "price_usd": null, "capacity_(w)": "600 W", "capacity_(va)": "1000 VA"}, {"name": "CyberPower PR5000LCDRTXL5UTAA", "rating": 0, "rating_count": 0, "price_usd": 2129.95, "capacity_(w)": "4000 W", "capacity_(va)": "5000 VA"}, {"name": "CyberPower OR2200LCDRTXL2U", "rating": 0, "rating_count": 0, "price_usd": 609.95, "capacity_(w)": "1650 W", "capacity_(va)": "2190 VA"}, {"name": "APC BE550G", "rating": 4, "rating_count": 3, "price_usd": 69.99, "capacity_(w)": "330 W", "capacity_(va)": "550 VA"}, {"name": "APC BR1000G", "rating": 4, "rating_count": 4, "price_usd": 199.0, "capacity_(w)": "600 W", "capacity_(va)": "1000 VA"}, {"name": "APC SURT6000XLT", "rating": 0, "rating_count": 0, "price_usd": 8888.99, "capacity_(w)": "4200 W", "capacity_(va)": "6000 VA"}, {"name": "CyberPower ST425", "rating": 0, "rating_count": 0, "price_usd": 42.95, "capacity_(w)": "260 W", "capacity_(va)": "425 VA"}, {"name": "CyberPower LX1500GU-FC", "rating": 0, "rating_count": 0, "price_usd": null, "capacity_(w)": "900 W", "capacity_(va)": "1500 VA"}, {"name": "CyberPower CP825LCD", "rating": 0, "rating_count": 0, "price_usd": 82.95, "capacity_(w)": "450 W", "capacity_(va)": "825 VA"}, {"name": "APC SRT6KXLT", "rating": 0, "rating_count": 0, "price_usd": 5022.99, "capacity_(w)": "6000 W", "capacity_(va)": "6000 VA"}, {"name": "CyberPower BRG1500AVRLCD", "rating": 0, "rating_count": 0, "price_usd": 189.95, "capacity_(w)": "900 W", "capacity_(va)": "1500 VA"}, {"name": "CyberPower PR2200LCDRT2U", "rating": 0, "rating_count": 0, "price_usd": 699.95, "capacity_(w)": "1600 W", "capacity_(va)": "2170 VA"}, {"name": "APC BR1500GI", "rating": 0, "rating_count": 0, "price_usd": 433.99, "capacity_(w)": "865 W", "capacity_(va)": "1500 VA"}, {"name": "CyberPower CP1300EPFCLCD", "rating": 0, "rating_count": 0, "price_usd": null, "capacity_(w)": "780 W", "capacity_(va)": "1300 VA"}, {"name": "APC SMX1500RM2U", "rating": 0, "rating_count": 0, "price_usd": 763.99, "capacity_(w)": "1200 W", "capacity_(va)": "1500 VA"}, {"name": "APC BX600CI-IN", "rating": 0, "rating_count": 0, "price_usd": null, "capacity_(w)": "360 W", "capacity_(va)": "600 VA"}, {"name": "Tripp Lite SMT1500LCDT", "rating": 5, "rating_count": 2, "price_usd": null, "capacity_(w)": "900 W", "capacity_(va)": "1500 VA"}, {"name": "APC SRT10KRMXLT", "rating": 0, "rating_count": 0, "price_usd": 5939.95, "capacity_(w)": "10000 W", "capacity_(va)": "10000 VA"}, {"name": "CyberPower CP750LCD", "rating": 0, "rating_count": 0, "price_usd": 79.95, "capacity_(w)": "420 W", "capacity_(va)": "750 VA"}, {"name": "APC SMT2200", "rating": 0, "rating_count": 0, "price_usd": 1289.0, "capacity_(w)": "1980 W", "capacity_(va)": "2200 VA"}, {"name": "APC BR1200GI", "rating": 0, "rating_count": 0, "price_usd": 328.4, "capacity_(w)": "720 W", "capacity_(va)": "1200 VA"}, {"name": "APC SMT2200I", "rating": 0, "rating_count": 0, "price_usd": 1205.99, "capacity_(w)": "1980 W", "capacity_(va)": "2200 VA"}, {"name": "CyberPower EC550G", "rating": 0, "rating_count": 0, "price_usd": 59.95, "capacity_(w)": "330 W", "capacity_(va)": "550 VA"}, {"name": "Tripp Lite SMART2500XLHG", "rating": 0, "rating_count": 0, "price_usd": 1025.72, "capacity_(w)": "1920 W", "capacity_(va)": "2200 VA"}, {"name": "Tripp Lite INTERNET750U", "rating": 0, "rating_count": 0, "price_usd": 77.66, "capacity_(w)": "450 W", "capacity_(va)": "750 VA"}, {"name": "CyberPower CP800AVR", "rating": 0, "rating_count": 0, "price_usd": 89.95, "capacity_(w)": "450 W", "capacity_(va)": "800 VA"}, {"name": "CyberPower PR1500LCDRT2U", "rating": 0, "rating_count": 0, "price_usd": 515.95, "capacity_(w)": "1350 W", "capacity_(va)": "1500 VA"}, {"name": "APC BX1300G", "rating": 5, "rating_count": 3, "price_usd": null, "capacity_(w)": "780 W", "capacity_(va)": "1300 VA"}, {"name": "Tripp Lite OMNIVS1000", "rating": 0, "rating_count": 0, "price_usd": 132.97, "capacity_(w)": "500 W", "capacity_(va)": "1000 VA"}, {"name": "CyberPower PR2200LCDRTXL2UTAA", "rating": 0, "rating_count": 0, "price_usd": null, "capacity_(w)": "1650 W", "capacity_(va)": "2150 VA"}, {"name": "APC SMC1500I", "rating": 0, "rating_count": 0, "price_usd": 612.99, "capacity_(w)": "900 W", "capacity_(va)": "1500 VA"}, {"name": "Tripp Lite SU10KRT3UHV", "rating": 0, "rating_count": 0, "price_usd": 1456.29, "capacity_(w)": "7000 W", "capacity_(va)": "10000 VA"}, {"name": "Tripp Lite SMX1500LCDT", "rating": 0, "rating_count": 0, "price_usd": 235.73, "capacity_(w)": "900 W", "capacity_(va)": "1500 VA"}, {"name": "CyberPower GX1325U", "rating": 0, "rating_count": 0, "price_usd": 179.99, "capacity_(w)": "810 W", "capacity_(va)": "1325 VA"}, {"name": "APC SUM3000RMXLI2U", "rating": 0, "rating_count": 0, "price_usd": 4388.0, "capacity_(w)": "2850 W", "capacity_(va)": "3000 VA"}, {"name": "APC SRT8KRMXLI", "rating": 0, "rating_count": 0, "price_usd": null, "capacity_(w)": "8000 W", "capacity_(va)": "8000 VA"}, {"name": "CyberPower CP900AVR", "rating": 0, "rating_count": 0, "price_usd": 109.95, "capacity_(w)": "560 W", "capacity_(va)": "900 VA"}, {"name": "CyberPower EC750G", "rating": 0, "rating_count": 0, "price_usd": 79.95, "capacity_(w)": "450 W", "capacity_(va)": "750 VA"}, {"name": "APC BN1100M2", "rating": 5, "rating_count": 1, "price_usd": 169.9, "capacity_(w)": "600 W", "capacity_(va)": "1100 VA"}, {"name": "APC SRT5KXLI", "rating": 0, "rating_count": 0, "price_usd": 4118.0, "capacity_(w)": "4500 W", "capacity_(va)": "5000 VA"}, {"name": "APC SURTD2200XLIM", "rating": 0, "rating_count": 0, "price_usd": 2755.95, "capacity_(w)": "1540 W", "capacity_(va)": "2200 VA"}, {"name": "CyberPower PR5000LCDRTXL5U", "rating": 0, "rating_count": 0, "price_usd": 1995.95, "capacity_(w)": "4000 W", "capacity_(va)": "5000 VA"}, {"name": "Tripp Lite SMART3000SLT", "rating": 0, "rating_count": 0, "price_usd": 1064.48, "capacity_(w)": "2250 W", "capacity_(va)": "3000 VA"}, {"name": "CyberPower EC650LCD", "rating": 0, "rating_count": 0, "price_usd": 72.95, "capacity_(w)": "390 W", "capacity_(va)": "650 VA"}, {"name": "APC SMX3000RMHV2UNC", "rating": 0, "rating_count": 0, "price_usd": 1996.5, "capacity_(w)": "2700 W", "capacity_(va)": "3000 VA"}, {"name": "APC BK325I", "rating": 0, "rating_count": 0, "price_usd": 71.99, "capacity_(w)": "210 W", "capacity_(va)": "325 VA"}, {"name": "APC SMT2200US", "rating": 0, "rating_count": 0, "price_usd": 1129.16, "capacity_(w)": "1980 W", "capacity_(va)": "2200 VA"}, {"name": "APC BE325R", "rating": 0, "rating_count": 0, "price_usd": 59.95, "capacity_(w)": "185 W", "capacity_(va)": "325 VA"}, {"name": "APC SMX1500RMI2UNC", "rating": 0, "rating_count": 0, "price_usd": 1099.0, "capacity_(w)": "1200 W", "capacity_(va)": "1500 VA"}, {"name": "APC BN1080G", "rating": 5, "rating_count": 1, "price_usd": null, "capacity_(w)": "650 W", "capacity_(va)": "1080 VA"}, {"name": "APC SMX2200HV", "rating": 0, "rating_count": 0, "price_usd": 1483.31, "capacity_(w)": "1980 W", "capacity_(va)": "2200 VA"}, {"name": "Tripp Lite AVRX550U", "rating": 0, "rating_count": 0, "price_usd": 126.79, "capacity_(w)": "300 W", "capacity_(va)": "550 VA"}, {"name": "Tripp Lite SU1000XLCD", "rating": 0, "rating_count": 0, "price_usd": 622.77, "capacity_(w)": "900 W", "capacity_(va)": "1000 VA"}, {"name": "CyberPower CP850AVRLCD", "rating": 0, "rating_count": 0, "price_usd": 117.95, "capacity_(w)": "510 W", "capacity_(va)": "850 VA"}, {"name": "Tripp Lite AVRX750U", "rating": 0, "rating_count": 0, "price_usd": 199.99, "capacity_(w)": "450 W", "capacity_(va)": "750 VA"}, {"name": "APC BE650G1-LM", "rating": 0, "rating_count": 0, "price_usd": 99.99, "capacity_(w)": "390 W", "capacity_(va)": "650 VA"}, {"name": "APC SURTD3000RMXLI", "rating": 0, "rating_count": 0, "price_usd": 2966.99, "capacity_(w)": "2100 W", "capacity_(va)": "3000 VA"}, {"name": "Tripp Lite SMART3000RM2U", "rating": 0, "rating_count": 0, "price_usd": 969.0, "capacity_(w)": "2250 W", "capacity_(va)": "3000 VA"}, {"name": "CyberPower CP685AVR", "rating": 0, "rating_count": 0, "price_usd": 69.95, "capacity_(w)": "390 W", "capacity_(va)": "685 VA"}, {"name": "APC BE650G1-CN", "rating": 0, "rating_count": 0, "price_usd": 124.14, "capacity_(w)": "390 W", "capacity_(va)": "650 VA"}, {"name": "CyberPower AVRG900U", "rating": 0, "rating_count": 0, "price_usd": 82.95, "capacity_(w)": "480 W", "capacity_(va)": "900 VA"}, {"name": "APC BR900GI", "rating": 0, "rating_count": 0, "price_usd": 274.99, "capacity_(w)": "540 W", "capacity_(va)": "900 VA"}]