[{"name": "Asus PCE-AC55BT B1", "rating": 4, "rating_count": 83, "price_usd": 54.74, "protocol": "Wi-Fi 5", "interface": "PCIe x1", "color": null}, {"name": "TP-Link TL-WN881ND", "rating": 4, "rating_count": 192, "price_usd": 17.98, "protocol": "Wi-Fi 4", "interface": "PCIe x1", "color": null}, {"name": "TP-Link Archer TX3000E", "rating": 4, "rating_count": 13, "price_usd": 49.99, "protocol": "Wi-Fi 6", "interface": "PCIe x1", "color": "Red / Black"}, {"name": "Ziyituod ZYT-AX200", "rating": 4, "rating_count": 7, "price_usd": 26.9, "protocol": "Wi-Fi 6", "interface": "PCIe x1", "color": "Green"}, {"name": "TP-Link Archer T4E", "rating": 4, "rating_count": 14, "price_usd": 29.99, "protocol": "Wi-Fi 5", "interface": "PCIe x1", "color": null}, {"name": "Gigabyte GC-WB867D-I", "rating": 4, "rating_count": 184, "price_usd": 36.0, "protocol": "Wi-Fi 5", "interface": "PCIe x1", "color": null}, {"name": "TP-Link Archer T3U", "rating": 5, "rating_count": 6, "price_usd": 19.98, "protocol": "Wi-Fi 5", "interface": "USB 3.0", "color": "Black"}, {"name": "Belkin E9L3000", "rating": 4, "rating_count": 2, "price_usd": 206.18, "protocol": "Wi-Fi 4", "interface": "USB 2.0", "color": null}, {"name": "Asus PCE-AX58BT", "rating": 4, "rating_count": 7, "price_usd": 63.0, "protocol": "Wi-Fi 6", "interface": "PCIe x1", "color": "Black"}, {"name": "TP-Link TL-WN725N", "rating": 3, "rating_count": 49, "price_usd": 7.99, "protocol": "Wi-Fi 4", "interface": "USB 2.0", "color": null}, {"name": "TP-Link Archer T6E AC1300", "rating": 4, "rating_count": 49, "price_usd": 39.99, "protocol": "Wi-Fi 5", "interface": "PCIe x1", "color": null}, {"name": "Gigabyte GC-WBAX200", "rating": 5, "rating_count": 4, "price_usd": null, "protocol": "Wi-Fi 6", "interface": "PCIe x1", "color": "Black / Silver"}, {"name": "TP-Link ARCHER T2U PLUS", "rating": 4, "rating_count": 9, "price_usd": 16.98, "protocol": "Wi-Fi 5", "interface": "USB 2.0", "color": "Black"}, {"name": "Asus PCE-AC51", "rating": 4, "rating_count": 23, "price_usd": 29.99, "protocol": "Wi-Fi 5", "interface": "PCIe x1", "color": null}, {"name": "BrosTrend AC5", "rating": 4, "rating_count": 10, "price_usd": 17.98, "protocol": "Wi-Fi 5", "interface": "USB 2.0", "color": "Black"}, {"name": "Asus PCE-AC68", "rating": 4, "rating_count": 68, "price_usd": 79.7, "protocol": "Wi-Fi 5", "interface": "PCIe x1", "color": null}, {"name": "Asus PCE-AC56", "rating": 4, "rating_count": 45, "price_usd": 54.2, "protocol": "Wi-Fi 5", "interface": "PCIe x1", "color": null}, {"name": "Intel 62205ANHMWDTX1", "rating": 4, "rating_count": 4, "price_usd": 249.95, "protocol": "Wi-Fi 4", "interface": "PCIe x1", "color": null}, {"name": "MSI AX905C", "rating": 0, "rating_count": 0, "price_usd": null, "protocol": "Wi-Fi 6", "interface": "PCIe x1", "color": "Black"}, {"name": "TP-Link Archer T5E", "rating": 4, "rating_count": 6, "price_usd": 34.99, "protocol": "Wi-Fi 5", "interface": "PCIe x1", "color": "Black"}, {"name": "Asus PCE-AC88", "rating": 4, "rating_count": 13, "price_usd": 96.56, "protocol": "Wi-Fi 5", "interface": "PCIe x1", "color": null}, {"name": "Netgear Nighthawk AC1900 A7000-10000S", "rating": 4, "rating_count": 2, "price_usd": 59.99, "protocol": "Wi-Fi 5", "interface": "USB 3.0", "color": "Black"}, {"name": "Netgear WNDA4100-100NAS", "rating": 4, "rating_count": 7, "price_usd": 129.99, "protocol": "Wi-Fi 4", "interface": "USB 2.0", "color": null}, {"name": "TP-Link TL-WDN4800", "rating": 4, "rating_count": 257, "price_usd": 234.98, "protocol": "Wi-Fi 4", "interface": "PCIe x1", "color": null}, {"name": "Rosewill RNX-AC600PCEv3", "rating": 0, "rating_count": 0, "price_usd": 19.99, "protocol": "Wi-Fi 5", "interface": "PCIe x1", "color": "Black"}, {"name": "MSI AC905C", "rating": 0, "rating_count": 0, "price_usd": 34.49, "protocol": "Wi-Fi 5", "interface": "PCIe x1", "color": "Black"}, {"name": "Asus PCE-AC58BT", "rating": 5, "rating_count": 4, "price_usd": 39.99, "protocol": "Wi-Fi 5", "interface": "PCIe x1", "color": "Blue"}, {"name": "Gigabyte GC-WB1733D-I", "rating": 5, "rating_count": 1, "price_usd": 33.49, "protocol": "Wi-Fi 5", "interface": "PCIe x1", "color": "Black"}, {"name": "Netgear A6210-100PAS", "rating": 4, "rating_count": 18, "price_usd": 46.99, "protocol": "Wi-Fi 5", "interface": "USB 3.0", "color": null}, {"name": "TP-Link TL-WDN3200", "rating": 4, "rating_count": 6, "price_usd": 79.98, "protocol": "Wi-Fi 4", "interface": "USB 2.0", "color": null}, {"name": "Asus USB-AC56", "rating": 4, "rating_count": 7, "price_usd": 54.0, "protocol": "Wi-Fi 5", "interface": "USB 3.0", "color": null}, {"name": "Rosewill RNX-AC600NUBv2", "rating": 5, "rating_count": 2, "price_usd": 14.99, "protocol": "Wi-Fi 5", "interface": "USB 2.0", "color": "Black"}, {"name": "Asus PCE-N15", "rating": 4, "rating_count": 84, "price_usd": null, "protocol": "Wi-Fi 4", "interface": "PCIe x1", "color": null}, {"name": "TP-Link TL-WN722N", "rating": 4, "rating_count": 20, "price_usd": 14.99, "protocol": "Wi-Fi 4", "interface": "USB 2.0", "color": null}, {"name": "TP-Link TL-WN781ND", "rating": 4, "rating_count": 42, "price_usd": null, "protocol": "Wi-Fi 4", "interface": "PCIe x1", "color": null}, {"name": "Ziyituod ZYT-7265", "rating": 5, "rating_count": 1, "price_usd": null, "protocol": "Wi-Fi 5", "interface": "PCIe x1", "color": "Green"}, {"name": "TP-Link Archer T2U", "rating": 4, "rating_count": 7, "price_usd": 24.99, "protocol": "Wi-Fi 5", "interface": "USB 2.0", "color": null}, {"name": "fenvi FV-T919", "rating": 4, "rating_count": 1, "price_usd": 59.99, "protocol": "Wi-Fi 5", "interface": "PCIe x1", "color": "Black / Gold"}, {"name": "D-Link DWA-192", "rating": 4, "rating_count": 2, "price_usd": 86.35, "protocol": "Wi-Fi 5", "interface": "USB 3.0", "color": null}, {"name": "TP-Link Archer T9E", "rating": 4, "rating_count": 27, "price_usd": null, "protocol": "Wi-Fi 5", "interface": "PCIe x1", "color": null}, {"name": "Rosewill RNX-AC1900PCE", "rating": 4, "rating_count": 8, "price_usd": 45.5, "protocol": "Wi-Fi 5", "interface": "PCIe x1", "color": null}, {"name": "TP-Link TL-WN823N", "rating": 3, "rating_count": 14, "price_usd": 13.99, "protocol": "Wi-Fi 4", "interface": "USB 2.0", "color": null}, {"name": "Asus USB-AC53 NANO", "rating": 0, "rating_count": 0, "price_usd": 36.5, "protocol": "Wi-Fi 5", "interface": "USB 2.0", "color": null}, {"name": "fenvi FV-8802", "rating": 5, "rating_count": 1, "price_usd": 27.99, "protocol": "Wi-Fi 5", "interface": "PCIe x1", "color": "Black / Orange"}, {"name": "Rosewill RNX-N250PCe", "rating": 4, "rating_count": 77, "price_usd": 18.69, "protocol": "Wi-Fi 4", "interface": "PCIe x1", "color": null}, {"name": "Gigabyte GC-WB867D-I REV 4.2", "rating": 4, "rating_count": 17, "price_usd": null, "protocol": "Wi-Fi 5", "interface": "PCIe x1", "color": null}, {"name": "Inamax 4332804407", "rating": 0, "rating_count": 0, "price_usd": 19.98, "protocol": "Wi-Fi 5", "interface": "USB 3.0", "color": "Black"}, {"name": "Asus USB-AC68", "rating": 5, "rating_count": 1, "price_usd": 89.99, "protocol": "Wi-Fi 5", "interface": "USB 3.0", "color": null}, {"name": "Edimax EW-7811UTC", "rating": 3, "rating_count": 5, "price_usd": 15.1, "protocol": "Wi-Fi 5", "interface": "USB 2.0", "color": null}, {"name": "TP-Link Archer T4U", "rating": 3, "rating_count": 18, "price_usd": 32.88, "protocol": "Wi-Fi 5", "interface": "USB 3.0", "color": null}, {"name": "Rosewill RNX-N150PCx", "rating": 5, "rating_count": 1, "price_usd": 169.95, "protocol": "Wi-Fi 4", "interface": "PCI", "color": null}, {"name": "TP-Link Archer T2UH", "rating": 4, "rating_count": 4, "price_usd": 144.73, "protocol": "Wi-Fi 5", "interface": "USB 2.0", "color": null}, {"name": "TP-Link Archer T2U Nano", "rating": 2, "rating_count": 1, "price_usd": 12.99, "protocol": "Wi-Fi 4", "interface": "USB 2.0", "color": "Black / Gold"}, {"name": "D-Link DWA-548", "rating": 3, "rating_count": 2, "price_usd": 115.59, "protocol": "Wi-Fi 4", "interface": "PCIe x1", "color": null}, {"name": "Rosewill RNX-AC1900PCEv2", "rating": 3, "rating_count": 3, "price_usd": 54.99, "protocol": "Wi-Fi 5", "interface": "PCIe x1", "color": "Red / Black"}, {"name": "Linksys WUSB6300", "rating": 4, "rating_count": 14, "price_usd": 37.99, "protocol": "Wi-Fi 5", "interface": "USB 3.0", "color": null}, {"name": "D-Link DWA-121", "rating": 0, "rating_count": 0, "price_usd": null, "protocol": "Wi-Fi 4", "interface": "USB 2.0", "color": null}, {"name": "Asus PCE-AC55BT", "rating": 4, "rating_count": 15, "price_usd": null, "protocol": "Wi-Fi 5", "interface": "PCIe x1", "color": null}, {"name": "Intel 7260HMWDTX1", "rating": 4, "rating_count": 23, "price_usd": null, "protocol": "Wi-Fi 5", "interface": "PCIe x1", "color": null}, {"name": "Netgear A6100-10000S", "rating": 0, "rating_count": 0, "price_usd": 39.99, "protocol": "Wi-Fi 5", "interface": "USB 2.0", "color": "Black"}, {"name": "Linksys AE1200", "rating": 4, "rating_count": 4, "price_usd": 19.99, "protocol": "Wi-Fi 4", "interface": "USB 2.0", "color": null}, {"name": "Edimax EW-7811UAC", "rating": 0, "rating_count": 0, "price_usd": 18.98, "protocol": "Wi-Fi 5", "interface": "USB 2.0", "color": null}, {"name": "Netgear WNA1100-100ENS", "rating": 4, "rating_count": 6, "price_usd": 65.5, "protocol": "Wi-Fi 4", "interface": "USB 2.0", "color": null}, {"name": "Rosewill RNX-N600PCE_v2.0", "rating": 0, "rating_count": 0, "price_usd": 19.98, "protocol": "Wi-Fi 4", "interface": "PCIe x1", "color": null}, {"name": "TP-Link TL-WN822N", "rating": 4, "rating_count": 20, "price_usd": 20.35, "protocol": "Wi-Fi 4", "interface": "USB 2.0", "color": null}, {"name": "BrosTrend AC3", "rating": 0, "rating_count": 0, "price_usd": 29.99, "protocol": "Wi-Fi 5", "interface": "USB 3.0", "color": "Black"}, {"name": "D-Link DWA-171", "rating": 4, "rating_count": 3, "price_usd": 21.84, "protocol": "Wi-Fi 5", "interface": "USB 2.0", "color": null}, {"name": "TP-Link TL-WN821N", "rating": 4, "rating_count": 6, "price_usd": 13.5, "protocol": "Wi-Fi 4", "interface": "USB 2.0", "color": null}, {"name": "TP-Link Archer T9UH", "rating": 0, "rating_count": 0, "price_usd": 64.98, "protocol": "Wi-Fi 5", "interface": "USB 3.0", "color": "Black"}, {"name": "TP-Link TL-WDN3800", "rating": 4, "rating_count": 27, "price_usd": null, "protocol": "Wi-Fi 4", "interface": "PCIe x1", "color": null}, {"name": "Rosewill RNX-N150NUB", "rating": 0, "rating_count": 0, "price_usd": 8.8, "protocol": "Wi-Fi 4", "interface": "USB 2.0", "color": null}, {"name": "BrosTrend AC1", "rating": 0, "rating_count": 0, "price_usd": 19.98, "protocol": "Wi-Fi 5", "interface": "USB 3.0", "color": "Black"}, {"name": "Encore ENUWI-2XN42", "rating": 0, "rating_count": 0, "price_usd": 14.99, "protocol": "Wi-Fi 4", "interface": "USB 2.0", "color": null}, {"name": "Hawking Technology HW12ACU", "rating": 0, "rating_count": 0, "price_usd": 30.2, "protocol": "Wi-Fi 5", "interface": "USB 2.0", "color": "Black"}, {"name": "Belkin E9L7500", "rating": 0, "rating_count": 0, "price_usd": 156.03, "protocol": "Wi-Fi 4", "interface": "USB 2.0", "color": null}, {"name": "Feb Smart FS-N600 Basic Edition", "rating": 3, "rating_count": 2, "price_usd": null, "protocol": "Wi-Fi 5", "interface": "PCIe x1", "color": null}, {"name": "D-Link DWA-582", "rating": 4, "rating_count": 7, "price_usd": 60.99, "protocol": "Wi-Fi 5", "interface": "PCIe x1", "color": null}, {"name": "Syba SY-PEX23063", "rating": 0, "rating_count": 0, "price_usd": null, "protocol": "Wi-Fi 4", "interface": "PCIe x1", "color": null}, {"name": "Linksys WUSB6100M", "rating": 0, "rating_count": 0, "price_usd": 39.97, "protocol": "Wi-Fi 5", "interface": "USB 3.0", "color": "Black"}, {"name": "Edimax EW-7811Un", "rating": 4, "rating_count": 17, "price_usd": null, "protocol": "Wi-Fi 4", "interface": "USB 2.0", "color": null}, {"name": "TRENDnet TEW-648UB", "rating": 0, "rating_count": 0, "price_usd": 29.98, "protocol": "Wi-Fi 4", "interface": "USB 2.0", "color": null}, {"name": "TP-Link TL-WN8200ND", "rating": 5, "rating_count": 1, "price_usd": null, "protocol": "Wi-Fi 4", "interface": "USB 2.0", "color": null}, {"name": "TP-Link Archer T8E", "rating": 4, "rating_count": 13, "price_usd": null, "protocol": "Wi-Fi 5", "interface": "PCIe x1", "color": null}, {"name": "Intel 2200BNHMWDTX1", "rating": 4, "rating_count": 3, "price_usd": 81.59, "protocol": "Wi-Fi 4", "interface": "PCIe x1", "color": null}, {"name": "BrosTrend AC3L Linux Wi-Fi Adapter", "rating": 0, "rating_count": 0, "price_usd": 35.99, "protocol": "Wi-Fi 5", "interface": "USB 3.0", "color": "Black"}, {"name": "Netgear A6100-100PAS", "rating": 4, "rating_count": 3, "price_usd": 60.55, "protocol": "Wi-Fi 5", "interface": "USB 2.0", "color": null}, {"name": "Asus PCE-N53", "rating": 4, "rating_count": 30, "price_usd": null, "protocol": "Wi-Fi 4", "interface": "PCIe x1", "color": null}, {"name": "Rosewill RNX-AC1200PCEv2", "rating": 5, "rating_count": 1, "price_usd": null, "protocol": "Wi-Fi 5", "interface": "PCIe x1", "color": "Green"}, {"name": "Rosewill RNX-AC2030PCE", "rating": 0, "rating_count": 0, "price_usd": 29.99, "protocol": "Wi-Fi 5", "interface": "PCIe x1", "color": "Red / Black"}, {"name": "StarTech PEX300WN2X2", "rating": 4, "rating_count": 1, "price_usd": 24.99, "protocol": "Wi-Fi 4", "interface": "PCIe x1", "color": null}, {"name": "Edimax EW-7811DAC", "rating": 0, "rating_count": 0, "price_usd": null, "protocol": "Wi-Fi 5", "interface": "USB 2.0", "color": null}, {"name": "Asus USB-AC51", "rating": 0, "rating_count": 0, "price_usd": 33.16, "protocol": "Wi-Fi 5", "interface": "USB 2.0", "color": null}, {"name": "Encore ENEWI-1XN45", "rating": 2, "rating_count": 2, "price_usd": 16.98, "protocol": "Wi-Fi 4", "interface": "PCIe x1", "color": null}, {"name": "D-Link DWA-131", "rating": 4, "rating_count": 1, "price_usd": null, "protocol": "Wi-Fi 4", "interface": "USB 2.0", "color": null}, {"name": "Intel 7260", "rating": 5, "rating_count": 1, "price_usd": 29.99, "protocol": "Wi-Fi 5", "interface": "Mini-PCIe", "color": null}, {"name": "HP FH971AA", "rating": 0, "rating_count": 0, "price_usd": null, "protocol": "Wi-Fi 4", "interface": "PCIe x1", "color": null}, {"name": "Rosewill N900PCE", "rating": 4, "rating_count": 27, "price_usd": null, "protocol": "Wi-Fi 4", "interface": "PCIe x1", "color": null}, {"name": "Sabrent USBG802", "rating": 0, "rating_count": 0, "price_usd": 10.84, "protocol": "Wi-Fi 3", "interface": "USB 2.0", "color": "Black"}, {"name": "Edimax EW-7822UTC", "rating": 0, "rating_count": 0, "price_usd": 26.07, "protocol": "Wi-Fi 5", "interface": "USB 3.0", "color": "Black"}, {"name": "Asus PCE-AC55BT B1", "rating": 4, "rating_count": 83, "price_usd": 54.74, "protocol": "Wi-Fi 5", "interface": "PCIe x1", "color": null}, {"name": "TP-Link TL-WN881ND", "rating": 4, "rating_count": 192, "price_usd": 17.98, "protocol": "Wi-Fi 4", "interface": "PCIe x1", "color": null}, {"name": "TP-Link Archer TX3000E", "rating": 4, "rating_count": 13, "price_usd": 49.99, "protocol": "Wi-Fi 6", "interface": "PCIe x1", "color": "Red / Black"}, {"name": "Ziyituod ZYT-AX200", "rating": 4, "rating_count": 7, "price_usd": 26.9, "protocol": "Wi-Fi 6", "interface": "PCIe x1", "color": "Green"}, {"name": "TP-Link Archer T4E", "rating": 4, "rating_count": 14, "price_usd": 29.99, "protocol": "Wi-Fi 5", "interface": "PCIe x1", "color": null}, {"name": "Gigabyte GC-WB867D-I", "rating": 4, "rating_count": 184, "price_usd": 36.0, "protocol": "Wi-Fi 5", "interface": "PCIe x1", "color": null}, {"name": "TP-Link Archer T3U", "rating": 5, "rating_count": 6, "price_usd": 19.98, "protocol": "Wi-Fi 5", "interface": "USB 3.0", "color": "Black"}, {"name": "Belkin E9L3000", "rating": 4, "rating_count": 2, "price_usd": 206.18, "protocol": "Wi-Fi 4", "interface": "USB 2.0", "color": null}, {"name": "Asus PCE-AX58BT", "rating": 4, "rating_count": 7, "price_usd": 63.0, "protocol": "Wi-Fi 6", "interface": "PCIe x1", "color": "Black"}, {"name": "TP-Link TL-WN725N", "rating": 3, "rating_count": 49, "price_usd": 7.99, "protocol": "Wi-Fi 4", "interface": "USB 2.0", "color": null}, {"name": "TP-Link Archer T6E AC1300", "rating": 4, "rating_count": 49, "price_usd": 39.99, "protocol": "Wi-Fi 5", "interface": "PCIe x1", "color": null}, {"name": "Gigabyte GC-WBAX200", "rating": 5, "rating_count": 4, "price_usd": null, "protocol": "Wi-Fi 6", "interface": "PCIe x1", "color": "Black / Silver"}, {"name": "TP-Link ARCHER T2U PLUS", "rating": 4, "rating_count": 9, "price_usd": 16.98, "protocol": "Wi-Fi 5", "interface": "USB 2.0", "color": "Black"}, {"name": "Asus PCE-AC51", "rating": 4, "rating_count": 23, "price_usd": 29.99, "protocol": "Wi-Fi 5", "interface": "PCIe x1", "color": null}, {"name": "BrosTrend AC5", "rating": 4, "rating_count": 10, "price_usd": 17.98, "protocol": "Wi-Fi 5", "interface": "USB 2.0", "color": "Black"}, {"name": "Asus PCE-AC68", "rating": 4, "rating_count": 68, "price_usd": 79.7, "protocol": "Wi-Fi 5", "interface": "PCIe x1", "color": null}, {"name": "Asus PCE-AC56", "rating": 4, "rating_count": 45, "price_usd": 54.2, "protocol": "Wi-Fi 5", "interface": "PCIe x1", "color": null}, {"name": "Intel 62205ANHMWDTX1", "rating": 4, "rating_count": 4, "price_usd": 249.95, "protocol": "Wi-Fi 4", "interface": "PCIe x1", "color": null}, {"name": "MSI AX905C", "rating": 0, "rating_count": 0, "price_usd": null, "protocol": "Wi-Fi 6", "interface": "PCIe x1", "color": "Black"}, {"name": "TP-Link Archer T5E", "rating": 4, "rating_count": 6, "price_usd": 34.99, "protocol": "Wi-Fi 5", "interface": "PCIe x1", "color": "Black"}, {"name": "Asus PCE-AC88", "rating": 4, "rating_count": 13, "price_usd": 96.56, "protocol": "Wi-Fi 5", "interface": "PCIe x1", "color": null}, {"name": "Netgear Nighthawk AC1900 A7000-10000S", "rating": 4, "rating_count": 2, "price_usd": 59.99, "protocol": "Wi-Fi 5", "interface": "USB 3.0", "color": "Black"}, {"name": "Netgear WNDA4100-100NAS", "rating": 4, "rating_count": 7, "price_usd": 129.99, "protocol": "Wi-Fi 4", "interface": "USB 2.0", "color": null}, {"name": "TP-Link TL-WDN4800", "rating": 4, "rating_count": 257, "price_usd": 234.98, "protocol": "Wi-Fi 4", "interface": "PCIe x1", "color": null}, {"name": "Rosewill RNX-AC600PCEv3", "rating": 0, "rating_count": 0, "price_usd": 19.99, "protocol": "Wi-Fi 5", "interface": "PCIe x1", "color": "Black"}, {"name": "MSI AC905C", "rating": 0, "rating_count": 0, "price_usd": 34.49, "protocol": "Wi-Fi 5", "interface": "PCIe x1", "color": "Black"}, {"name": "Asus PCE-AC58BT", "rating": 5, "rating_count": 4, "price_usd": 39.99, "protocol": "Wi-Fi 5", "interface": "PCIe x1", "color": "Blue"}, {"name": "Gigabyte GC-WB1733D-I", "rating": 5, "rating_count": 1, "price_usd": 33.49, "protocol": "Wi-Fi 5", "interface": "PCIe x1", "color": "Black"}, {"name": "Netgear A6210-100PAS", "rating": 4, "rating_count": 18, "price_usd": 46.99, "protocol": "Wi-Fi 5", "interface": "USB 3.0", "color": null}, {"name": "TP-Link TL-WDN3200", "rating": 4, "rating_count": 6, "price_usd": 79.98, "protocol": "Wi-Fi 4", "interface": "USB 2.0", "color": null}, {"name": "Asus USB-AC56", "rating": 4, "rating_count": 7, "price_usd": 54.0, "protocol": "Wi-Fi 5", "interface": "USB 3.0", "color": null}, {"name": "Rosewill RNX-AC600NUBv2", "rating": 5, "rating_count": 2, "price_usd": 14.99, "protocol": "Wi-Fi 5", "interface": "USB 2.0", "color": "Black"}, {"name": "Asus PCE-N15", "rating": 4, "rating_count": 84, "price_usd": null, "protocol": "Wi-Fi 4", "interface": "PCIe x1", "color": null}, {"name": "TP-Link TL-WN722N", "rating": 4, "rating_count": 20, "price_usd": 14.99, "protocol": "Wi-Fi 4", "interface": "USB 2.0", "color": null}, {"name": "TP-Link TL-WN781ND", "rating": 4, "rating_count": 42, "price_usd": null, "protocol": "Wi-Fi 4", "interface": "PCIe x1", "color": null}, {"name": "Ziyituod ZYT-7265", "rating": 5, "rating_count": 1, "price_usd": null, "protocol": "Wi-Fi 5", "interface": "PCIe x1", "color": "Green"}, {"name": "TP-Link Archer T2U", "rating": 4, "rating_count": 7, "price_usd": 24.99, "protocol": "Wi-Fi 5", "interface": "USB 2.0", "color": null}, {"name": "fenvi FV-T919", "rating": 4, "rating_count": 1, "price_usd": 59.99, "protocol": "Wi-Fi 5", "interface": "PCIe x1", "color": "Black / Gold"}, {"name": "D-Link DWA-192", "rating": 4, "rating_count": 2, "price_usd": 86.35, "protocol": "Wi-Fi 5", "interface": "USB 3.0", "color": null}, {"name": "TP-Link Archer T9E", "rating": 4, "rating_count": 27, "price_usd": null, "protocol": "Wi-Fi 5", "interface": "PCIe x1", "color": null}, {"name": "Rosewill RNX-AC1900PCE", "rating": 4, "rating_count": 8, "price_usd": 45.5, "protocol": "Wi-Fi 5", "interface": "PCIe x1", "color": null}, {"name": "TP-Link TL-WN823N", "rating": 3, "rating_count": 14, "price_usd": 13.99, "protocol": "Wi-Fi 4", "interface": "USB 2.0", "color": null}, {"name": "Asus USB-AC53 NANO", "rating": 0, "rating_count": 0, "price_usd": 36.5, "protocol": "Wi-Fi 5", "interface": "USB 2.0", "color": null}, {"name": "fenvi FV-8802", "rating": 5, "rating_count": 1, "price_usd": 27.99, "protocol": "Wi-Fi 5", "interface": "PCIe x1", "color": "Black / Orange"}, {"name": "Rosewill RNX-N250PCe", "rating": 4, "rating_count": 77, "price_usd": 18.69, "protocol": "Wi-Fi 4", "interface": "PCIe x1", "color": null}, {"name": "Gigabyte GC-WB867D-I REV 4.2", "rating": 4, "rating_count": 17, "price_usd": null, "protocol": "Wi-Fi 5", "interface": "PCIe x1", "color": null}, {"name": "Inamax 4332804407", "rating": 0, "rating_count": 0, "price_usd": 19.98, "protocol": "Wi-Fi 5", "interface": "USB 3.0", "color": "Black"}, {"name": "Asus USB-AC68", "rating": 5, "rating_count": 1, "price_usd": 89.99, "protocol": "Wi-Fi 5", "interface": "USB 3.0", "color": null}, {"name": "Edimax EW-7811UTC", "rating": 3, "rating_count": 5, "price_usd": 15.1, "protocol": "Wi-Fi 5", "interface": "USB 2.0", "color": null}, {"name": "TP-Link Archer T4U", "rating": 3, "rating_count": 18, "price_usd": 32.88, "protocol": "Wi-Fi 5", "interface": "USB 3.0", "color": null}, {"name": "Rosewill RNX-N150PCx", "rating": 5, "rating_count": 1, "price_usd": 169.95, "protocol": "Wi-Fi 4", "interface": "PCI", "color": null}, {"name": "TP-Link Archer T2UH", "rating": 4, "rating_count": 4, "price_usd": 144.73, "protocol": "Wi-Fi 5", "interface": "USB 2.0", "color": null}, {"name": "TP-Link Archer T2U Nano", "rating": 2, "rating_count": 1, "price_usd": 12.99, "protocol": "Wi-Fi 4", "interface": "USB 2.0", "color": "Black / Gold"}, {"name": "D-Link DWA-548", "rating": 3, "rating_count": 2, "price_usd": 115.59, "protocol": "Wi-Fi 4", "interface": "PCIe x1", "color": null}, {"name": "Rosewill RNX-AC1900PCEv2", "rating": 3, "rating_count": 3, "price_usd": 54.99, "protocol": "Wi-Fi 5", "interface": "PCIe x1", "color": "Red / Black"}, {"name": "Linksys WUSB6300", "rating": 4, "rating_count": 14, "price_usd": 37.99, "protocol": "Wi-Fi 5", "interface": "USB 3.0", "color": null}, {"name": "D-Link DWA-121", "rating": 0, "rating_count": 0, "price_usd": null, "protocol": "Wi-Fi 4", "interface": "USB 2.0", "color": null}, {"name": "Asus PCE-AC55BT", "rating": 4, "rating_count": 15, "price_usd": null, "protocol": "Wi-Fi 5", "interface": "PCIe x1", "color": null}, {"name": "Intel 7260HMWDTX1", "rating": 4, "rating_count": 23, "price_usd": null, "protocol": "Wi-Fi 5", "interface": "PCIe x1", "color": null}, {"name": "Netgear A6100-10000S", "rating": 0, "rating_count": 0, "price_usd": 39.99, "protocol": "Wi-Fi 5", "interface": "USB 2.0", "color": "Black"}, {"name": "Linksys AE1200", "rating": 4, "rating_count": 4, "price_usd": 19.99, "protocol": "Wi-Fi 4", "interface": "USB 2.0", "color": null}, {"name": "Edimax EW-7811UAC", "rating": 0, "rating_count": 0, "price_usd": 18.98, "protocol": "Wi-Fi 5", "interface": "USB 2.0", "color": null}, {"name": "Netgear WNA1100-100ENS", "rating": 4, "rating_count": 6, "price_usd": 65.5, "protocol": "Wi-Fi 4", "interface": "USB 2.0", "color": null}, {"name": "Rosewill RNX-N600PCE_v2.0", "rating": 0, "rating_count": 0, "price_usd": 19.98, "protocol": "Wi-Fi 4", "interface": "PCIe x1", "color": null}, {"name": "TP-Link TL-WN822N", "rating": 4, "rating_count": 20, "price_usd": 20.35, "protocol": "Wi-Fi 4", "interface": "USB 2.0", "color": null}, {"name": "BrosTrend AC3", "rating": 0, "rating_count": 0, "price_usd": 29.99, "protocol": "Wi-Fi 5", "interface": "USB 3.0", "color": "Black"}, {"name": "D-Link DWA-171", "rating": 4, "rating_count": 3, "price_usd": 21.84, "protocol": "Wi-Fi 5", "interface": "USB 2.0", "color": null}, {"name": "TP-Link TL-WN821N", "rating": 4, "rating_count": 6, "price_usd": 13.5, "protocol": "Wi-Fi 4", "interface": "USB 2.0", "color": null}, {"name": "TP-Link Archer T9UH", "rating": 0, "rating_count": 0, "price_usd": 64.98, "protocol": "Wi-Fi 5", "interface": "USB 3.0", "color": "Black"}, {"name": "TP-Link TL-WDN3800", "rating": 4, "rating_count": 27, "price_usd": null, "protocol": "Wi-Fi 4", "interface": "PCIe x1", "color": null}, {"name": "Rosewill RNX-N150NUB", "rating": 0, "rating_count": 0, "price_usd": 8.8, "protocol": "Wi-Fi 4", "interface": "USB 2.0", "color": null}, {"name": "BrosTrend AC1", "rating": 0, "rating_count": 0, "price_usd": 19.98, "protocol": "Wi-Fi 5", "interface": "USB 3.0", "color": "Black"}, {"name": "Encore ENUWI-2XN42", "rating": 0, "rating_count": 0, "price_usd": 14.99, "protocol": "Wi-Fi 4", "interface": "USB 2.0", "color": null}, {"name": "Hawking Technology HW12ACU", "rating": 0, "rating_count": 0, "price_usd": 30.2, "protocol": "Wi-Fi 5", "interface": "USB 2.0", "color": "Black"}, {"name": "Belkin E9L7500", "rating": 0, "rating_count": 0, "price_usd": 156.03, "protocol": "Wi-Fi 4", "interface": "USB 2.0", "color": null}, {"name": "Feb Smart FS-N600 Basic Edition", "rating": 3, "rating_count": 2, "price_usd": null, "protocol": "Wi-Fi 5", "interface": "PCIe x1", "color": null}, {"name": "D-Link DWA-582", "rating": 4, "rating_count": 7, "price_usd": 60.99, "protocol": "Wi-Fi 5", "interface": "PCIe x1", "color": null}, {"name": "Syba SY-PEX23063", "rating": 0, "rating_count": 0, "price_usd": null, "protocol": "Wi-Fi 4", "interface": "PCIe x1", "color": null}, {"name": "Linksys WUSB6100M", "rating": 0, "rating_count": 0, "price_usd": 39.97, "protocol": "Wi-Fi 5", "interface": "USB 3.0", "color": "Black"}, {"name": "Edimax EW-7811Un", "rating": 4, "rating_count": 17, "price_usd": null, "protocol": "Wi-Fi 4", "interface": "USB 2.0", "color": null}, {"name": "TRENDnet TEW-648UB", "rating": 0, "rating_count": 0, "price_usd": 29.98, "protocol": "Wi-Fi 4", "interface": "USB 2.0", "color": null}, {"name": "TP-Link TL-WN8200ND", "rating": 5, "rating_count": 1, "price_usd": null, "protocol": "Wi-Fi 4", "interface": "USB 2.0", "color": null}, {"name": "TP-Link Archer T8E", "rating": 4, "rating_count": 13, "price_usd": null, "protocol": "Wi-Fi 5", "interface": "PCIe x1", "color": null}, {"name": "Intel 2200BNHMWDTX1", "rating": 4, "rating_count": 3, "price_usd": 81.59, "protocol": "Wi-Fi 4", "interface": "PCIe x1", "color": null}, {"name": "BrosTrend AC3L Linux Wi-Fi Adapter", "rating": 0, "rating_count": 0, "price_usd": 35.99, "protocol": "Wi-Fi 5", "interface": "USB 3.0", "color": "Black"}, {"name": "Netgear A6100-100PAS", "rating": 4, "rating_count": 3, "price_usd": 60.55, "protocol": "Wi-Fi 5", "interface": "USB 2.0", "color": null}, {"name": "Asus PCE-N53", "rating": 4, "rating_count": 30, "price_usd": null, "protocol": "Wi-Fi 4", "interface": "PCIe x1", "color": null}, {"name": "Rosewill RNX-AC1200PCEv2", "rating": 5, "rating_count": 1, "price_usd": null, "protocol": "Wi-Fi 5", "interface": "PCIe x1", "color": "Green"}, {"name": "Rosewill RNX-AC2030PCE", "rating": 0, "rating_count": 0, "price_usd": 29.99, "protocol": "Wi-Fi 5", "interface": "PCIe x1", "color": "Red / Black"}, {"name": "StarTech PEX300WN2X2", "rating": 4, "rating_count": 1, "price_usd": 24.99, "protocol": "Wi-Fi 4", "interface": "PCIe x1", "color": null}, {"name": "Edimax EW-7811DAC", "rating": 0, "rating_count": 0, "price_usd": null, "protocol": "Wi-Fi 5", "interface": "USB 2.0", "color": null}, {"name": "Asus USB-AC51", "rating": 0, "rating_count": 0, "price_usd": 33.16, "protocol": "Wi-Fi 5", "interface": "USB 2.0", "color": null}, {"name": "Encore ENEWI-1XN45", "rating": 2, "rating_count": 2, "price_usd": 16.98, "protocol": "Wi-Fi 4", "interface": "PCIe x1", "color": null}, {"name": "D-Link DWA-131", "rating": 4, "rating_count": 1, "price_usd": null, "protocol": "Wi-Fi 4", "interface": "USB 2.0", "color": null}, {"name": "Intel 7260", "rating": 5, "rating_count": 1, "price_usd": 29.99, "protocol": "Wi-Fi 5", "interface": "Mini-PCIe", "color": null}, {"name": "HP FH971AA", "rating": 0, "rating_count": 0, "price_usd": null, "protocol": "Wi-Fi 4", "interface": "PCIe x1", "color": null}, {"name": "Rosewill N900PCE", "rating": 4, "rating_count": 27, "price_usd": null, "protocol": "Wi-Fi 4", "interface": "PCIe x1", "color": null}, {"name": "Sabrent USBG802", "rating": 0, "rating_count": 0, "price_usd": 10.84, "protocol": "Wi-Fi 3", "interface": "USB 2.0", "color": "Black"}, {"name": "Edimax EW-7822UTC", "rating": 0, "rating_count": 0, "price_usd": 26.07, "protocol": "Wi-Fi 5", "interface": "USB 3.0", "color": "Black"}, {"name": "Asus PCE-AC55BT B1", "rating": 4, "rating_count": 83, "price_usd": 54.74, "protocol": "Wi-Fi 5", "interface": "PCIe x1", "color": null}, {"name": "TP-Link TL-WN881ND", "rating": 4, "rating_count": 192, "price_usd": 17.98, "protocol": "Wi-Fi 4", "interface": "PCIe x1", "color": null}, {"name": "TP-Link Archer TX3000E", "rating": 4, "rating_count": 13, "price_usd": 49.99, "protocol": "Wi-Fi 6", "interface": "PCIe x1", "color": "Red / Black"}, {"name": "Ziyituod ZYT-AX200", "rating": 4, "rating_count": 7, "price_usd": 26.9, "protocol": "Wi-Fi 6", "interface": "PCIe x1", "color": "Green"}, {"name": "TP-Link Archer T4E", "rating": 4, "rating_count": 14, "price_usd": 29.99, "protocol": "Wi-Fi 5", "interface": "PCIe x1", "color": null}, {"name": "Gigabyte GC-WB867D-I", "rating": 4, "rating_count": 184, "price_usd": 36.0, "protocol": "Wi-Fi 5", "interface": "PCIe x1", "color": null}, {"name": "TP-Link Archer T3U", "rating": 5, "rating_count": 6, "price_usd": 19.98, "protocol": "Wi-Fi 5", "interface": "USB 3.0", "color": "Black"}, {"name": "Belkin E9L3000", "rating": 4, "rating_count": 2, "price_usd": 206.18, "protocol": "Wi-Fi 4", "interface": "USB 2.0", "color": null}, {"name": "Asus PCE-AX58BT", "rating": 4, "rating_count": 7, "price_usd": 63.0, "protocol": "Wi-Fi 6", "interface": "PCIe x1", "color": "Black"}, {"name": "TP-Link TL-WN725N", "rating": 3, "rating_count": 49, "price_usd": 7.99, "protocol": "Wi-Fi 4", "interface": "USB 2.0", "color": null}, {"name": "TP-Link Archer T6E AC1300", "rating": 4, "rating_count": 49, "price_usd": 39.99, "protocol": "Wi-Fi 5", "interface": "PCIe x1", "color": null}, {"name": "Gigabyte GC-WBAX200", "rating": 5, "rating_count": 4, "price_usd": null, "protocol": "Wi-Fi 6", "interface": "PCIe x1", "color": "Black / Silver"}, {"name": "TP-Link ARCHER T2U PLUS", "rating": 4, "rating_count": 9, "price_usd": 16.98, "protocol": "Wi-Fi 5", "interface": "USB 2.0", "color": "Black"}, {"name": "Asus PCE-AC51", "rating": 4, "rating_count": 23, "price_usd": 29.99, "protocol": "Wi-Fi 5", "interface": "PCIe x1", "color": null}, {"name": "BrosTrend AC5", "rating": 4, "rating_count": 10, "price_usd": 17.98, "protocol": "Wi-Fi 5", "interface": "USB 2.0", "color": "Black"}, {"name": "Asus PCE-AC68", "rating": 4, "rating_count": 68, "price_usd": 79.7, "protocol": "Wi-Fi 5", "interface": "PCIe x1", "color": null}, {"name": "Asus PCE-AC56", "rating": 4, "rating_count": 45, "price_usd": 54.2, "protocol": "Wi-Fi 5", "interface": "PCIe x1", "color": null}, {"name": "Intel 62205ANHMWDTX1", "rating": 4, "rating_count": 4, "price_usd": 249.95, "protocol": "Wi-Fi 4", "interface": "PCIe x1", "color": null}, {"name": "MSI AX905C", "rating": 0, "rating_count": 0, "price_usd": null, "protocol": "Wi-Fi 6", "interface": "PCIe x1", "color": "Black"}, {"name": "TP-Link Archer T5E", "rating": 4, "rating_count": 6, "price_usd": 34.99, "protocol": "Wi-Fi 5", "interface": "PCIe x1", "color": "Black"}, {"name": "Asus PCE-AC88", "rating": 4, "rating_count": 13, "price_usd": 96.56, "protocol": "Wi-Fi 5", "interface": "PCIe x1", "color": null}, {"name": "Netgear Nighthawk AC1900 A7000-10000S", "rating": 4, "rating_count": 2, "price_usd": 59.99, "protocol": "Wi-Fi 5", "interface": "USB 3.0", "color": "Black"}, {"name": "Netgear WNDA4100-100NAS", "rating": 4, "rating_count": 7, "price_usd": 129.99, "protocol": "Wi-Fi 4", "interface": "USB 2.0", "color": null}, {"name": "TP-Link TL-WDN4800", "rating": 4, "rating_count": 257, "price_usd": 234.98, "protocol": "Wi-Fi 4", "interface": "PCIe x1", "color": null}, {"name": "Rosewill RNX-AC600PCEv3", "rating": 0, "rating_count": 0, "price_usd": 19.99, "protocol": "Wi-Fi 5", "interface": "PCIe x1", "color": "Black"}, {"name": "MSI AC905C", "rating": 0, "rating_count": 0, "price_usd": 34.49, "protocol": "Wi-Fi 5", "interface": "PCIe x1", "color": "Black"}, {"name": "Asus PCE-AC58BT", "rating": 5, "rating_count": 4, "price_usd": 39.99, "protocol": "Wi-Fi 5", "interface": "PCIe x1", "color": "Blue"}, {"name": "Gigabyte GC-WB1733D-I", "rating": 5, "rating_count": 1, "price_usd": 33.49, "protocol": "Wi-Fi 5", "interface": "PCIe x1", "color": "Black"}, {"name": "Netgear A6210-100PAS", "rating": 4, "rating_count": 18, "price_usd": 46.99, "protocol": "Wi-Fi 5", "interface": "USB 3.0", "color": null}, {"name": "TP-Link TL-WDN3200", "rating": 4, "rating_count": 6, "price_usd": 79.98, "protocol": "Wi-Fi 4", "interface": "USB 2.0", "color": null}, {"name": "Asus USB-AC56", "rating": 4, "rating_count": 7, "price_usd": 54.0, "protocol": "Wi-Fi 5", "interface": "USB 3.0", "color": null}, {"name": "Rosewill RNX-AC600NUBv2", "rating": 5, "rating_count": 2, "price_usd": 14.99, "protocol": "Wi-Fi 5", "interface": "USB 2.0", "color": "Black"}, {"name": "Asus PCE-N15", "rating": 4, "rating_count": 84, "price_usd": null, "protocol": "Wi-Fi 4", "interface": "PCIe x1", "color": null}, {"name": "TP-Link TL-WN722N", "rating": 4, "rating_count": 20, "price_usd": 14.99, "protocol": "Wi-Fi 4", "interface": "USB 2.0", "color": null}, {"name": "TP-Link TL-WN781ND", "rating": 4, "rating_count": 42, "price_usd": null, "protocol": "Wi-Fi 4", "interface": "PCIe x1", "color": null}, {"name": "Ziyituod ZYT-7265", "rating": 5, "rating_count": 1, "price_usd": null, "protocol": "Wi-Fi 5", "interface": "PCIe x1", "color": "Green"}, {"name": "TP-Link Archer T2U", "rating": 4, "rating_count": 7, "price_usd": 24.99, "protocol": "Wi-Fi 5", "interface": "USB 2.0", "color": null}, {"name": "fenvi FV-T919", "rating": 4, "rating_count": 1, "price_usd": 59.99, "protocol": "Wi-Fi 5", "interface": "PCIe x1", "color": "Black / Gold"}, {"name": "D-Link DWA-192", "rating": 4, "rating_count": 2, "price_usd": 86.35, "protocol": "Wi-Fi 5", "interface": "USB 3.0", "color": null}, {"name": "TP-Link Archer T9E", "rating": 4, "rating_count": 27, "price_usd": null, "protocol": "Wi-Fi 5", "interface": "PCIe x1", "color": null}, {"name": "Rosewill RNX-AC1900PCE", "rating": 4, "rating_count": 8, "price_usd": 45.5, "protocol": "Wi-Fi 5", "interface": "PCIe x1", "color": null}, {"name": "TP-Link TL-WN823N", "rating": 3, "rating_count": 14, "price_usd": 13.99, "protocol": "Wi-Fi 4", "interface": "USB 2.0", "color": null}, {"name": "Asus USB-AC53 NANO", "rating": 0, "rating_count": 0, "price_usd": 36.5, "protocol": "Wi-Fi 5", "interface": "USB 2.0", "color": null}, {"name": "fenvi FV-8802", "rating": 5, "rating_count": 1, "price_usd": 27.99, "protocol": "Wi-Fi 5", "interface": "PCIe x1", "color": "Black / Orange"}, {"name": "Rosewill RNX-N250PCe", "rating": 4, "rating_count": 77, "price_usd": 18.69, "protocol": "Wi-Fi 4", "interface": "PCIe x1", "color": null}, {"name": "Gigabyte GC-WB867D-I REV 4.2", "rating": 4, "rating_count": 17, "price_usd": null, "protocol": "Wi-Fi 5", "interface": "PCIe x1", "color": null}, {"name": "Inamax 4332804407", "rating": 0, "rating_count": 0, "price_usd": 19.98, "protocol": "Wi-Fi 5", "interface": "USB 3.0", "color": "Black"}, {"name": "Asus USB-AC68", "rating": 5, "rating_count": 1, "price_usd": 89.99, "protocol": "Wi-Fi 5", "interface": "USB 3.0", "color": null}, {"name": "Edimax EW-7811UTC", "rating": 3, "rating_count": 5, "price_usd": 15.1, "protocol": "Wi-Fi 5", "interface": "USB 2.0", "color": null}, {"name": "TP-Link Archer T4U", "rating": 3, "rating_count": 18, "price_usd": 32.88, "protocol": "Wi-Fi 5", "interface": "USB 3.0", "color": null}, {"name": "Rosewill RNX-N150PCx", "rating": 5, "rating_count": 1, "price_usd": 169.95, "protocol": "Wi-Fi 4", "interface": "PCI", "color": null}, {"name": "TP-Link Archer T2UH", "rating": 4, "rating_count": 4, "price_usd": 144.73, "protocol": "Wi-Fi 5", "interface": "USB 2.0", "color": null}, {"name": "TP-Link Archer T2U Nano", "rating": 2, "rating_count": 1, "price_usd": 12.99, "protocol": "Wi-Fi 4", "interface": "USB 2.0", "color": "Black / Gold"}, {"name": "D-Link DWA-548", "rating": 3, "rating_count": 2, "price_usd": 115.59, "protocol": "Wi-Fi 4", "interface": "PCIe x1", "color": null}, {"name": "Rosewill RNX-AC1900PCEv2", "rating": 3, "rating_count": 3, "price_usd": 54.99, "protocol": "Wi-Fi 5", "interface": "PCIe x1", "color": "Red / Black"}, {"name": "Linksys WUSB6300", "rating": 4, "rating_count": 14, "price_usd": 37.99, "protocol": "Wi-Fi 5", "interface": "USB 3.0", "color": null}, {"name": "D-Link DWA-121", "rating": 0, "rating_count": 0, "price_usd": null, "protocol": "Wi-Fi 4", "interface": "USB 2.0", "color": null}, {"name": "Asus PCE-AC55BT", "rating": 4, "rating_count": 15, "price_usd": null, "protocol": "Wi-Fi 5", "interface": "PCIe x1", "color": null}, {"name": "Intel 7260HMWDTX1", "rating": 4, "rating_count": 23, "price_usd": null, "protocol": "Wi-Fi 5", "interface": "PCIe x1", "color": null}, {"name": "Netgear A6100-10000S", "rating": 0, "rating_count": 0, "price_usd": 39.99, "protocol": "Wi-Fi 5", "interface": "USB 2.0", "color": "Black"}, {"name": "Linksys AE1200", "rating": 4, "rating_count": 4, "price_usd": 19.99, "protocol": "Wi-Fi 4", "interface": "USB 2.0", "color": null}, {"name": "Edimax EW-7811UAC", "rating": 0, "rating_count": 0, "price_usd": 18.98, "protocol": "Wi-Fi 5", "interface": "USB 2.0", "color": null}, {"name": "Netgear WNA1100-100ENS", "rating": 4, "rating_count": 6, "price_usd": 65.5, "protocol": "Wi-Fi 4", "interface": "USB 2.0", "color": null}, {"name": "Rosewill RNX-N600PCE_v2.0", "rating": 0, "rating_count": 0, "price_usd": 19.98, "protocol": "Wi-Fi 4", "interface": "PCIe x1", "color": null}, {"name": "TP-Link TL-WN822N", "rating": 4, "rating_count": 20, "price_usd": 20.35, "protocol": "Wi-Fi 4", "interface": "USB 2.0", "color": null}, {"name": "BrosTrend AC3", "rating": 0, "rating_count": 0, "price_usd": 29.99, "protocol": "Wi-Fi 5", "interface": "USB 3.0", "color": "Black"}, {"name": "D-Link DWA-171", "rating": 4, "rating_count": 3, "price_usd": 21.84, "protocol": "Wi-Fi 5", "interface": "USB 2.0", "color": null}, {"name": "TP-Link TL-WN821N", "rating": 4, "rating_count": 6, "price_usd": 13.5, "protocol": "Wi-Fi 4", "interface": "USB 2.0", "color": null}, {"name": "TP-Link Archer T9UH", "rating": 0, "rating_count": 0, "price_usd": 64.98, "protocol": "Wi-Fi 5", "interface": "USB 3.0", "color": "Black"}, {"name": "TP-Link TL-WDN3800", "rating": 4, "rating_count": 27, "price_usd": null, "protocol": "Wi-Fi 4", "interface": "PCIe x1", "color": null}, {"name": "Rosewill RNX-N150NUB", "rating": 0, "rating_count": 0, "price_usd": 8.8, "protocol": "Wi-Fi 4", "interface": "USB 2.0", "color": null}, {"name": "BrosTrend AC1", "rating": 0, "rating_count": 0, "price_usd": 19.98, "protocol": "Wi-Fi 5", "interface": "USB 3.0", "color": "Black"}, {"name": "Encore ENUWI-2XN42", "rating": 0, "rating_count": 0, "price_usd": 14.99, "protocol": "Wi-Fi 4", "interface": "USB 2.0", "color": null}, {"name": "Hawking Technology HW12ACU", "rating": 0, "rating_count": 0, "price_usd": 30.2, "protocol": "Wi-Fi 5", "interface": "USB 2.0", "color": "Black"}, {"name": "Belkin E9L7500", "rating": 0, "rating_count": 0, "price_usd": 156.03, "protocol": "Wi-Fi 4", "interface": "USB 2.0", "color": null}, {"name": "Feb Smart FS-N600 Basic Edition", "rating": 3, "rating_count": 2, "price_usd": null, "protocol": "Wi-Fi 5", "interface": "PCIe x1", "color": null}, {"name": "D-Link DWA-582", "rating": 4, "rating_count": 7, "price_usd": 60.99, "protocol": "Wi-Fi 5", "interface": "PCIe x1", "color": null}, {"name": "Syba SY-PEX23063", "rating": 0, "rating_count": 0, "price_usd": null, "protocol": "Wi-Fi 4", "interface": "PCIe x1", "color": null}, {"name": "Linksys WUSB6100M", "rating": 0, "rating_count": 0, "price_usd": 39.97, "protocol": "Wi-Fi 5", "interface": "USB 3.0", "color": "Black"}, {"name": "Edimax EW-7811Un", "rating": 4, "rating_count": 17, "price_usd": null, "protocol": "Wi-Fi 4", "interface": "USB 2.0", "color": null}, {"name": "TRENDnet TEW-648UB", "rating": 0, "rating_count": 0, "price_usd": 29.98, "protocol": "Wi-Fi 4", "interface": "USB 2.0", "color": null}, {"name": "TP-Link TL-WN8200ND", "rating": 5, "rating_count": 1, "price_usd": null, "protocol": "Wi-Fi 4", "interface": "USB 2.0", "color": null}, {"name": "TP-Link Archer T8E", "rating": 4, "rating_count": 13, "price_usd": null, "protocol": "Wi-Fi 5", "interface": "PCIe x1", "color": null}, {"name": "Intel 2200BNHMWDTX1", "rating": 4, "rating_count": 3, "price_usd": 81.59, "protocol": "Wi-Fi 4", "interface": "PCIe x1", "color": null}, {"name": "BrosTrend AC3L Linux Wi-Fi Adapter", "rating": 0, "rating_count": 0, "price_usd": 35.99, "protocol": "Wi-Fi 5", "interface": "USB 3.0", "color": "Black"}, {"name": "Netgear A6100-100PAS", "rating": 4, "rating_count": 3, "price_usd": 60.55, "protocol": "Wi-Fi 5", "interface": "USB 2.0", "color": null}, {"name": "Asus PCE-N53", "rating": 4, "rating_count": 30, "price_usd": null, "protocol": "Wi-Fi 4", "interface": "PCIe x1", "color": null}, {"name": "Rosewill RNX-AC1200PCEv2", "rating": 5, "rating_count": 1, "price_usd": null, "protocol": "Wi-Fi 5", "interface": "PCIe x1", "color": "Green"}, {"name": "Rosewill RNX-AC2030PCE", "rating": 0, "rating_count": 0, "price_usd": 29.99, "protocol": "Wi-Fi 5", "interface": "PCIe x1", "color": "Red / Black"}, {"name": "StarTech PEX300WN2X2", "rating": 4, "rating_count": 1, "price_usd": 24.99, "protocol": "Wi-Fi 4", "interface": "PCIe x1", "color": null}, {"name": "Edimax EW-7811DAC", "rating": 0, "rating_count": 0, "price_usd": null, "protocol": "Wi-Fi 5", "interface": "USB 2.0", "color": null}, {"name": "Asus USB-AC51", "rating": 0, "rating_count": 0, "price_usd": 33.16, "protocol": "Wi-Fi 5", "interface": "USB 2.0", "color": null}, {"name": "Encore ENEWI-1XN45", "rating": 2, "rating_count": 2, "price_usd": 16.98, "protocol": "Wi-Fi 4", "interface": "PCIe x1", "color": null}, {"name": "D-Link DWA-131", "rating": 4, "rating_count": 1, "price_usd": null, "protocol": "Wi-Fi 4", "interface": "USB 2.0", "color": null}, {"name": "Intel 7260", "rating": 5, "rating_count": 1, "price_usd": 29.99, "protocol": "Wi-Fi 5", "interface": "Mini-PCIe", "color": null}, {"name": "HP FH971AA", "rating": 0, "rating_count": 0, "price_usd": null, "protocol": "Wi-Fi 4", "interface": "PCIe x1", "color": null}, {"name": "Rosewill N900PCE", "rating": 4, "rating_count": 27, "price_usd": null, "protocol": "Wi-Fi 4", "interface": "PCIe x1", "color": null}, {"name": "Sabrent USBG802", "rating": 0, "rating_count": 0, "price_usd": 10.84, "protocol": "Wi-Fi 3", "interface": "USB 2.0", "color": "Black"}, {"name": "Edimax EW-7822UTC", "rating": 0, "rating_count": 0, "price_usd": 26.07, "protocol": "Wi-Fi 5", "interface": "USB 3.0", "color": "Black"}, {"name": "Asus PCE-AC55BT B1", "rating": 4, "rating_count": 83, "price_usd": 54.74, "protocol": "Wi-Fi 5", "interface": "PCIe x1", "color": null}, {"name": "TP-Link TL-WN881ND", "rating": 4, "rating_count": 192, "price_usd": 17.98, "protocol": "Wi-Fi 4", "interface": "PCIe x1", "color": null}, {"name": "TP-Link Archer TX3000E", "rating": 4, "rating_count": 13, "price_usd": 49.99, "protocol": "Wi-Fi 6", "interface": "PCIe x1", "color": "Red / Black"}, {"name": "Ziyituod ZYT-AX200", "rating": 4, "rating_count": 7, "price_usd": 26.9, "protocol": "Wi-Fi 6", "interface": "PCIe x1", "color": "Green"}, {"name": "TP-Link Archer T4E", "rating": 4, "rating_count": 14, "price_usd": 29.99, "protocol": "Wi-Fi 5", "interface": "PCIe x1", "color": null}, {"name": "Gigabyte GC-WB867D-I", "rating": 4, "rating_count": 184, "price_usd": 36.0, "protocol": "Wi-Fi 5", "interface": "PCIe x1", "color": null}, {"name": "TP-Link Archer T3U", "rating": 5, "rating_count": 6, "price_usd": 19.98, "protocol": "Wi-Fi 5", "interface": "USB 3.0", "color": "Black"}, {"name": "Belkin E9L3000", "rating": 4, "rating_count": 2, "price_usd": 206.18, "protocol": "Wi-Fi 4", "interface": "USB 2.0", "color": null}, {"name": "Asus PCE-AX58BT", "rating": 4, "rating_count": 7, "price_usd": 63.0, "protocol": "Wi-Fi 6", "interface": "PCIe x1", "color": "Black"}, {"name": "TP-Link TL-WN725N", "rating": 3, "rating_count": 49, "price_usd": 7.99, "protocol": "Wi-Fi 4", "interface": "USB 2.0", "color": null}, {"name": "TP-Link Archer T6E AC1300", "rating": 4, "rating_count": 49, "price_usd": 39.99, "protocol": "Wi-Fi 5", "interface": "PCIe x1", "color": null}, {"name": "Gigabyte GC-WBAX200", "rating": 5, "rating_count": 4, "price_usd": null, "protocol": "Wi-Fi 6", "interface": "PCIe x1", "color": "Black / Silver"}, {"name": "TP-Link ARCHER T2U PLUS", "rating": 4, "rating_count": 9, "price_usd": 16.98, "protocol": "Wi-Fi 5", "interface": "USB 2.0", "color": "Black"}, {"name": "Asus PCE-AC51", "rating": 4, "rating_count": 23, "price_usd": 29.99, "protocol": "Wi-Fi 5", "interface": "PCIe x1", "color": null}, {"name": "BrosTrend AC5", "rating": 4, "rating_count": 10, "price_usd": 17.98, "protocol": "Wi-Fi 5", "interface": "USB 2.0", "color": "Black"}, {"name": "Asus PCE-AC68", "rating": 4, "rating_count": 68, "price_usd": 79.7, "protocol": "Wi-Fi 5", "interface": "PCIe x1", "color": null}, {"name": "Asus PCE-AC56", "rating": 4, "rating_count": 45, "price_usd": 54.2, "protocol": "Wi-Fi 5", "interface": "PCIe x1", "color": null}, {"name": "Intel 62205ANHMWDTX1", "rating": 4, "rating_count": 4, "price_usd": 249.95, "protocol": "Wi-Fi 4", "interface": "PCIe x1", "color": null}, {"name": "MSI AX905C", "rating": 0, "rating_count": 0, "price_usd": null, "protocol": "Wi-Fi 6", "interface": "PCIe x1", "color": "Black"}, {"name": "TP-Link Archer T5E", "rating": 4, "rating_count": 6, "price_usd": 34.99, "protocol": "Wi-Fi 5", "interface": "PCIe x1", "color": "Black"}, {"name": "Asus PCE-AC88", "rating": 4, "rating_count": 13, "price_usd": 96.56, "protocol": "Wi-Fi 5", "interface": "PCIe x1", "color": null}, {"name": "Netgear Nighthawk AC1900 A7000-10000S", "rating": 4, "rating_count": 2, "price_usd": 59.99, "protocol": "Wi-Fi 5", "interface": "USB 3.0", "color": "Black"}, {"name": "Netgear WNDA4100-100NAS", "rating": 4, "rating_count": 7, "price_usd": 129.99, "protocol": "Wi-Fi 4", "interface": "USB 2.0", "color": null}, {"name": "TP-Link TL-WDN4800", "rating": 4, "rating_count": 257, "price_usd": 234.98, "protocol": "Wi-Fi 4", "interface": "PCIe x1", "color": null}, {"name": "Rosewill RNX-AC600PCEv3", "rating": 0, "rating_count": 0, "price_usd": 19.99, "protocol": "Wi-Fi 5", "interface": "PCIe x1", "color": "Black"}, {"name": "MSI AC905C", "rating": 0, "rating_count": 0, "price_usd": 34.49, "protocol": "Wi-Fi 5", "interface": "PCIe x1", "color": "Black"}, {"name": "Asus PCE-AC58BT", "rating": 5, "rating_count": 4, "price_usd": 39.99, "protocol": "Wi-Fi 5", "interface": "PCIe x1", "color": "Blue"}, {"name": "Gigabyte GC-WB1733D-I", "rating": 5, "rating_count": 1, "price_usd": 33.49, "protocol": "Wi-Fi 5", "interface": "PCIe x1", "color": "Black"}, {"name": "Netgear A6210-100PAS", "rating": 4, "rating_count": 18, "price_usd": 46.99, "protocol": "Wi-Fi 5", "interface": "USB 3.0", "color": null}, {"name": "TP-Link TL-WDN3200", "rating": 4, "rating_count": 6, "price_usd": 79.98, "protocol": "Wi-Fi 4", "interface": "USB 2.0", "color": null}, {"name": "Asus USB-AC56", "rating": 4, "rating_count": 7, "price_usd": 54.0, "protocol": "Wi-Fi 5", "interface": "USB 3.0", "color": null}, {"name": "Rosewill RNX-AC600NUBv2", "rating": 5, "rating_count": 2, "price_usd": 14.99, "protocol": "Wi-Fi 5", "interface": "USB 2.0", "color": "Black"}, {"name": "Asus PCE-N15", "rating": 4, "rating_count": 84, "price_usd": null, "protocol": "Wi-Fi 4", "interface": "PCIe x1", "color": null}, {"name": "TP-Link TL-WN722N", "rating": 4, "rating_count": 20, "price_usd": 14.99, "protocol": "Wi-Fi 4", "interface": "USB 2.0", "color": null}, {"name": "TP-Link TL-WN781ND", "rating": 4, "rating_count": 42, "price_usd": null, "protocol": "Wi-Fi 4", "interface": "PCIe x1", "color": null}, {"name": "Ziyituod ZYT-7265", "rating": 5, "rating_count": 1, "price_usd": null, "protocol": "Wi-Fi 5", "interface": "PCIe x1", "color": "Green"}, {"name": "TP-Link Archer T2U", "rating": 4, "rating_count": 7, "price_usd": 24.99, "protocol": "Wi-Fi 5", "interface": "USB 2.0", "color": null}, {"name": "fenvi FV-T919", "rating": 4, "rating_count": 1, "price_usd": 59.99, "protocol": "Wi-Fi 5", "interface": "PCIe x1", "color": "Black / Gold"}, {"name": "D-Link DWA-192", "rating": 4, "rating_count": 2, "price_usd": 86.35, "protocol": "Wi-Fi 5", "interface": "USB 3.0", "color": null}, {"name": "TP-Link Archer T9E", "rating": 4, "rating_count": 27, "price_usd": null, "protocol": "Wi-Fi 5", "interface": "PCIe x1", "color": null}, {"name": "Rosewill RNX-AC1900PCE", "rating": 4, "rating_count": 8, "price_usd": 45.5, "protocol": "Wi-Fi 5", "interface": "PCIe x1", "color": null}, {"name": "TP-Link TL-WN823N", "rating": 3, "rating_count": 14, "price_usd": 13.99, "protocol": "Wi-Fi 4", "interface": "USB 2.0", "color": null}, {"name": "Asus USB-AC53 NANO", "rating": 0, "rating_count": 0, "price_usd": 36.5, "protocol": "Wi-Fi 5", "interface": "USB 2.0", "color": null}, {"name": "fenvi FV-8802", "rating": 5, "rating_count": 1, "price_usd": 27.99, "protocol": "Wi-Fi 5", "interface": "PCIe x1", "color": "Black / Orange"}, {"name": "Rosewill RNX-N250PCe", "rating": 4, "rating_count": 77, "price_usd": 18.69, "protocol": "Wi-Fi 4", "interface": "PCIe x1", "color": null}, {"name": "Gigabyte GC-WB867D-I REV 4.2", "rating": 4, "rating_count": 17, "price_usd": null, "protocol": "Wi-Fi 5", "interface": "PCIe x1", "color": null}, {"name": "Inamax 4332804407", "rating": 0, "rating_count": 0, "price_usd": 19.98, "protocol": "Wi-Fi 5", "interface": "USB 3.0", "color": "Black"}, {"name": "Asus USB-AC68", "rating": 5, "rating_count": 1, "price_usd": 89.99, "protocol": "Wi-Fi 5", "interface": "USB 3.0", "color": null}, {"name": "Edimax EW-7811UTC", "rating": 3, "rating_count": 5, "price_usd": 15.1, "protocol": "Wi-Fi 5", "interface": "USB 2.0", "color": null}, {"name": "TP-Link Archer T4U", "rating": 3, "rating_count": 18, "price_usd": 32.88, "protocol": "Wi-Fi 5", "interface": "USB 3.0", "color": null}, {"name": "Rosewill RNX-N150PCx", "rating": 5, "rating_count": 1, "price_usd": 169.95, "protocol": "Wi-Fi 4", "interface": "PCI", "color": null}, {"name": "TP-Link Archer T2UH", "rating": 4, "rating_count": 4, "price_usd": 144.73, "protocol": "Wi-Fi 5", "interface": "USB 2.0", "color": null}, {"name": "TP-Link Archer T2U Nano", "rating": 2, "rating_count": 1, "price_usd": 12.99, "protocol": "Wi-Fi 4", "interface": "USB 2.0", "color": "Black / Gold"}, {"name": "D-Link DWA-548", "rating": 3, "rating_count": 2, "price_usd": 115.59, "protocol": "Wi-Fi 4", "interface": "PCIe x1", "color": null}, {"name": "Rosewill RNX-AC1900PCEv2", "rating": 3, "rating_count": 3, "price_usd": 54.99, "protocol": "Wi-Fi 5", "interface": "PCIe x1", "color": "Red / Black"}, {"name": "Linksys WUSB6300", "rating": 4, "rating_count": 14, "price_usd": 37.99, "protocol": "Wi-Fi 5", "interface": "USB 3.0", "color": null}, {"name": "D-Link DWA-121", "rating": 0, "rating_count": 0, "price_usd": null, "protocol": "Wi-Fi 4", "interface": "USB 2.0", "color": null}, {"name": "Asus PCE-AC55BT", "rating": 4, "rating_count": 15, "price_usd": null, "protocol": "Wi-Fi 5", "interface": "PCIe x1", "color": null}, {"name": "Intel 7260HMWDTX1", "rating": 4, "rating_count": 23, "price_usd": null, "protocol": "Wi-Fi 5", "interface": "PCIe x1", "color": null}, {"name": "Netgear A6100-10000S", "rating": 0, "rating_count": 0, "price_usd": 39.99, "protocol": "Wi-Fi 5", "interface": "USB 2.0", "color": "Black"}, {"name": "Linksys AE1200", "rating": 4, "rating_count": 4, "price_usd": 19.99, "protocol": "Wi-Fi 4", "interface": "USB 2.0", "color": null}, {"name": "Edimax EW-7811UAC", "rating": 0, "rating_count": 0, "price_usd": 18.98, "protocol": "Wi-Fi 5", "interface": "USB 2.0", "color": null}, {"name": "Netgear WNA1100-100ENS", "rating": 4, "rating_count": 6, "price_usd": 65.5, "protocol": "Wi-Fi 4", "interface": "USB 2.0", "color": null}, {"name": "Rosewill RNX-N600PCE_v2.0", "rating": 0, "rating_count": 0, "price_usd": 19.98, "protocol": "Wi-Fi 4", "interface": "PCIe x1", "color": null}, {"name": "TP-Link TL-WN822N", "rating": 4, "rating_count": 20, "price_usd": 20.35, "protocol": "Wi-Fi 4", "interface": "USB 2.0", "color": null}, {"name": "BrosTrend AC3", "rating": 0, "rating_count": 0, "price_usd": 29.99, "protocol": "Wi-Fi 5", "interface": "USB 3.0", "color": "Black"}, {"name": "D-Link DWA-171", "rating": 4, "rating_count": 3, "price_usd": 21.84, "protocol": "Wi-Fi 5", "interface": "USB 2.0", "color": null}, {"name": "TP-Link TL-WN821N", "rating": 4, "rating_count": 6, "price_usd": 13.5, "protocol": "Wi-Fi 4", "interface": "USB 2.0", "color": null}, {"name": "TP-Link Archer T9UH", "rating": 0, "rating_count": 0, "price_usd": 64.98, "protocol": "Wi-Fi 5", "interface": "USB 3.0", "color": "Black"}, {"name": "TP-Link TL-WDN3800", "rating": 4, "rating_count": 27, "price_usd": null, "protocol": "Wi-Fi 4", "interface": "PCIe x1", "color": null}, {"name": "Rosewill RNX-N150NUB", "rating": 0, "rating_count": 0, "price_usd": 8.8, "protocol": "Wi-Fi 4", "interface": "USB 2.0", "color": null}, {"name": "BrosTrend AC1", "rating": 0, "rating_count": 0, "price_usd": 19.98, "protocol": "Wi-Fi 5", "interface": "USB 3.0", "color": "Black"}, {"name": "Encore ENUWI-2XN42", "rating": 0, "rating_count": 0, "price_usd": 14.99, "protocol": "Wi-Fi 4", "interface": "USB 2.0", "color": null}, {"name": "Hawking Technology HW12ACU", "rating": 0, "rating_count": 0, "price_usd": 30.2, "protocol": "Wi-Fi 5", "interface": "USB 2.0", "color": "Black"}, {"name": "Belkin E9L7500", "rating": 0, "rating_count": 0, "price_usd": 156.03, "protocol": "Wi-Fi 4", "interface": "USB 2.0", "color": null}, {"name": "Feb Smart FS-N600 Basic Edition", "rating": 3, "rating_count": 2, "price_usd": null, "protocol": "Wi-Fi 5", "interface": "PCIe x1", "color": null}, {"name": "D-Link DWA-582", "rating": 4, "rating_count": 7, "price_usd": 60.99, "protocol": "Wi-Fi 5", "interface": "PCIe x1", "color": null}, {"name": "Syba SY-PEX23063", "rating": 0, "rating_count": 0, "price_usd": null, "protocol": "Wi-Fi 4", "interface": "PCIe x1", "color": null}, {"name": "Linksys WUSB6100M", "rating": 0, "rating_count": 0, "price_usd": 39.97, "protocol": "Wi-Fi 5", "interface": "USB 3.0", "color": "Black"}, {"name": "Edimax EW-7811Un", "rating": 4, "rating_count": 17, "price_usd": null, "protocol": "Wi-Fi 4", "interface": "USB 2.0", "color": null}, {"name": "TRENDnet TEW-648UB", "rating": 0, "rating_count": 0, "price_usd": 29.98, "protocol": "Wi-Fi 4", "interface": "USB 2.0", "color": null}, {"name": "TP-Link TL-WN8200ND", "rating": 5, "rating_count": 1, "price_usd": null, "protocol": "Wi-Fi 4", "interface": "USB 2.0", "color": null}, {"name": "TP-Link Archer T8E", "rating": 4, "rating_count": 13, "price_usd": null, "protocol": "Wi-Fi 5", "interface": "PCIe x1", "color": null}, {"name": "Intel 2200BNHMWDTX1", "rating": 4, "rating_count": 3, "price_usd": 81.59, "protocol": "Wi-Fi 4", "interface": "PCIe x1", "color": null}, {"name": "BrosTrend AC3L Linux Wi-Fi Adapter", "rating": 0, "rating_count": 0, "price_usd": 35.99, "protocol": "Wi-Fi 5", "interface": "USB 3.0", "color": "Black"}, {"name": "Netgear A6100-100PAS", "rating": 4, "rating_count": 3, "price_usd": 60.55, "protocol": "Wi-Fi 5", "interface": "USB 2.0", "color": null}, {"name": "Asus PCE-N53", "rating": 4, "rating_count": 30, "price_usd": null, "protocol": "Wi-Fi 4", "interface": "PCIe x1", "color": null}, {"name": "Rosewill RNX-AC1200PCEv2", "rating": 5, "rating_count": 1, "price_usd": null, "protocol": "Wi-Fi 5", "interface": "PCIe x1", "color": "Green"}, {"name": "Rosewill RNX-AC2030PCE", "rating": 0, "rating_count": 0, "price_usd": 29.99, "protocol": "Wi-Fi 5", "interface": "PCIe x1", "color": "Red / Black"}, {"name": "StarTech PEX300WN2X2", "rating": 4, "rating_count": 1, "price_usd": 24.99, "protocol": "Wi-Fi 4", "interface": "PCIe x1", "color": null}, {"name": "Edimax EW-7811DAC", "rating": 0, "rating_count": 0, "price_usd": null, "protocol": "Wi-Fi 5", "interface": "USB 2.0", "color": null}, {"name": "Asus USB-AC51", "rating": 0, "rating_count": 0, "price_usd": 33.16, "protocol": "Wi-Fi 5", "interface": "USB 2.0", "color": null}, {"name": "Encore ENEWI-1XN45", "rating": 2, "rating_count": 2, "price_usd": 16.98, "protocol": "Wi-Fi 4", "interface": "PCIe x1", "color": null}, {"name": "D-Link DWA-131", "rating": 4, "rating_count": 1, "price_usd": null, "protocol": "Wi-Fi 4", "interface": "USB 2.0", "color": null}, {"name": "Intel 7260", "rating": 5, "rating_count": 1, "price_usd": 29.99, "protocol": "Wi-Fi 5", "interface": "Mini-PCIe", "color": null}, {"name": "HP FH971AA", "rating": 0, "rating_count": 0, "price_usd": null, "protocol": "Wi-Fi 4", "interface": "PCIe x1", "color": null}, {"name": "Rosewill N900PCE", "rating": 4, "rating_count": 27, "price_usd": null, "protocol": "Wi-Fi 4", "interface": "PCIe x1", "color": null}, {"name": "Sabrent USBG802", "rating": 0, "rating_count": 0, "price_usd": 10.84, "protocol": "Wi-Fi 3", "interface": "USB 2.0", "color": "Black"}, {"name": "Edimax EW-7822UTC", "rating": 0, "rating_count": 0, "price_usd": 26.07, "protocol": "Wi-Fi 5", "interface": "USB 3.0", "color": "Black"}]