[{"name": "Asus XG-C100C", "rating": 5, "rating_count": 1, "price_usd": 92.99, "interface": "PCIe x4", "ports": "1 x 10 Gbit/s", "color": null}, {"name": "D-Link DXE-820T", "rating": 0, "rating_count": 0, "price_usd": 721.28, "interface": "PCIe x8", "ports": "2 x 10 Gbit/s", "color": null}, {"name": "StarTech ST3300U3S", "rating": 0, "rating_count": 0, "price_usd": 48.79, "interface": "USB 3.0", "ports": "1 x 1000 Mbit/s", "color": null}, {"name": "StarTech USB21000S2", "rating": 0, "rating_count": 0, "price_usd": 58.79, "interface": "USB 2.0", "ports": "1 x 1000 Mbit/s", "color": null}, {"name": "Intel X550-T2", "rating": 0, "rating_count": 0, "price_usd": 323.99, "interface": "PCIe x4", "ports": "2 x 10 Gbit/s", "color": null}, {"name": "Intel EXPI9301CTBLK", "rating": 4, "rating_count": 8, "price_usd": 30.0, "interface": "PCIe x1", "ports": "1 x 1000 Mbit/s", "color": null}, {"name": "Intel E1G44HTBLK", "rating": 0, "rating_count": 0, "price_usd": 82.0, "interface": "PCIe x4", "ports": "4 x 1000 Mbit/s", "color": null}, {"name": "Edimax EN-9320TX-E", "rating": 0, "rating_count": 0, "price_usd": 70.27, "interface": "PCIe x4", "ports": "1 x 10 Gbit/s", "color": "Silver / Green"}, {"name": "Syba SY-HUB24047", "rating": 0, "rating_count": 0, "price_usd": 48.95, "interface": "USB 3.0", "ports": "4 x 1000 Mbit/s", "color": "Black"}, {"name": "StarTech USB32000SPT", "rating": 0, "rating_count": 0, "price_usd": 54.14, "interface": "USB 3.0", "ports": "2 x 1000 Mbit/s", "color": null}, {"name": "Intel E1G42ETBLK", "rating": 4, "rating_count": 2, "price_usd": 39.33, "interface": "PCIe x4", "ports": "2 x 1000 Mbit/s", "color": null}, {"name": "TRENDnet TUC-ET2G", "rating": 0, "rating_count": 0, "price_usd": 34.99, "interface": "USB Type-C", "ports": "1 x 2.5 Gbit/s", "color": "Black"}, {"name": "StarTech ST10000SPEX", "rating": 0, "rating_count": 0, "price_usd": 532.92, "interface": "PCIe x4", "ports": "1 x 10 Gbit/s", "color": null}, {"name": "TP-Link UE300", "rating": 0, "rating_count": 0, "price_usd": 12.99, "interface": "USB 3.0", "ports": "1 x 1000 Mbit/s", "color": null}, {"name": "QLogic QLE3242-CU-CK", "rating": 0, "rating_count": 0, "price_usd": 114.89, "interface": "PCIe x8", "ports": "2 x 10 Gbit/s", "color": null}, {"name": "Gigabyte GC-AQC107", "rating": 4, "rating_count": 1, "price_usd": null, "interface": "PCIe x4", "ports": "1 x 10 Gbit/s", "color": "Black / White"}, {"name": "Intel E1G44ET2", "rating": 0, "rating_count": 0, "price_usd": 436.5, "interface": "PCIe x4", "ports": "4 x 1000 Mbit/s", "color": null}, {"name": "Intel X540-BT2", "rating": 0, "rating_count": 0, "price_usd": null, "interface": "PCIe x8", "ports": "2 x 10 Gbit/s", "color": null}, {"name": "Intel EXPI9301CT", "rating": 4, "rating_count": 2, "price_usd": 36.0, "interface": "PCIe x1", "ports": "1 x 1000 Mbit/s", "color": null}, {"name": "Syba SI-PEX24042", "rating": 0, "rating_count": 0, "price_usd": null, "interface": "PCIe x1", "ports": "4 x 1000 Mbit/s", "color": "Green / Black"}, {"name": "QNAP QXG-10G1T", "rating": 0, "rating_count": 0, "price_usd": 103.13, "interface": "PCIe x4", "ports": "1 x 10 Gbit/s", "color": null}, {"name": "SIIG JU-NE0621-S2", "rating": 0, "rating_count": 0, "price_usd": 13.99, "interface": "USB 3.0", "ports": "1 x 1000 Mbit/s", "color": "White"}, {"name": "TRENDnet TRENDnet TEG-10GECTX 10 Gigabit PCIe Network Adapter", "rating": 0, "rating_count": 0, "price_usd": 91.98, "interface": "PCIe x4", "ports": "1 x 10 Gbit/s", "color": "Green / Silver"}, {"name": "StarTech ST1000SPEXD2", "rating": 0, "rating_count": 0, "price_usd": 12.88, "interface": "PCIe x1", "ports": "2 x 1000 Mbit/s", "color": null}, {"name": "Rosewill RNG-407-Dual", "rating": 0, "rating_count": 0, "price_usd": 34.99, "interface": "PCIe x1", "ports": "2 x 1000 Mbit/s", "color": null}, {"name": "D-Link DUB-1312", "rating": 0, "rating_count": 0, "price_usd": 49.99, "interface": "USB 3.0", "ports": "1 x 1000 Mbit/s", "color": "Black"}, {"name": "Rosewill RC-411", "rating": 0, "rating_count": 0, "price_usd": 12.99, "interface": "PCIe x1", "ports": "1 x 1000 Mbit/s", "color": null}, {"name": "Intel E10G42BT", "rating": 0, "rating_count": 0, "price_usd": null, "interface": "PCIe x8", "ports": "2 x 10 Gbit/s", "color": null}, {"name": "Syba SY-ADA24029", "rating": 0, "rating_count": 0, "price_usd": 9.81, "interface": "USB 2.0", "ports": "1 x 1000 Mbit/s", "color": null}, {"name": "Intel X520-T2", "rating": 0, "rating_count": 0, "price_usd": null, "interface": "PCIe x8", "ports": "2 x 10 Gbit/s", "color": "Green / Black"}, {"name": "Intel EXPI9404PTL", "rating": 0, "rating_count": 0, "price_usd": null, "interface": "PCIe x4", "ports": "4 x 1000 Mbit/s", "color": null}, {"name": "Intel E1G44HT", "rating": 0, "rating_count": 0, "price_usd": 86.0, "interface": "PCIe x4", "ports": "4 x 1000 Mbit/s", "color": null}, {"name": "StarTech ST1000BT32", "rating": 5, "rating_count": 1, "price_usd": 10.99, "interface": "PCI", "ports": "1 x 1000 Mbit/s", "color": null}, {"name": "Intel EXPI9402PTG2P20", "rating": 0, "rating_count": 0, "price_usd": 79.0, "interface": "PCIe x4", "ports": "2 x 1000 Mbit/s", "color": "Green / Black"}, {"name": "Rosewill RC-NIC416Dual", "rating": 0, "rating_count": 0, "price_usd": null, "interface": "PCIe x4", "ports": "2 x 10 Gbit/s", "color": "Black / Silver"}, {"name": "Intel E1G44ET2BLK", "rating": 0, "rating_count": 0, "price_usd": 382.2, "interface": "PCIe x4", "ports": "4 x 1000 Mbit/s", "color": null}, {"name": "Lenovo 4X90E51405", "rating": 0, "rating_count": 0, "price_usd": 25.99, "interface": "USB 3.0", "ports": "1 x 1000 Mbit/s", "color": null}, {"name": "Syba SY-PEX24045", "rating": 0, "rating_count": 0, "price_usd": 78.48, "interface": "PCIe x4", "ports": "4 x 1000 Mbit/s", "color": "Green / Black"}, {"name": "StarTech ST1000SPEX2L", "rating": 0, "rating_count": 0, "price_usd": 18.98, "interface": "PCIe x1", "ports": "1 x 1000 Mbit/s", "color": null}, {"name": "Syba SY-PEX24028", "rating": 0, "rating_count": 0, "price_usd": 33.89, "interface": "PCIe x1", "ports": "2 x 1000 Mbit/s", "color": null}, {"name": "Intel X710-T2L", "rating": 0, "rating_count": 0, "price_usd": 345.62, "interface": "PCIe x8", "ports": "2 x 10 Gbit/s", "color": "Green / Black"}, {"name": "Intel EXPI9404PTLBLK-1PK", "rating": 0, "rating_count": 0, "price_usd": null, "interface": "PCIe x4", "ports": "4 x 1000 Mbit/s", "color": null}, {"name": "StarTech PEX100S", "rating": 0, "rating_count": 0, "price_usd": 18.19, "interface": "PCIe x1", "ports": "1 x 100 Mbit/s", "color": null}, {"name": "Rosewill RC-402", "rating": 0, "rating_count": 0, "price_usd": 11.05, "interface": "PCI", "ports": "1 x 100 Mbit/s", "color": null}, {"name": "StarTech USB31000SPTB", "rating": 0, "rating_count": 0, "price_usd": 33.99, "interface": "USB 3.0", "ports": "1 x 1000 Mbit/s", "color": null}, {"name": "Edimax EU-4208", "rating": 0, "rating_count": 0, "price_usd": 13.9, "interface": "USB 2.0", "ports": "1 x 100 Mbit/s", "color": null}, {"name": "EDUP EP-9602GS", "rating": 0, "rating_count": 0, "price_usd": null, "interface": "PCIe x1", "ports": "1 x 1000 Mbit/s", "color": "Black"}, {"name": "Syba SD-PEX24055", "rating": 0, "rating_count": 0, "price_usd": 89.99, "interface": "PCIe x4", "ports": "1 x 10 Gbit/s", "color": "Green / Black"}, {"name": "StarTech ST1000SPEX2", "rating": 0, "rating_count": 0, "price_usd": 18.49, "interface": "PCIe x1", "ports": "1 x 1000 Mbit/s", "color": null}, {"name": "Syba SY-PEX24056", "rating": 0, "rating_count": 0, "price_usd": 109.99, "interface": "PCIe x4", "ports": "1 x 10 Gbit/s", "color": "Green / Black"}, {"name": "StarTech USB31000NDS", "rating": 0, "rating_count": 0, "price_usd": 27.99, "interface": "USB 3.0", "ports": "1 x 1000 Mbit/s", "color": null}, {"name": "Rosewill RNG-406U", "rating": 0, "rating_count": 0, "price_usd": 19.98, "interface": "USB 3.0", "ports": "1 x 1000 Mbit/s", "color": null}, {"name": "TP-Link TG-3269", "rating": 4, "rating_count": 1, "price_usd": null, "interface": "PCI", "ports": "1 x 1000 Mbit/s", "color": null}, {"name": "Lenovo 7ZT7A00482", "rating": 0, "rating_count": 0, "price_usd": 82.2, "interface": "PCIe x1", "ports": "2 x 1000 Mbit/s", "color": "Green / Black"}, {"name": "Plugable USB3-E1000", "rating": 0, "rating_count": 0, "price_usd": 16.95, "interface": "USB 3.0", "ports": "1 x 1000 Mbit/s", "color": null}, {"name": "StarTech ST1000SPEX4", "rating": 0, "rating_count": 0, "price_usd": 284.99, "interface": "PCIe x4", "ports": "4 x 1000 Mbit/s", "color": null}, {"name": "Intel E1G42ET", "rating": 0, "rating_count": 0, "price_usd": null, "interface": "PCIe x4", "ports": "2 x 1000 Mbit/s", "color": null}, {"name": "Syba SD-PEX24009", "rating": 0, "rating_count": 0, "price_usd": 14.24, "interface": "PCIe x1", "ports": "1 x 1000 Mbit/s", "color": null}, {"name": "StarTech ST1000SPEXD3", "rating": 0, "rating_count": 0, "price_usd": 199.99, "interface": "PCIe x1", "ports": "2 x 1000 Mbit/s", "color": null}, {"name": "StarTech ST2000PEXPSE", "rating": 0, "rating_count": 0, "price_usd": 111.97, "interface": "PCIe x1", "ports": "2 x 1000 Mbit/s", "color": null}, {"name": "Syba SY-ADA24040", "rating": 0, "rating_count": 0, "price_usd": 21.99, "interface": "USB 3.0", "ports": "1 x 1000 Mbit/s", "color": null}, {"name": "Belkin B2B145-BLK", "rating": 0, "rating_count": 0, "price_usd": 23.02, "interface": "USB Type-C", "ports": "1 x 1000 Mbit/s", "color": "Black"}, {"name": "StarTech USB31000SPTW", "rating": 0, "rating_count": 0, "price_usd": 33.54, "interface": "USB 3.0", "ports": "1 x 1000 Mbit/s", "color": null}, {"name": "Linksys USB3GIG", "rating": 0, "rating_count": 0, "price_usd": 26.34, "interface": "USB 3.0", "ports": "1 x 1000 Mbit/s", "color": "Black"}, {"name": "Syba SY-PEX24030", "rating": 0, "rating_count": 0, "price_usd": 22.65, "interface": "PCIe x1", "ports": "1 x 1000 Mbit/s", "color": null}, {"name": "Supermicro AOC-STG-i2T", "rating": 0, "rating_count": 0, "price_usd": 348.03, "interface": "PCIe x8", "ports": "2 x 10 Gbit/s", "color": null}, {"name": "Syba SY-ADA24027", "rating": 0, "rating_count": 0, "price_usd": 18.95, "interface": "USB 2.0", "ports": "1 x 100 Mbit/s", "color": null}, {"name": "V7 V7UCRJ45-BLK-1N", "rating": 0, "rating_count": 0, "price_usd": 23.99, "interface": "USB Type-C", "ports": "1 x 1000 Mbit/s", "color": "Black"}, {"name": "StarTech ST100S", "rating": 0, "rating_count": 0, "price_usd": 6.99, "interface": "PCI", "ports": "1 x 100 Mbit/s", "color": null}, {"name": "SIIG CN-GP1021-S3", "rating": 0, "rating_count": 0, "price_usd": 35.49, "interface": "PCIe x1", "ports": "1 x 1000 Mbit/s", "color": null}, {"name": "Netgear GA311", "rating": 0, "rating_count": 0, "price_usd": 28.99, "interface": "PCI", "ports": "1 x 1000 Mbit/s", "color": null}, {"name": "Belkin F2CU040btBLK", "rating": 0, "rating_count": 0, "price_usd": 26.36, "interface": "USB Type-C", "ports": "1 x 1000 Mbit/s", "color": null}, {"name": "Belkin F5D5000", "rating": 0, "rating_count": 0, "price_usd": 12.45, "interface": "PCI", "ports": "1 x 100 Mbit/s", "color": null}, {"name": "Plugable USBC-E1000", "rating": 0, "rating_count": 0, "price_usd": 17.95, "interface": "USB Type-C", "ports": "1 x 1000 Mbit/s", "color": null}, {"name": "Syba SY-ADA24005", "rating": 0, "rating_count": 0, "price_usd": null, "interface": "USB 1.0", "ports": "1 x 100 Mbit/s", "color": null}, {"name": "StarTech USB31000S", "rating": 0, "rating_count": 0, "price_usd": 22.34, "interface": "USB 1.0", "ports": "1 x 1000 Mbit/s", "color": null}, {"name": "Intel EXPI9402PT", "rating": 0, "rating_count": 0, "price_usd": null, "interface": "PCIe x4", "ports": "2 x 1000 Mbit/s", "color": null}, {"name": "Intel PWLA8492MT", "rating": 0, "rating_count": 0, "price_usd": null, "interface": "PCI-X", "ports": "2 x 1000 Mbit/s", "color": null}, {"name": "D-Link DUB-E100", "rating": 0, "rating_count": 0, "price_usd": null, "interface": "USB 1.0", "ports": "1 x 100 Mbit/s", "color": null}, {"name": "Edimax EU-4306", "rating": 0, "rating_count": 0, "price_usd": 24.99, "interface": "USB 3.0", "ports": "1 x 1000 Mbit/s", "color": null}, {"name": "StarTech USB31000SW", "rating": 0, "rating_count": 0, "price_usd": 23.99, "interface": "USB 3.0", "ports": "1 x 1000 Mbit/s", "color": null}, {"name": "Syba SD-ADA24032", "rating": 0, "rating_count": 0, "price_usd": null, "interface": "USB 3.0", "ports": "1 x 1000 Mbit/s", "color": null}, {"name": "Cisco N2XX-ABPCI03-M3=", "rating": 0, "rating_count": 0, "price_usd": null, "interface": "PCIe x4", "ports": "4 x 1000 Mbit/s", "color": null}, {"name": "Syba SI-ADA24037", "rating": 0, "rating_count": 0, "price_usd": null, "interface": "USB 3.0", "ports": "1 x 1000 Mbit/s", "color": null}, {"name": "Intel EXPI9404PTLBLK", "rating": 0, "rating_count": 0, "price_usd": null, "interface": "PCIe x4", "ports": "4 x 1000 Mbit/s", "color": null}, {"name": "SIIG JU-NE0711-S1", "rating": 0, "rating_count": 0, "price_usd": 16.53, "interface": "USB 3.0", "ports": "1 x 1000 Mbit/s", "color": "Black"}, {"name": "Tripp Lite U436-000-GB", "rating": 0, "rating_count": 0, "price_usd": 29.31, "interface": "USB Type-C", "ports": "1 x 1000 Mbit/s", "color": "Black"}, {"name": "StarTech ST1000SPEX42", "rating": 0, "rating_count": 0, "price_usd": 286.95, "interface": "PCIe x4", "ports": "4 x 1000 Mbit/s", "color": null}, {"name": "TP-Link TF-3239DL", "rating": 5, "rating_count": 1, "price_usd": 46.82, "interface": "PCI", "ports": "1 x 100 Mbit/s", "color": null}, {"name": "Intel EXPI9402PTBLK-1PK", "rating": 0, "rating_count": 0, "price_usd": null, "interface": "PCIe x4", "ports": "2 x 1000 Mbit/s", "color": null}, {"name": "StarTech ST1000SPEX", "rating": 0, "rating_count": 0, "price_usd": null, "interface": "PCIe x1", "ports": "1 x 1000 Mbit/s", "color": null}, {"name": "StarTech ST1000SMPEX", "rating": 0, "rating_count": 0, "price_usd": 38.99, "interface": "Mini-PCIe", "ports": "1 x 1000 Mbit/s", "color": null}, {"name": "SIIG JU-NE0511-S1", "rating": 0, "rating_count": 0, "price_usd": null, "interface": "USB 3.0", "ports": "1 x 1000 Mbit/s", "color": null}, {"name": "SIIG CN-GP1111-S1", "rating": 0, "rating_count": 0, "price_usd": null, "interface": "PCIe x4", "ports": "2 x 1000 Mbit/s", "color": null}, {"name": "SIIG CN-GP4111-S1", "rating": 0, "rating_count": 0, "price_usd": null, "interface": "PCIe x4", "ports": "4 x 1000 Mbit/s", "color": null}, {"name": "Syba SI-MPE24043", "rating": 0, "rating_count": 0, "price_usd": 11.58, "interface": "Mini-PCIe", "ports": "1 x 1000 Mbit/s", "color": null}, {"name": "D-Link DGE-530T", "rating": 0, "rating_count": 0, "price_usd": 16.98, "interface": "PCI", "ports": "1 x 1000 Mbit/s", "color": null}, {"name": "Rosewill RC-400-LX", "rating": 0, "rating_count": 0, "price_usd": 14.99, "interface": "PCI", "ports": "1 x 1000 Mbit/s", "color": null}, {"name": "Intel PWLA8391GTBLK", "rating": 0, "rating_count": 0, "price_usd": 72.59, "interface": "PCI", "ports": "1 x 1000 Mbit/s", "color": null}, {"name": "Asus XG-C100C", "rating": 5, "rating_count": 1, "price_usd": 92.99, "interface": "PCIe x4", "ports": "1 x 10 Gbit/s", "color": null}, {"name": "D-Link DXE-820T", "rating": 0, "rating_count": 0, "price_usd": 721.28, "interface": "PCIe x8", "ports": "2 x 10 Gbit/s", "color": null}, {"name": "StarTech ST3300U3S", "rating": 0, "rating_count": 0, "price_usd": 48.79, "interface": "USB 3.0", "ports": "1 x 1000 Mbit/s", "color": null}, {"name": "StarTech USB21000S2", "rating": 0, "rating_count": 0, "price_usd": 58.79, "interface": "USB 2.0", "ports": "1 x 1000 Mbit/s", "color": null}, {"name": "Intel X550-T2", "rating": 0, "rating_count": 0, "price_usd": 323.99, "interface": "PCIe x4", "ports": "2 x 10 Gbit/s", "color": null}, {"name": "Intel EXPI9301CTBLK", "rating": 4, "rating_count": 8, "price_usd": 30.0, "interface": "PCIe x1", "ports": "1 x 1000 Mbit/s", "color": null}, {"name": "Intel E1G44HTBLK", "rating": 0, "rating_count": 0, "price_usd": 82.0, "interface": "PCIe x4", "ports": "4 x 1000 Mbit/s", "color": null}, {"name": "Edimax EN-9320TX-E", "rating": 0, "rating_count": 0, "price_usd": 70.27, "interface": "PCIe x4", "ports": "1 x 10 Gbit/s", "color": "Silver / Green"}, {"name": "Syba SY-HUB24047", "rating": 0, "rating_count": 0, "price_usd": 48.95, "interface": "USB 3.0", "ports": "4 x 1000 Mbit/s", "color": "Black"}, {"name": "StarTech USB32000SPT", "rating": 0, "rating_count": 0, "price_usd": 54.14, "interface": "USB 3.0", "ports": "2 x 1000 Mbit/s", "color": null}, {"name": "Intel E1G42ETBLK", "rating": 4, "rating_count": 2, "price_usd": 39.33, "interface": "PCIe x4", "ports": "2 x 1000 Mbit/s", "color": null}, {"name": "TRENDnet TUC-ET2G", "rating": 0, "rating_count": 0, "price_usd": 34.99, "interface": "USB Type-C", "ports": "1 x 2.5 Gbit/s", "color": "Black"}, {"name": "StarTech ST10000SPEX", "rating": 0, "rating_count": 0, "price_usd": 532.92, "interface": "PCIe x4", "ports": "1 x 10 Gbit/s", "color": null}, {"name": "TP-Link UE300", "rating": 0, "rating_count": 0, "price_usd": 12.99, "interface": "USB 3.0", "ports": "1 x 1000 Mbit/s", "color": null}, {"name": "QLogic QLE3242-CU-CK", "rating": 0, "rating_count": 0, "price_usd": 114.89, "interface": "PCIe x8", "ports": "2 x 10 Gbit/s", "color": null}, {"name": "Gigabyte GC-AQC107", "rating": 4, "rating_count": 1, "price_usd": null, "interface": "PCIe x4", "ports": "1 x 10 Gbit/s", "color": "Black / White"}, {"name": "Intel E1G44ET2", "rating": 0, "rating_count": 0, "price_usd": 436.5, "interface": "PCIe x4", "ports": "4 x 1000 Mbit/s", "color": null}, {"name": "Intel X540-BT2", "rating": 0, "rating_count": 0, "price_usd": null, "interface": "PCIe x8", "ports": "2 x 10 Gbit/s", "color": null}, {"name": "Intel EXPI9301CT", "rating": 4, "rating_count": 2, "price_usd": 36.0, "interface": "PCIe x1", "ports": "1 x 1000 Mbit/s", "color": null}, {"name": "Syba SI-PEX24042", "rating": 0, "rating_count": 0, "price_usd": null, "interface": "PCIe x1", "ports": "4 x 1000 Mbit/s", "color": "Green / Black"}, {"name": "QNAP QXG-10G1T", "rating": 0, "rating_count": 0, "price_usd": 103.13, "interface": "PCIe x4", "ports": "1 x 10 Gbit/s", "color": null}, {"name": "SIIG JU-NE0621-S2", "rating": 0, "rating_count": 0, "price_usd": 13.99, "interface": "USB 3.0", "ports": "1 x 1000 Mbit/s", "color": "White"}, {"name": "TRENDnet TRENDnet TEG-10GECTX 10 Gigabit PCIe Network Adapter", "rating": 0, "rating_count": 0, "price_usd": 91.98, "interface": "PCIe x4", "ports": "1 x 10 Gbit/s", "color": "Green / Silver"}, {"name": "StarTech ST1000SPEXD2", "rating": 0, "rating_count": 0, "price_usd": 12.88, "interface": "PCIe x1", "ports": "2 x 1000 Mbit/s", "color": null}, {"name": "Rosewill RNG-407-Dual", "rating": 0, "rating_count": 0, "price_usd": 34.99, "interface": "PCIe x1", "ports": "2 x 1000 Mbit/s", "color": null}, {"name": "D-Link DUB-1312", "rating": 0, "rating_count": 0, "price_usd": 49.99, "interface": "USB 3.0", "ports": "1 x 1000 Mbit/s", "color": "Black"}, {"name": "Rosewill RC-411", "rating": 0, "rating_count": 0, "price_usd": 12.99, "interface": "PCIe x1", "ports": "1 x 1000 Mbit/s", "color": null}, {"name": "Intel E10G42BT", "rating": 0, "rating_count": 0, "price_usd": null, "interface": "PCIe x8", "ports": "2 x 10 Gbit/s", "color": null}, {"name": "Syba SY-ADA24029", "rating": 0, "rating_count": 0, "price_usd": 9.81, "interface": "USB 2.0", "ports": "1 x 1000 Mbit/s", "color": null}, {"name": "Intel X520-T2", "rating": 0, "rating_count": 0, "price_usd": null, "interface": "PCIe x8", "ports": "2 x 10 Gbit/s", "color": "Green / Black"}, {"name": "Intel EXPI9404PTL", "rating": 0, "rating_count": 0, "price_usd": null, "interface": "PCIe x4", "ports": "4 x 1000 Mbit/s", "color": null}, {"name": "Intel E1G44HT", "rating": 0, "rating_count": 0, "price_usd": 86.0, "interface": "PCIe x4", "ports": "4 x 1000 Mbit/s", "color": null}, {"name": "StarTech ST1000BT32", "rating": 5, "rating_count": 1, "price_usd": 10.99, "interface": "PCI", "ports": "1 x 1000 Mbit/s", "color": null}, {"name": "Intel EXPI9402PTG2P20", "rating": 0, "rating_count": 0, "price_usd": 79.0, "interface": "PCIe x4", "ports": "2 x 1000 Mbit/s", "color": "Green / Black"}, {"name": "Rosewill RC-NIC416Dual", "rating": 0, "rating_count": 0, "price_usd": null, "interface": "PCIe x4", "ports": "2 x 10 Gbit/s", "color": "Black / Silver"}, {"name": "Intel E1G44ET2BLK", "rating": 0, "rating_count": 0, "price_usd": 382.2, "interface": "PCIe x4", "ports": "4 x 1000 Mbit/s", "color": null}, {"name": "Lenovo 4X90E51405", "rating": 0, "rating_count": 0, "price_usd": 25.99, "interface": "USB 3.0", "ports": "1 x 1000 Mbit/s", "color": null}, {"name": "Syba SY-PEX24045", "rating": 0, "rating_count": 0, "price_usd": 78.48, "interface": "PCIe x4", "ports": "4 x 1000 Mbit/s", "color": "Green / Black"}, {"name": "StarTech ST1000SPEX2L", "rating": 0, "rating_count": 0, "price_usd": 18.98, "interface": "PCIe x1", "ports": "1 x 1000 Mbit/s", "color": null}, {"name": "Syba SY-PEX24028", "rating": 0, "rating_count": 0, "price_usd": 33.89, "interface": "PCIe x1", "ports": "2 x 1000 Mbit/s", "color": null}, {"name": "Intel X710-T2L", "rating": 0, "rating_count": 0, "price_usd": 345.62, "interface": "PCIe x8", "ports": "2 x 10 Gbit/s", "color": "Green / Black"}, {"name": "Intel EXPI9404PTLBLK-1PK", "rating": 0, "rating_count": 0, "price_usd": null, "interface": "PCIe x4", "ports": "4 x 1000 Mbit/s", "color": null}, {"name": "StarTech PEX100S", "rating": 0, "rating_count": 0, "price_usd": 18.19, "interface": "PCIe x1", "ports": "1 x 100 Mbit/s", "color": null}, {"name": "Rosewill RC-402", "rating": 0, "rating_count": 0, "price_usd": 11.05, "interface": "PCI", "ports": "1 x 100 Mbit/s", "color": null}, {"name": "StarTech USB31000SPTB", "rating": 0, "rating_count": 0, "price_usd": 33.99, "interface": "USB 3.0", "ports": "1 x 1000 Mbit/s", "color": null}, {"name": "Edimax EU-4208", "rating": 0, "rating_count": 0, "price_usd": 13.9, "interface": "USB 2.0", "ports": "1 x 100 Mbit/s", "color": null}, {"name": "EDUP EP-9602GS", "rating": 0, "rating_count": 0, "price_usd": null, "interface": "PCIe x1", "ports": "1 x 1000 Mbit/s", "color": "Black"}, {"name": "Syba SD-PEX24055", "rating": 0, "rating_count": 0, "price_usd": 89.99, "interface": "PCIe x4", "ports": "1 x 10 Gbit/s", "color": "Green / Black"}, {"name": "StarTech ST1000SPEX2", "rating": 0, "rating_count": 0, "price_usd": 18.49, "interface": "PCIe x1", "ports": "1 x 1000 Mbit/s", "color": null}, {"name": "Syba SY-PEX24056", "rating": 0, "rating_count": 0, "price_usd": 109.99, "interface": "PCIe x4", "ports": "1 x 10 Gbit/s", "color": "Green / Black"}, {"name": "StarTech USB31000NDS", "rating": 0, "rating_count": 0, "price_usd": 27.99, "interface": "USB 3.0", "ports": "1 x 1000 Mbit/s", "color": null}, {"name": "Rosewill RNG-406U", "rating": 0, "rating_count": 0, "price_usd": 19.98, "interface": "USB 3.0", "ports": "1 x 1000 Mbit/s", "color": null}, {"name": "TP-Link TG-3269", "rating": 4, "rating_count": 1, "price_usd": null, "interface": "PCI", "ports": "1 x 1000 Mbit/s", "color": null}, {"name": "Lenovo 7ZT7A00482", "rating": 0, "rating_count": 0, "price_usd": 82.2, "interface": "PCIe x1", "ports": "2 x 1000 Mbit/s", "color": "Green / Black"}, {"name": "Plugable USB3-E1000", "rating": 0, "rating_count": 0, "price_usd": 16.95, "interface": "USB 3.0", "ports": "1 x 1000 Mbit/s", "color": null}, {"name": "StarTech ST1000SPEX4", "rating": 0, "rating_count": 0, "price_usd": 284.99, "interface": "PCIe x4", "ports": "4 x 1000 Mbit/s", "color": null}, {"name": "Intel E1G42ET", "rating": 0, "rating_count": 0, "price_usd": null, "interface": "PCIe x4", "ports": "2 x 1000 Mbit/s", "color": null}, {"name": "Syba SD-PEX24009", "rating": 0, "rating_count": 0, "price_usd": 14.24, "interface": "PCIe x1", "ports": "1 x 1000 Mbit/s", "color": null}, {"name": "StarTech ST1000SPEXD3", "rating": 0, "rating_count": 0, "price_usd": 199.99, "interface": "PCIe x1", "ports": "2 x 1000 Mbit/s", "color": null}, {"name": "StarTech ST2000PEXPSE", "rating": 0, "rating_count": 0, "price_usd": 111.97, "interface": "PCIe x1", "ports": "2 x 1000 Mbit/s", "color": null}, {"name": "Syba SY-ADA24040", "rating": 0, "rating_count": 0, "price_usd": 21.99, "interface": "USB 3.0", "ports": "1 x 1000 Mbit/s", "color": null}, {"name": "Belkin B2B145-BLK", "rating": 0, "rating_count": 0, "price_usd": 23.02, "interface": "USB Type-C", "ports": "1 x 1000 Mbit/s", "color": "Black"}, {"name": "StarTech USB31000SPTW", "rating": 0, "rating_count": 0, "price_usd": 33.54, "interface": "USB 3.0", "ports": "1 x 1000 Mbit/s", "color": null}, {"name": "Linksys USB3GIG", "rating": 0, "rating_count": 0, "price_usd": 26.34, "interface": "USB 3.0", "ports": "1 x 1000 Mbit/s", "color": "Black"}, {"name": "Syba SY-PEX24030", "rating": 0, "rating_count": 0, "price_usd": 22.65, "interface": "PCIe x1", "ports": "1 x 1000 Mbit/s", "color": null}, {"name": "Supermicro AOC-STG-i2T", "rating": 0, "rating_count": 0, "price_usd": 348.03, "interface": "PCIe x8", "ports": "2 x 10 Gbit/s", "color": null}, {"name": "Syba SY-ADA24027", "rating": 0, "rating_count": 0, "price_usd": 18.95, "interface": "USB 2.0", "ports": "1 x 100 Mbit/s", "color": null}, {"name": "V7 V7UCRJ45-BLK-1N", "rating": 0, "rating_count": 0, "price_usd": 23.99, "interface": "USB Type-C", "ports": "1 x 1000 Mbit/s", "color": "Black"}, {"name": "StarTech ST100S", "rating": 0, "rating_count": 0, "price_usd": 6.99, "interface": "PCI", "ports": "1 x 100 Mbit/s", "color": null}, {"name": "SIIG CN-GP1021-S3", "rating": 0, "rating_count": 0, "price_usd": 35.49, "interface": "PCIe x1", "ports": "1 x 1000 Mbit/s", "color": null}, {"name": "Netgear GA311", "rating": 0, "rating_count": 0, "price_usd": 28.99, "interface": "PCI", "ports": "1 x 1000 Mbit/s", "color": null}, {"name": "Belkin F2CU040btBLK", "rating": 0, "rating_count": 0, "price_usd": 26.36, "interface": "USB Type-C", "ports": "1 x 1000 Mbit/s", "color": null}, {"name": "Belkin F5D5000", "rating": 0, "rating_count": 0, "price_usd": 12.45, "interface": "PCI", "ports": "1 x 100 Mbit/s", "color": null}, {"name": "Plugable USBC-E1000", "rating": 0, "rating_count": 0, "price_usd": 17.95, "interface": "USB Type-C", "ports": "1 x 1000 Mbit/s", "color": null}, {"name": "Syba SY-ADA24005", "rating": 0, "rating_count": 0, "price_usd": null, "interface": "USB 1.0", "ports": "1 x 100 Mbit/s", "color": null}, {"name": "StarTech USB31000S", "rating": 0, "rating_count": 0, "price_usd": 22.34, "interface": "USB 1.0", "ports": "1 x 1000 Mbit/s", "color": null}, {"name": "Intel EXPI9402PT", "rating": 0, "rating_count": 0, "price_usd": null, "interface": "PCIe x4", "ports": "2 x 1000 Mbit/s", "color": null}, {"name": "Intel PWLA8492MT", "rating": 0, "rating_count": 0, "price_usd": null, "interface": "PCI-X", "ports": "2 x 1000 Mbit/s", "color": null}, {"name": "D-Link DUB-E100", "rating": 0, "rating_count": 0, "price_usd": null, "interface": "USB 1.0", "ports": "1 x 100 Mbit/s", "color": null}, {"name": "Edimax EU-4306", "rating": 0, "rating_count": 0, "price_usd": 24.99, "interface": "USB 3.0", "ports": "1 x 1000 Mbit/s", "color": null}, {"name": "StarTech USB31000SW", "rating": 0, "rating_count": 0, "price_usd": 23.99, "interface": "USB 3.0", "ports": "1 x 1000 Mbit/s", "color": null}, {"name": "Syba SD-ADA24032", "rating": 0, "rating_count": 0, "price_usd": null, "interface": "USB 3.0", "ports": "1 x 1000 Mbit/s", "color": null}, {"name": "Cisco N2XX-ABPCI03-M3=", "rating": 0, "rating_count": 0, "price_usd": null, "interface": "PCIe x4", "ports": "4 x 1000 Mbit/s", "color": null}, {"name": "Syba SI-ADA24037", "rating": 0, "rating_count": 0, "price_usd": null, "interface": "USB 3.0", "ports": "1 x 1000 Mbit/s", "color": null}, {"name": "Intel EXPI9404PTLBLK", "rating": 0, "rating_count": 0, "price_usd": null, "interface": "PCIe x4", "ports": "4 x 1000 Mbit/s", "color": null}, {"name": "SIIG JU-NE0711-S1", "rating": 0, "rating_count": 0, "price_usd": 16.53, "interface": "USB 3.0", "ports": "1 x 1000 Mbit/s", "color": "Black"}, {"name": "Tripp Lite U436-000-GB", "rating": 0, "rating_count": 0, "price_usd": 29.31, "interface": "USB Type-C", "ports": "1 x 1000 Mbit/s", "color": "Black"}, {"name": "StarTech ST1000SPEX42", "rating": 0, "rating_count": 0, "price_usd": 286.95, "interface": "PCIe x4", "ports": "4 x 1000 Mbit/s", "color": null}, {"name": "TP-Link TF-3239DL", "rating": 5, "rating_count": 1, "price_usd": 46.82, "interface": "PCI", "ports": "1 x 100 Mbit/s", "color": null}, {"name": "Intel EXPI9402PTBLK-1PK", "rating": 0, "rating_count": 0, "price_usd": null, "interface": "PCIe x4", "ports": "2 x 1000 Mbit/s", "color": null}, {"name": "StarTech ST1000SPEX", "rating": 0, "rating_count": 0, "price_usd": null, "interface": "PCIe x1", "ports": "1 x 1000 Mbit/s", "color": null}, {"name": "StarTech ST1000SMPEX", "rating": 0, "rating_count": 0, "price_usd": 38.99, "interface": "Mini-PCIe", "ports": "1 x 1000 Mbit/s", "color": null}, {"name": "SIIG JU-NE0511-S1", "rating": 0, "rating_count": 0, "price_usd": null, "interface": "USB 3.0", "ports": "1 x 1000 Mbit/s", "color": null}, {"name": "SIIG CN-GP1111-S1", "rating": 0, "rating_count": 0, "price_usd": null, "interface": "PCIe x4", "ports": "2 x 1000 Mbit/s", "color": null}, {"name": "SIIG CN-GP4111-S1", "rating": 0, "rating_count": 0, "price_usd": null, "interface": "PCIe x4", "ports": "4 x 1000 Mbit/s", "color": null}, {"name": "Syba SI-MPE24043", "rating": 0, "rating_count": 0, "price_usd": 11.58, "interface": "Mini-PCIe", "ports": "1 x 1000 Mbit/s", "color": null}, {"name": "D-Link DGE-530T", "rating": 0, "rating_count": 0, "price_usd": 16.98, "interface": "PCI", "ports": "1 x 1000 Mbit/s", "color": null}, {"name": "Rosewill RC-400-LX", "rating": 0, "rating_count": 0, "price_usd": 14.99, "interface": "PCI", "ports": "1 x 1000 Mbit/s", "color": null}, {"name": "Intel PWLA8391GTBLK", "rating": 0, "rating_count": 0, "price_usd": 72.59, "interface": "PCI", "ports": "1 x 1000 Mbit/s", "color": null}]